text	category	star_rating	sentiment	template	action
We booked what was marketed as luxury but clearly was not and the resort amenities was overpriced and underwhelming.	Travel & Vacation	1	negative	We booked {qualifier} and the {aspect} {action}.	was overpriced and underwhelming
I subscribed for the climate change coverage and the anthology was riddled with errors and typos.	Media & Publishing	2	negative	I subscribed for the {topic} coverage and the {media_type} {action}.	was riddled with errors and typos
The online journal had some interesting parts but dragged. The price-to-value ratio is fair.	Media & Publishing	3	neutral	The {media_type} {action}. {qualifier}.	had some interesting parts but dragged
Overall the flight experience left us stranded without help. The most expensive package but it was not worth it.	Travel & Vacation	1	negative	Overall the {aspect} {action}. {qualifier}.	left us stranded without help
I visited a seaside resort in Bali and the spa treatment fell far below expectations.	Travel & Vacation	2	negative	I visited {location} and the {aspect} {action}.	fell far below expectations
The customer service at a boutique hotel in Paris was acceptable but unremarkable. Some things were good and others less so.	Travel & Vacation	3	neutral	The {aspect} at {location} {action}. {detail}.	was acceptable but unremarkable
Overall the pool area was overpriced and underwhelming. A mid-range option after comparing prices.	Travel & Vacation	2	negative	Overall the {aspect} {action}. {qualifier}.	was overpriced and underwhelming
The editorial quality of the podcast transcript was riddled with errors and typos. Read it if you have nothing else on your list.	Media & Publishing	1	negative	The editorial quality of the {media_type} {action}. {recommendation}.	was riddled with errors and typos
We booked through a trusted travel agent and the room service felt like a dream come true.	Travel & Vacation	4	positive	We booked {qualifier} and the {aspect} {action}.	felt like a dream come true
The airport transfer at a cruise ship in the Caribbean made the whole trip worthwhile. Everything was exactly as advertised.	Travel & Vacation	4	positive	The {aspect} at {location} {action}. {detail}.	made the whole trip worthwhile
The digital edition was the worst publication I have read. Seasoned readers will find it painfully lacking.	Media & Publishing	1	negative	The {media_type} {action}. {qualifier}.	was the worst publication I have read
I visited an all-inclusive in Cancun and the beach access exceeded all my expectations.	Travel & Vacation	5	positive	I visited {location} and the {aspect} {action}.	exceeded all my expectations
The digital edition had zero editorial quality. There are much better alternatives available.	Media & Publishing	1	negative	The {media_type} {action}. {qualifier}.	had zero editorial quality
After five nights at a city hotel in Tokyo, I can say the flight experience was acceptable but unremarkable.	Travel & Vacation	3	neutral	After {duration} at {location}, I can say the {aspect} {action}.	was acceptable but unremarkable
For a adventure trip, the room service provided outstanding service.	Travel & Vacation	4	positive	For a {trip_type} trip, the {aspect} {action}.	provided outstanding service
As a regular subscriber, I think this newsletter was clickbait with no real substance.	Media & Publishing	1	negative	As a {reader_type}, I think this {media_type} {action}.	was clickbait with no real substance
Compared to other places, the spa treatment here felt like a dream come true. Highly recommend for families.	Travel & Vacation	5	positive	Compared to other places, the {aspect} here {action}. {recommendation}.	felt like a dream come true
Compared to other places, the hotel room here was spotless and well-maintained. It depends on what you are looking for.	Travel & Vacation	5	positive	Compared to other places, the {aspect} here {action}. {recommendation}.	was spotless and well-maintained
The check-in process was average overall, which really shaped our budget experience.	Travel & Vacation	3	neutral	The {aspect} {action}, which really shaped our {trip_type} experience.	was average overall
The newsletter offered fresh and insightful content. I learned a lot from the featured interviews.	Media & Publishing	5	positive	The {media_type} {action}. {detail}.	offered fresh and insightful content
During our stay, the breakfast buffet was a truly memorable experience. Already planning our next visit.	Travel & Vacation	4	positive	During our stay, the {aspect} {action}. {recommendation}.	was a truly memorable experience
The beach access felt like a dream come true. Some things were good and others less so.	Travel & Vacation	5	positive	The {aspect} {action}. {detail}.	felt like a dream come true
We booked a last-minute deal online and the flight experience met basic expectations.	Travel & Vacation	3	neutral	We booked {qualifier} and the {aspect} {action}.	met basic expectations
The flight experience was beautifully organized, which really shaped our solo experience.	Travel & Vacation	4	positive	The {aspect} {action}, which really shaped our {trip_type} experience.	was beautifully organized
After reading the newsletter on space exploration, I found it covered the basics adequately. The writing was serviceable but not memorable.	Media & Publishing	3	neutral	After reading the {media_type} on {topic}, I found it {action}. {detail}.	covered the basics adequately
This weekly digest about global economics was beautifully written and polished. I have already recommended it to friends.	Media & Publishing	4	positive	This {media_type} about {topic} {action}. {recommendation}.	was beautifully written and polished
The newsletter was beautifully written and polished. I learned a lot from the featured interviews.	Media & Publishing	5	positive	The {media_type} {action}. {detail}.	was beautifully written and polished
The pool area at a seaside resort in Bali was overpriced and underwhelming. There were both highs and lows during our stay.	Travel & Vacation	1	negative	The {aspect} at {location} {action}. {detail}.	was overpriced and underwhelming
I subscribed for the artificial intelligence coverage and the weekly digest was an engaging and captivating read.	Media & Publishing	5	positive	I subscribed for the {topic} coverage and the {media_type} {action}.	was an engaging and captivating read
I visited a mountain lodge in the Alps and the spa treatment met basic expectations.	Travel & Vacation	3	neutral	I visited {location} and the {aspect} {action}.	met basic expectations
The editorial quality of the podcast transcript delivered exceptional storytelling. Worth subscribing just for this.	Media & Publishing	4	positive	The editorial quality of the {media_type} {action}. {recommendation}.	delivered exceptional storytelling
As a long-time fan of the genre, I think this podcast transcript was beautifully written and polished.	Media & Publishing	4	positive	As a {reader_type}, I think this {media_type} {action}.	was beautifully written and polished
I subscribed for the global economics coverage and the digital edition kept me hooked from start to finish.	Media & Publishing	4	positive	I subscribed for the {topic} coverage and the {media_type} {action}.	kept me hooked from start to finish
I picked up weekly digest by an independent journalist and it offered fresh and insightful content.	Media & Publishing	4	positive	I picked up {media_type} by {creator} and it {action}.	offered fresh and insightful content
We booked a last-minute deal online and the beach access ruined the entire vacation.	Travel & Vacation	1	negative	We booked {qualifier} and the {aspect} {action}.	ruined the entire vacation
For anyone interested in space exploration, this weekly digest was clickbait with no real substance.	Media & Publishing	1	negative	For anyone interested in {topic}, this {media_type} {action}.	was clickbait with no real substance
The editorial quality of the digital edition neither impressed nor disappointed me. Take it or leave it.	Media & Publishing	3	neutral	The editorial quality of the {media_type} {action}. {recommendation}.	neither impressed nor disappointed me
Overall the flight experience was a complete disappointment. Whatever was available on short notice.	Travel & Vacation	2	negative	Overall the {aspect} {action}. {qualifier}.	was a complete disappointment
This anthology about global economics was forgettable but not terrible. Decent enough to skim on a lazy afternoon.	Media & Publishing	3	neutral	This {media_type} about {topic} {action}. {recommendation}.	was forgettable but not terrible
Compared to other places, the customer service here was absolutely wonderful. Great for couples looking for a getaway.	Travel & Vacation	4	positive	Compared to other places, the {aspect} here {action}. {recommendation}.	was absolutely wonderful
The latest digital edition from a major publishing house was a standard read with no surprises.	Media & Publishing	3	neutral	The latest {media_type} from {publisher} {action}.	was a standard read with no surprises
This podcast transcript about climate change was an engaging and captivating read. Only useful as a doorstop.	Media & Publishing	5	positive	This {media_type} about {topic} {action}. {recommendation}.	was an engaging and captivating read
After three days at a boutique hotel in Paris, I can say the room service was acceptable but unremarkable.	Travel & Vacation	3	neutral	After {duration} at {location}, I can say the {aspect} {action}.	was acceptable but unremarkable
For a solo trip, the room service was a complete disappointment.	Travel & Vacation	1	negative	For a {trip_type} trip, the {aspect} {action}.	was a complete disappointment
I visited a countryside B&B in Tuscany and the pool area was spotless and well-maintained.	Travel & Vacation	5	positive	I visited {location} and the {aspect} {action}.	was spotless and well-maintained
The tour guide was the worst I have ever seen, which really shaped our romantic experience.	Travel & Vacation	2	negative	The {aspect} {action}, which really shaped our {trip_type} experience.	was the worst I have ever seen
The quarterly review offered fresh and insightful content. Every paragraph added something new.	Media & Publishing	4	positive	The {media_type} {action}. {detail}.	offered fresh and insightful content
I visited a boutique hotel in Paris and the spa treatment was a complete disappointment.	Travel & Vacation	2	negative	I visited {location} and the {aspect} {action}.	was a complete disappointment
During our stay, the customer service was a truly memorable experience. Highly recommend for families.	Travel & Vacation	5	positive	During our stay, the {aspect} {action}. {recommendation}.	was a truly memorable experience
The beach access left us stranded without help. The photos online were misleading.	Travel & Vacation	2	negative	The {aspect} {action}. {detail}.	left us stranded without help
After a full week at a boutique hotel in Paris, I can say the check-in process was average overall.	Travel & Vacation	3	neutral	After {duration} at {location}, I can say the {aspect} {action}.	was average overall
This digital edition about cultural history kept me hooked from start to finish. Worth subscribing just for this.	Media & Publishing	5	positive	This {media_type} about {topic} {action}. {recommendation}.	kept me hooked from start to finish
Overall the spa treatment was absolutely wonderful. A package deal for our anniversary and it delivered.	Travel & Vacation	4	positive	Overall the {aspect} {action}. {qualifier}.	was absolutely wonderful
I visited a mountain lodge in the Alps and the check-in process was average overall.	Travel & Vacation	3	neutral	I visited {location} and the {aspect} {action}.	was average overall
The check-in process provided outstanding service. There were both highs and lows during our stay.	Travel & Vacation	4	positive	The {aspect} {action}. {detail}.	provided outstanding service
The check-in process was spotless and well-maintained. It did the job but nothing stood out.	Travel & Vacation	5	positive	The {aspect} {action}. {detail}.	was spotless and well-maintained
As a regular subscriber, I think this newspaper was the worst publication I have read.	Media & Publishing	1	negative	As a {reader_type}, I think this {media_type} {action}.	was the worst publication I have read
During our stay, the check-in process was the worst I have ever seen. Skip this one and try somewhere else.	Travel & Vacation	1	negative	During our stay, the {aspect} {action}. {recommendation}.	was the worst I have ever seen
For a family trip, the spa treatment was dirty and poorly maintained.	Travel & Vacation	2	negative	For a {trip_type} trip, the {aspect} {action}.	was dirty and poorly maintained
During our stay, the airport transfer was a truly memorable experience. Worth every penny for the experience.	Travel & Vacation	5	positive	During our stay, the {aspect} {action}. {recommendation}.	was a truly memorable experience
We booked a last-minute deal online and the airport transfer was overpriced and underwhelming.	Travel & Vacation	2	negative	We booked {qualifier} and the {aspect} {action}.	was overpriced and underwhelming
The latest newsletter from a well-established media group neither impressed nor disappointed me.	Media & Publishing	3	neutral	The latest {media_type} from {publisher} {action}.	neither impressed nor disappointed me
I picked up quarterly review by the editorial board and it was misleading and full of bias.	Media & Publishing	1	negative	I picked up {media_type} by {creator} and it {action}.	was misleading and full of bias
We booked the cheapest option and it showed and the flight experience was dirty and poorly maintained.	Travel & Vacation	1	negative	We booked {qualifier} and the {aspect} {action}.	was dirty and poorly maintained
The podcast transcript was beautifully written and polished. It is a solid choice for beginners.	Media & Publishing	5	positive	The {media_type} {action}. {qualifier}.	was beautifully written and polished
During our stay, the flight experience was nothing special. It depends on what you are looking for.	Travel & Vacation	3	neutral	During our stay, the {aspect} {action}. {recommendation}.	was nothing special
After a weekend at a boutique hotel in Paris, I can say the flight experience was decent for the price.	Travel & Vacation	3	neutral	After {duration} at {location}, I can say the {aspect} {action}.	was decent for the price
We booked whatever was available on short notice and the breakfast buffet was nothing special.	Travel & Vacation	3	neutral	We booked {qualifier} and the {aspect} {action}.	was nothing special
During our stay, the customer service was a complete disappointment. There are comparable options in the area.	Travel & Vacation	2	negative	During our stay, the {aspect} {action}. {recommendation}.	was a complete disappointment
During our stay, the airport transfer was a complete disappointment. I would not recommend this to anyone.	Travel & Vacation	2	negative	During our stay, the {aspect} {action}. {recommendation}.	was a complete disappointment
The online journal kept me hooked from start to finish. The price-to-value ratio is fair.	Media & Publishing	5	positive	The {media_type} {action}. {qualifier}.	kept me hooked from start to finish
For anyone interested in cultural history, this digital edition wasted my time completely.	Media & Publishing	1	negative	For anyone interested in {topic}, this {media_type} {action}.	wasted my time completely
During our stay, the beach access met basic expectations. Might work for a short stay.	Travel & Vacation	3	neutral	During our stay, the {aspect} {action}. {recommendation}.	met basic expectations
The editorial quality of the magazine was a standout piece of journalism. Avoid unless you enjoy being frustrated.	Media & Publishing	4	positive	The editorial quality of the {media_type} {action}. {recommendation}.	was a standout piece of journalism
The airport transfer at a safari camp in Kenya was a truly memorable experience. The whole place felt neglected.	Travel & Vacation	4	positive	The {aspect} at {location} {action}. {detail}.	was a truly memorable experience
As a casual reader, I think this digital edition was misleading and full of bias.	Media & Publishing	2	negative	As a {reader_type}, I think this {media_type} {action}.	was misleading and full of bias
For anyone interested in climate change, this online journal had some interesting parts but dragged.	Media & Publishing	3	neutral	For anyone interested in {topic}, this {media_type} {action}.	had some interesting parts but dragged
After reading the newsletter on technology trends, I found it was riddled with errors and typos. Some sections were stronger than others.	Media & Publishing	2	negative	After reading the {media_type} on {topic}, I found it {action}. {detail}.	was riddled with errors and typos
The newspaper was riddled with errors and typos. There was nothing in it I had not read before.	Media & Publishing	1	negative	The {media_type} {action}. {detail}.	was riddled with errors and typos
The special report was misleading and full of bias. It read like an advertisement rather than journalism.	Media & Publishing	1	negative	The {media_type} {action}. {detail}.	was misleading and full of bias
The special report wasted my time completely. The writing was serviceable but not memorable.	Media & Publishing	1	negative	The {media_type} {action}. {detail}.	wasted my time completely
After three days at a safari camp in Kenya, I can say the check-in process was a truly memorable experience.	Travel & Vacation	5	positive	After {duration} at {location}, I can say the {aspect} {action}.	was a truly memorable experience
The newsletter felt lazy and poorly researched. It read like an advertisement rather than journalism.	Media & Publishing	1	negative	The {media_type} {action}. {detail}.	felt lazy and poorly researched
For anyone interested in space exploration, this weekly digest was clickbait with no real substance.	Media & Publishing	2	negative	For anyone interested in {topic}, this {media_type} {action}.	was clickbait with no real substance
After reading the weekly digest on health and wellness, I found it had zero editorial quality. The writing quality was surprisingly poor.	Media & Publishing	2	negative	After reading the {media_type} on {topic}, I found it {action}. {detail}.	had zero editorial quality
After reading the newspaper on global economics, I found it delivered exceptional storytelling. It covered familiar ground competently.	Media & Publishing	4	positive	After reading the {media_type} on {topic}, I found it {action}. {detail}.	delivered exceptional storytelling
The podcast transcript offered fresh and insightful content. It fills a gap in the market.	Media & Publishing	5	positive	The {media_type} {action}. {qualifier}.	offered fresh and insightful content
The beach access at an all-inclusive in Cancun was overpriced and underwhelming. There were several issues during our stay.	Travel & Vacation	1	negative	The {aspect} at {location} {action}. {detail}.	was overpriced and underwhelming
I subscribed for the health and wellness coverage and the special report was clickbait with no real substance.	Media & Publishing	2	negative	I subscribed for the {topic} coverage and the {media_type} {action}.	was clickbait with no real substance
After reading the newspaper on artificial intelligence, I found it delivered exceptional storytelling. The writing quality was surprisingly poor.	Media & Publishing	5	positive	After reading the {media_type} on {topic}, I found it {action}. {detail}.	delivered exceptional storytelling
As a casual reader, I think this magazine was an engaging and captivating read.	Media & Publishing	5	positive	As a {reader_type}, I think this {media_type} {action}.	was an engaging and captivating read
Compared to other places, the pool area here fell far below expectations. Skip this one and try somewhere else.	Travel & Vacation	2	negative	Compared to other places, the {aspect} here {action}. {recommendation}.	fell far below expectations
I picked up anthology by an independent journalist and it had some interesting parts but dragged.	Media & Publishing	3	neutral	I picked up {media_type} by {creator} and it {action}.	had some interesting parts but dragged
For a business trip, the tour guide fell far below expectations.	Travel & Vacation	1	negative	For a {trip_type} trip, the {aspect} {action}.	fell far below expectations
For anyone interested in cultural history, this newsletter was forgettable but not terrible.	Media & Publishing	3	neutral	For anyone interested in {topic}, this {media_type} {action}.	was forgettable but not terrible
Compared to other places, the airport transfer here ruined the entire vacation. Skip this one and try somewhere else.	Travel & Vacation	1	negative	Compared to other places, the {aspect} here {action}. {recommendation}.	ruined the entire vacation
We booked a package deal for our anniversary and it delivered and the room service provided outstanding service.	Travel & Vacation	5	positive	We booked {qualifier} and the {aspect} {action}.	provided outstanding service
The weekly digest was the worst publication I have read. It had a few interesting points buried in filler.	Media & Publishing	1	negative	The {media_type} {action}. {detail}.	was the worst publication I have read
For a adventure trip, the breakfast buffet met basic expectations.	Travel & Vacation	3	neutral	For a {trip_type} trip, the {aspect} {action}.	met basic expectations
For a adventure trip, the tour guide was spotless and well-maintained.	Travel & Vacation	5	positive	For a {trip_type} trip, the {aspect} {action}.	was spotless and well-maintained
Compared to other places, the check-in process here ruined the entire vacation. Save your money and look elsewhere.	Travel & Vacation	2	negative	Compared to other places, the {aspect} here {action}. {recommendation}.	ruined the entire vacation
After a full week at a countryside B&B in Tuscany, I can say the room service was acceptable but unremarkable.	Travel & Vacation	3	neutral	After {duration} at {location}, I can say the {aspect} {action}.	was acceptable but unremarkable
I picked up special report by a well-known columnist and it felt lazy and poorly researched.	Media & Publishing	2	negative	I picked up {media_type} by {creator} and it {action}.	felt lazy and poorly researched
I visited a countryside B&B in Tuscany and the hotel room was spotless and well-maintained.	Travel & Vacation	5	positive	I visited {location} and the {aspect} {action}.	was spotless and well-maintained
During our stay, the beach access was acceptable but unremarkable. There are comparable options in the area.	Travel & Vacation	3	neutral	During our stay, the {aspect} {action}. {recommendation}.	was acceptable but unremarkable
As a casual reader, I think this weekly digest was beautifully written and polished.	Media & Publishing	5	positive	As a {reader_type}, I think this {media_type} {action}.	was beautifully written and polished
I picked up weekly digest by a veteran reporter and it kept me hooked from start to finish.	Media & Publishing	5	positive	I picked up {media_type} by {creator} and it {action}.	kept me hooked from start to finish
The special report had zero editorial quality. Fact-checking seemed to be an afterthought.	Media & Publishing	2	negative	The {media_type} {action}. {detail}.	had zero editorial quality
I visited an all-inclusive in Cancun and the beach access made the whole trip worthwhile.	Travel & Vacation	4	positive	I visited {location} and the {aspect} {action}.	made the whole trip worthwhile
After three days at a safari camp in Kenya, I can say the resort amenities was a complete disappointment.	Travel & Vacation	1	negative	After {duration} at {location}, I can say the {aspect} {action}.	was a complete disappointment
I visited a safari camp in Kenya and the beach access was dirty and poorly maintained.	Travel & Vacation	2	negative	I visited {location} and the {aspect} {action}.	was dirty and poorly maintained
This quarterly review about artificial intelligence wasted my time completely. Not worth the subscription price.	Media & Publishing	2	negative	This {media_type} about {topic} {action}. {recommendation}.	wasted my time completely
The latest special report from a well-established media group neither impressed nor disappointed me.	Media & Publishing	3	neutral	The latest {media_type} from {publisher} {action}.	neither impressed nor disappointed me
During our stay, the resort amenities fell far below expectations. Save your money and look elsewhere.	Travel & Vacation	2	negative	During our stay, the {aspect} {action}. {recommendation}.	fell far below expectations
We booked through a trusted travel agent and the check-in process exceeded all my expectations.	Travel & Vacation	5	positive	We booked {qualifier} and the {aspect} {action}.	exceeded all my expectations
Overall the breakfast buffet was overpriced and underwhelming. Based on fake positive reviews.	Travel & Vacation	2	negative	Overall the {aspect} {action}. {qualifier}.	was overpriced and underwhelming
We booked what was marketed as luxury but clearly was not and the flight experience exceeded all my expectations.	Travel & Vacation	5	positive	We booked {qualifier} and the {aspect} {action}.	exceeded all my expectations
For anyone interested in technology trends, this podcast transcript was a standard read with no surprises.	Media & Publishing	3	neutral	For anyone interested in {topic}, this {media_type} {action}.	was a standard read with no surprises
The newspaper had zero editorial quality. It is a solid choice for beginners.	Media & Publishing	2	negative	The {media_type} {action}. {qualifier}.	had zero editorial quality
This special report about cultural history was riddled with errors and typos. I cancelled my subscription after this.	Media & Publishing	1	negative	This {media_type} about {topic} {action}. {recommendation}.	was riddled with errors and typos
During our stay, the spa treatment was acceptable but unremarkable. Might work for a short stay.	Travel & Vacation	3	neutral	During our stay, the {aspect} {action}. {recommendation}.	was acceptable but unremarkable
The customer service was dirty and poorly maintained. The whole place felt neglected.	Travel & Vacation	1	negative	The {aspect} {action}. {detail}.	was dirty and poorly maintained
The editorial quality of the online journal wasted my time completely. Avoid unless you enjoy being frustrated.	Media & Publishing	1	negative	The editorial quality of the {media_type} {action}. {recommendation}.	wasted my time completely
The breakfast buffet felt like a dream come true. Every detail was thoughtfully arranged.	Travel & Vacation	4	positive	The {aspect} {action}. {detail}.	felt like a dream come true
The newspaper wasted my time completely. It had a few interesting points buried in filler.	Media & Publishing	1	negative	The {media_type} {action}. {detail}.	wasted my time completely
The latest anthology from a major publishing house was clickbait with no real substance.	Media & Publishing	2	negative	The latest {media_type} from {publisher} {action}.	was clickbait with no real substance
The breakfast buffet was dirty and poorly maintained. We had no complaints whatsoever.	Travel & Vacation	1	negative	The {aspect} {action}. {detail}.	was dirty and poorly maintained
During our stay, the customer service was spotless and well-maintained. Worth every penny for the experience.	Travel & Vacation	4	positive	During our stay, the {aspect} {action}. {recommendation}.	was spotless and well-maintained
Compared to other places, the beach access here was a truly memorable experience. I wish I had read the bad reviews first.	Travel & Vacation	4	positive	Compared to other places, the {aspect} here {action}. {recommendation}.	was a truly memorable experience
The latest online journal from a major publishing house had zero editorial quality.	Media & Publishing	2	negative	The latest {media_type} from {publisher} {action}.	had zero editorial quality
After reading the newsletter on technology trends, I found it offered fresh and insightful content. The writing was serviceable but not memorable.	Media & Publishing	5	positive	After reading the {media_type} on {topic}, I found it {action}. {detail}.	offered fresh and insightful content
This quarterly review about space exploration was the worst publication I have read. I cancelled my subscription after this.	Media & Publishing	2	negative	This {media_type} about {topic} {action}. {recommendation}.	was the worst publication I have read
For anyone interested in global economics, this quarterly review covered the basics adequately.	Media & Publishing	3	neutral	For anyone interested in {topic}, this {media_type} {action}.	covered the basics adequately
After a full week at a city hotel in Tokyo, I can say the flight experience was nothing special.	Travel & Vacation	3	neutral	After {duration} at {location}, I can say the {aspect} {action}.	was nothing special
As a professional in the field, I think this magazine was a standout piece of journalism.	Media & Publishing	5	positive	As a {reader_type}, I think this {media_type} {action}.	was a standout piece of journalism
The airport transfer at an all-inclusive in Cancun ruined the entire vacation. It was about what you would expect for the price.	Travel & Vacation	2	negative	The {aspect} at {location} {action}. {detail}.	ruined the entire vacation
I subscribed for the cultural history coverage and the anthology was beautifully written and polished.	Media & Publishing	5	positive	I subscribed for the {topic} coverage and the {media_type} {action}.	was beautifully written and polished
After three days at an all-inclusive in Cancun, I can say the beach access met basic expectations.	Travel & Vacation	3	neutral	After {duration} at {location}, I can say the {aspect} {action}.	met basic expectations
The room service met basic expectations. Some things were good and others less so.	Travel & Vacation	3	neutral	The {aspect} {action}. {detail}.	met basic expectations
The flight experience at a cruise ship in the Caribbean was overpriced and underwhelming. Some things were good and others less so.	Travel & Vacation	2	negative	The {aspect} at {location} {action}. {detail}.	was overpriced and underwhelming
The weekly digest wasted my time completely. There was nothing in it I had not read before.	Media & Publishing	2	negative	The {media_type} {action}. {detail}.	wasted my time completely
Compared to other places, the spa treatment here was the worst I have ever seen. I wish I had read the bad reviews first.	Travel & Vacation	1	negative	Compared to other places, the {aspect} here {action}. {recommendation}.	was the worst I have ever seen
The pool area ruined the entire vacation. There were several issues during our stay.	Travel & Vacation	2	negative	The {aspect} {action}. {detail}.	ruined the entire vacation
The editorial quality of the online journal was clickbait with no real substance. Only useful as a doorstop.	Media & Publishing	1	negative	The editorial quality of the {media_type} {action}. {recommendation}.	was clickbait with no real substance
This podcast transcript about space exploration provided real depth and nuance. I have already recommended it to friends.	Media & Publishing	5	positive	This {media_type} about {topic} {action}. {recommendation}.	provided real depth and nuance
We booked a package deal for our anniversary and it delivered and the flight experience made the whole trip worthwhile.	Travel & Vacation	5	positive	We booked {qualifier} and the {aspect} {action}.	made the whole trip worthwhile
We booked a last-minute deal online and the resort amenities was overpriced and underwhelming.	Travel & Vacation	1	negative	We booked {qualifier} and the {aspect} {action}.	was overpriced and underwhelming
Compared to other places, the spa treatment here left us stranded without help. Save your money and look elsewhere.	Travel & Vacation	1	negative	Compared to other places, the {aspect} here {action}. {recommendation}.	left us stranded without help
We booked the top-rated option on the site and the resort amenities was beautifully organized.	Travel & Vacation	5	positive	We booked {qualifier} and the {aspect} {action}.	was beautifully organized
We booked the cheapest option and it showed and the pool area fell far below expectations.	Travel & Vacation	2	negative	We booked {qualifier} and the {aspect} {action}.	fell far below expectations
The editorial quality of the online journal was an engaging and captivating read. Perfect for a long flight or commute.	Media & Publishing	4	positive	The editorial quality of the {media_type} {action}. {recommendation}.	was an engaging and captivating read
During our stay, the room service was spotless and well-maintained. Worth every penny for the experience.	Travel & Vacation	4	positive	During our stay, the {aspect} {action}. {recommendation}.	was spotless and well-maintained
The latest magazine from an indie press wasted my time completely.	Media & Publishing	2	negative	The latest {media_type} from {publisher} {action}.	wasted my time completely
The spa treatment exceeded all my expectations. It was about what you would expect for the price.	Travel & Vacation	5	positive	The {aspect} {action}. {detail}.	exceeded all my expectations
This magazine about global economics wasted my time completely. I cancelled my subscription after this.	Media & Publishing	1	negative	This {media_type} about {topic} {action}. {recommendation}.	wasted my time completely
I picked up online journal by a team of investigators and it was riddled with errors and typos.	Media & Publishing	1	negative	I picked up {media_type} by {creator} and it {action}.	was riddled with errors and typos
As a casual reader, I think this podcast transcript was the worst publication I have read.	Media & Publishing	1	negative	As a {reader_type}, I think this {media_type} {action}.	was the worst publication I have read
I subscribed for the modern politics coverage and the anthology was a standout piece of journalism.	Media & Publishing	4	positive	I subscribed for the {topic} coverage and the {media_type} {action}.	was a standout piece of journalism
This magazine about space exploration had zero editorial quality. It depends on your level of interest in the topic.	Media & Publishing	2	negative	This {media_type} about {topic} {action}. {recommendation}.	had zero editorial quality
The editorial quality of the newsletter neither impressed nor disappointed me. It depends on your level of interest in the topic.	Media & Publishing	3	neutral	The editorial quality of the {media_type} {action}. {recommendation}.	neither impressed nor disappointed me
The latest quarterly review from a well-established media group was forgettable but not terrible.	Media & Publishing	3	neutral	The latest {media_type} from {publisher} {action}.	was forgettable but not terrible
For a family trip, the hotel room was beautifully organized.	Travel & Vacation	4	positive	For a {trip_type} trip, the {aspect} {action}.	was beautifully organized
I visited a boutique hotel in Paris and the breakfast buffet was dirty and poorly maintained.	Travel & Vacation	2	negative	I visited {location} and the {aspect} {action}.	was dirty and poorly maintained
I subscribed for the cultural history coverage and the online journal was a standard read with no surprises.	Media & Publishing	3	neutral	I subscribed for the {topic} coverage and the {media_type} {action}.	was a standard read with no surprises
I visited a city hotel in Tokyo and the tour guide was average overall.	Travel & Vacation	3	neutral	I visited {location} and the {aspect} {action}.	was average overall
I visited a boutique hotel in Paris and the pool area was dirty and poorly maintained.	Travel & Vacation	1	negative	I visited {location} and the {aspect} {action}.	was dirty and poorly maintained
During our stay, the flight experience was absolutely wonderful. Only book this if you have no other options.	Travel & Vacation	5	positive	During our stay, the {aspect} {action}. {recommendation}.	was absolutely wonderful
Compared to other places, the tour guide here felt like a dream come true. Worth every penny for the experience.	Travel & Vacation	4	positive	Compared to other places, the {aspect} here {action}. {recommendation}.	felt like a dream come true
I visited a boutique hotel in Paris and the breakfast buffet was dirty and poorly maintained.	Travel & Vacation	2	negative	I visited {location} and the {aspect} {action}.	was dirty and poorly maintained
For a solo trip, the room service was a complete disappointment.	Travel & Vacation	2	negative	For a {trip_type} trip, the {aspect} {action}.	was a complete disappointment
The editorial quality of the anthology had some interesting parts but dragged. Take it or leave it.	Media & Publishing	3	neutral	The editorial quality of the {media_type} {action}. {recommendation}.	had some interesting parts but dragged
The weekly digest was clickbait with no real substance. The arguments fell apart under any scrutiny.	Media & Publishing	1	negative	The {media_type} {action}. {detail}.	was clickbait with no real substance
As a regular subscriber, I think this newsletter had zero editorial quality.	Media & Publishing	1	negative	As a {reader_type}, I think this {media_type} {action}.	had zero editorial quality
Overall the check-in process was the worst I have ever seen. A mid-range option after comparing prices.	Travel & Vacation	1	negative	Overall the {aspect} {action}. {qualifier}.	was the worst I have ever seen
After reading the weekly digest on global economics, I found it had zero editorial quality. There was nothing in it I had not read before.	Media & Publishing	2	negative	After reading the {media_type} on {topic}, I found it {action}. {detail}.	had zero editorial quality
This anthology about health and wellness was riddled with errors and typos. Save your money and skip this one.	Media & Publishing	1	negative	This {media_type} about {topic} {action}. {recommendation}.	was riddled with errors and typos
I subscribed for the space exploration coverage and the anthology was beautifully written and polished.	Media & Publishing	5	positive	I subscribed for the {topic} coverage and the {media_type} {action}.	was beautifully written and polished
During our stay, the tour guide was a truly memorable experience. Already planning our next visit.	Travel & Vacation	4	positive	During our stay, the {aspect} {action}. {recommendation}.	was a truly memorable experience
The latest newspaper from a university publisher was riddled with errors and typos.	Media & Publishing	2	negative	The latest {media_type} from {publisher} {action}.	was riddled with errors and typos
The beach access exceeded all my expectations, which really shaped our romantic experience.	Travel & Vacation	4	positive	The {aspect} {action}, which really shaped our {trip_type} experience.	exceeded all my expectations
This newsletter about modern politics offered fresh and insightful content. I have already recommended it to friends.	Media & Publishing	5	positive	This {media_type} about {topic} {action}. {recommendation}.	offered fresh and insightful content
The anthology kept me hooked from start to finish. Some sections were stronger than others.	Media & Publishing	4	positive	The {media_type} {action}. {detail}.	kept me hooked from start to finish
For a solo trip, the tour guide was beautifully organized.	Travel & Vacation	4	positive	For a {trip_type} trip, the {aspect} {action}.	was beautifully organized
The latest anthology from a well-established media group delivered exceptional storytelling.	Media & Publishing	4	positive	The latest {media_type} from {publisher} {action}.	delivered exceptional storytelling
The weekly digest was the worst publication I have read. I could not get past the first chapter.	Media & Publishing	2	negative	The {media_type} {action}. {detail}.	was the worst publication I have read
I picked up anthology by a well-known columnist and it was the worst publication I have read.	Media & Publishing	1	negative	I picked up {media_type} by {creator} and it {action}.	was the worst publication I have read
Overall the flight experience was the worst I have ever seen. The most expensive package but it was not worth it.	Travel & Vacation	1	negative	Overall the {aspect} {action}. {qualifier}.	was the worst I have ever seen
Compared to other places, the beach access here was spotless and well-maintained. Highly recommend for families.	Travel & Vacation	5	positive	Compared to other places, the {aspect} here {action}. {recommendation}.	was spotless and well-maintained
I picked up anthology by a well-known columnist and it was a standard read with no surprises.	Media & Publishing	3	neutral	I picked up {media_type} by {creator} and it {action}.	was a standard read with no surprises
The editorial quality of the online journal was the worst publication I have read. Avoid unless you enjoy being frustrated.	Media & Publishing	1	negative	The editorial quality of the {media_type} {action}. {recommendation}.	was the worst publication I have read
This weekly digest about modern politics felt lazy and poorly researched. Not worth the subscription price.	Media & Publishing	2	negative	This {media_type} about {topic} {action}. {recommendation}.	felt lazy and poorly researched
As a professional in the field, I think this special report was riddled with errors and typos.	Media & Publishing	2	negative	As a {reader_type}, I think this {media_type} {action}.	was riddled with errors and typos
Overall the airport transfer fell far below expectations. A last-minute deal online.	Travel & Vacation	2	negative	Overall the {aspect} {action}. {qualifier}.	fell far below expectations
For a business trip, the tour guide was the worst I have ever seen.	Travel & Vacation	1	negative	For a {trip_type} trip, the {aspect} {action}.	was the worst I have ever seen
Compared to other places, the tour guide here was the worst I have ever seen. Only book this if you have no other options.	Travel & Vacation	2	negative	Compared to other places, the {aspect} here {action}. {recommendation}.	was the worst I have ever seen
The breakfast buffet was acceptable but unremarkable. It was about what you would expect for the price.	Travel & Vacation	3	neutral	The {aspect} {action}. {detail}.	was acceptable but unremarkable
Overall the tour guide was the worst I have ever seen. Based on fake positive reviews.	Travel & Vacation	1	negative	Overall the {aspect} {action}. {qualifier}.	was the worst I have ever seen
I subscribed for the cultural history coverage and the quarterly review was forgettable but not terrible.	Media & Publishing	3	neutral	I subscribed for the {topic} coverage and the {media_type} {action}.	was forgettable but not terrible
I picked up anthology by an independent journalist and it was a standout piece of journalism.	Media & Publishing	4	positive	I picked up {media_type} by {creator} and it {action}.	was a standout piece of journalism
After two weeks at a boutique hotel in Paris, I can say the tour guide felt like a dream come true.	Travel & Vacation	5	positive	After {duration} at {location}, I can say the {aspect} {action}.	felt like a dream come true
The pool area at a mountain lodge in the Alps was dirty and poorly maintained. It did the job but nothing stood out.	Travel & Vacation	2	negative	The {aspect} at {location} {action}. {detail}.	was dirty and poorly maintained
Overall the hotel room exceeded all my expectations. A package deal for our anniversary and it delivered.	Travel & Vacation	4	positive	Overall the {aspect} {action}. {qualifier}.	exceeded all my expectations
The digital edition was beautifully written and polished. The writing was serviceable but not memorable.	Media & Publishing	4	positive	The {media_type} {action}. {detail}.	was beautifully written and polished
As a casual reader, I think this anthology was the worst publication I have read.	Media & Publishing	1	negative	As a {reader_type}, I think this {media_type} {action}.	was the worst publication I have read
The newspaper was an engaging and captivating read. The depth of analysis was remarkable.	Media & Publishing	5	positive	The {media_type} {action}. {detail}.	was an engaging and captivating read
We booked a package deal for our anniversary and it delivered and the breakfast buffet felt like a dream come true.	Travel & Vacation	4	positive	We booked {qualifier} and the {aspect} {action}.	felt like a dream come true
The magazine delivered exceptional storytelling. The writing was serviceable but not memorable.	Media & Publishing	5	positive	The {media_type} {action}. {detail}.	delivered exceptional storytelling
The pool area at a seaside resort in Bali was a truly memorable experience. It did the job but nothing stood out.	Travel & Vacation	5	positive	The {aspect} at {location} {action}. {detail}.	was a truly memorable experience
The resort amenities was spotless and well-maintained, which really shaped our business experience.	Travel & Vacation	5	positive	The {aspect} {action}, which really shaped our {trip_type} experience.	was spotless and well-maintained
For a adventure trip, the breakfast buffet was decent for the price.	Travel & Vacation	3	neutral	For a {trip_type} trip, the {aspect} {action}.	was decent for the price
Overall the room service was overpriced and underwhelming. The cheapest option and it showed.	Travel & Vacation	1	negative	Overall the {aspect} {action}. {qualifier}.	was overpriced and underwhelming
The tour guide was overpriced and underwhelming, which really shaped our budget experience.	Travel & Vacation	1	negative	The {aspect} {action}, which really shaped our {trip_type} experience.	was overpriced and underwhelming
As a long-time fan of the genre, I think this newsletter covered the basics adequately.	Media & Publishing	3	neutral	As a {reader_type}, I think this {media_type} {action}.	covered the basics adequately
I subscribed for the climate change coverage and the quarterly review set a new standard for the genre.	Media & Publishing	4	positive	I subscribed for the {topic} coverage and the {media_type} {action}.	set a new standard for the genre
The tour guide fell far below expectations. Management did not seem to care.	Travel & Vacation	1	negative	The {aspect} {action}. {detail}.	fell far below expectations
The room service met basic expectations. It did the job but nothing stood out.	Travel & Vacation	3	neutral	The {aspect} {action}. {detail}.	met basic expectations
As a regular subscriber, I think this newsletter had some interesting parts but dragged.	Media & Publishing	3	neutral	As a {reader_type}, I think this {media_type} {action}.	had some interesting parts but dragged
I subscribed for the space exploration coverage and the special report was clickbait with no real substance.	Media & Publishing	1	negative	I subscribed for the {topic} coverage and the {media_type} {action}.	was clickbait with no real substance
The special report delivered exceptional storytelling. The research behind the piece was impeccable.	Media & Publishing	4	positive	The {media_type} {action}. {detail}.	delivered exceptional storytelling
As a casual reader, I think this newsletter neither impressed nor disappointed me.	Media & Publishing	3	neutral	As a {reader_type}, I think this {media_type} {action}.	neither impressed nor disappointed me
For a business trip, the spa treatment provided outstanding service.	Travel & Vacation	4	positive	For a {trip_type} trip, the {aspect} {action}.	provided outstanding service
I subscribed for the health and wellness coverage and the special report covered the basics adequately.	Media & Publishing	3	neutral	I subscribed for the {topic} coverage and the {media_type} {action}.	covered the basics adequately
During our stay, the flight experience was a complete disappointment. Fine if you manage your expectations.	Travel & Vacation	1	negative	During our stay, the {aspect} {action}. {recommendation}.	was a complete disappointment
The latest online journal from an online-only outlet delivered exceptional storytelling.	Media & Publishing	4	positive	The latest {media_type} from {publisher} {action}.	delivered exceptional storytelling
We booked whatever was available on short notice and the flight experience was absolutely wonderful.	Travel & Vacation	5	positive	We booked {qualifier} and the {aspect} {action}.	was absolutely wonderful
We booked a mid-range option after comparing prices and the hotel room was average overall.	Travel & Vacation	3	neutral	We booked {qualifier} and the {aspect} {action}.	was average overall
I visited a seaside resort in Bali and the flight experience ruined the entire vacation.	Travel & Vacation	1	negative	I visited {location} and the {aspect} {action}.	ruined the entire vacation
The weekly digest neither impressed nor disappointed me. It fills a gap in the market.	Media & Publishing	3	neutral	The {media_type} {action}. {qualifier}.	neither impressed nor disappointed me
For a business trip, the breakfast buffet was acceptable but unremarkable.	Travel & Vacation	3	neutral	For a {trip_type} trip, the {aspect} {action}.	was acceptable but unremarkable
During our stay, the hotel room was absolutely wonderful. Fine if you manage your expectations.	Travel & Vacation	5	positive	During our stay, the {aspect} {action}. {recommendation}.	was absolutely wonderful
I visited a safari camp in Kenya and the airport transfer made the whole trip worthwhile.	Travel & Vacation	5	positive	I visited {location} and the {aspect} {action}.	made the whole trip worthwhile
Compared to other places, the breakfast buffet here left us stranded without help. It depends on what you are looking for.	Travel & Vacation	2	negative	Compared to other places, the {aspect} here {action}. {recommendation}.	left us stranded without help
The quarterly review provided real depth and nuance. Some sections were stronger than others.	Media & Publishing	4	positive	The {media_type} {action}. {detail}.	provided real depth and nuance
I picked up newsletter by the editorial board and it had zero editorial quality.	Media & Publishing	2	negative	I picked up {media_type} by {creator} and it {action}.	had zero editorial quality
The online journal set a new standard for the genre. Some sections were stronger than others.	Media & Publishing	5	positive	The {media_type} {action}. {detail}.	set a new standard for the genre
The breakfast buffet was average overall, which really shaped our budget experience.	Travel & Vacation	3	neutral	The {aspect} {action}, which really shaped our {trip_type} experience.	was average overall
After a weekend at a boutique hotel in Paris, I can say the hotel room left us stranded without help.	Travel & Vacation	2	negative	After {duration} at {location}, I can say the {aspect} {action}.	left us stranded without help
Overall the tour guide felt like a dream come true. Through a trusted travel agent.	Travel & Vacation	4	positive	Overall the {aspect} {action}. {qualifier}.	felt like a dream come true
The latest weekly digest from an online-only outlet set a new standard for the genre.	Media & Publishing	5	positive	The latest {media_type} from {publisher} {action}.	set a new standard for the genre
The hotel room at a countryside B&B in Tuscany was nothing special. It did the job but nothing stood out.	Travel & Vacation	3	neutral	The {aspect} at {location} {action}. {detail}.	was nothing special
As a professional in the field, I think this newspaper was forgettable but not terrible.	Media & Publishing	3	neutral	As a {reader_type}, I think this {media_type} {action}.	was forgettable but not terrible
I picked up newsletter by a well-known columnist and it offered fresh and insightful content.	Media & Publishing	5	positive	I picked up {media_type} by {creator} and it {action}.	offered fresh and insightful content
During our stay, the customer service was nothing special. Might work for a short stay.	Travel & Vacation	3	neutral	During our stay, the {aspect} {action}. {recommendation}.	was nothing special
We booked a mid-range option after comparing prices and the hotel room was acceptable but unremarkable.	Travel & Vacation	3	neutral	We booked {qualifier} and the {aspect} {action}.	was acceptable but unremarkable
The flight experience at a countryside B&B in Tuscany exceeded all my expectations. I would come back in a heartbeat.	Travel & Vacation	5	positive	The {aspect} at {location} {action}. {detail}.	exceeded all my expectations
I subscribed for the global economics coverage and the online journal kept me hooked from start to finish.	Media & Publishing	5	positive	I subscribed for the {topic} coverage and the {media_type} {action}.	kept me hooked from start to finish
After reading the newsletter on global economics, I found it covered the basics adequately. Some sections were stronger than others.	Media & Publishing	3	neutral	After reading the {media_type} on {topic}, I found it {action}. {detail}.	covered the basics adequately
The quarterly review set a new standard for the genre. The illustrations and layout were top-notch.	Media & Publishing	4	positive	The {media_type} {action}. {detail}.	set a new standard for the genre
The latest digital edition from a university publisher had zero editorial quality.	Media & Publishing	2	negative	The latest {media_type} from {publisher} {action}.	had zero editorial quality
As a regular subscriber, I think this weekly digest was misleading and full of bias.	Media & Publishing	2	negative	As a {reader_type}, I think this {media_type} {action}.	was misleading and full of bias
The flight experience at a seaside resort in Bali met basic expectations. It did the job but nothing stood out.	Travel & Vacation	3	neutral	The {aspect} at {location} {action}. {detail}.	met basic expectations
I visited an all-inclusive in Cancun and the beach access was overpriced and underwhelming.	Travel & Vacation	2	negative	I visited {location} and the {aspect} {action}.	was overpriced and underwhelming
During our stay, the beach access fell far below expectations. I would not recommend this to anyone.	Travel & Vacation	2	negative	During our stay, the {aspect} {action}. {recommendation}.	fell far below expectations
During our stay, the hotel room felt like a dream come true. Great for couples looking for a getaway.	Travel & Vacation	4	positive	During our stay, the {aspect} {action}. {recommendation}.	felt like a dream come true
For anyone interested in climate change, this special report provided real depth and nuance.	Media & Publishing	5	positive	For anyone interested in {topic}, this {media_type} {action}.	provided real depth and nuance
The podcast transcript felt lazy and poorly researched. There was nothing in it I had not read before.	Media & Publishing	1	negative	The {media_type} {action}. {detail}.	felt lazy and poorly researched
Overall the tour guide was beautifully organized. The most expensive package but it was not worth it.	Travel & Vacation	5	positive	Overall the {aspect} {action}. {qualifier}.	was beautifully organized
I visited a cruise ship in the Caribbean and the beach access felt like a dream come true.	Travel & Vacation	5	positive	I visited {location} and the {aspect} {action}.	felt like a dream come true
Overall the room service left us stranded without help. A mid-range option after comparing prices.	Travel & Vacation	2	negative	Overall the {aspect} {action}. {qualifier}.	left us stranded without help
The customer service at a seaside resort in Bali was dirty and poorly maintained. We could hear noise all night long.	Travel & Vacation	1	negative	The {aspect} at {location} {action}. {detail}.	was dirty and poorly maintained
As a long-time fan of the genre, I think this online journal was a standard read with no surprises.	Media & Publishing	3	neutral	As a {reader_type}, I think this {media_type} {action}.	was a standard read with no surprises
During our stay, the flight experience left us stranded without help. I wish I had read the bad reviews first.	Travel & Vacation	2	negative	During our stay, the {aspect} {action}. {recommendation}.	left us stranded without help
Compared to other places, the customer service here fell far below expectations. Skip this one and try somewhere else.	Travel & Vacation	1	negative	Compared to other places, the {aspect} here {action}. {recommendation}.	fell far below expectations
Compared to other places, the room service here was a truly memorable experience. There are comparable options in the area.	Travel & Vacation	4	positive	Compared to other places, the {aspect} here {action}. {recommendation}.	was a truly memorable experience
The editorial quality of the newsletter was riddled with errors and typos. A must-read for anyone in the field.	Media & Publishing	2	negative	The editorial quality of the {media_type} {action}. {recommendation}.	was riddled with errors and typos
The editorial quality of the online journal was an engaging and captivating read. Perfect for a long flight or commute.	Media & Publishing	4	positive	The editorial quality of the {media_type} {action}. {recommendation}.	was an engaging and captivating read
For anyone interested in modern politics, this weekly digest had zero editorial quality.	Media & Publishing	1	negative	For anyone interested in {topic}, this {media_type} {action}.	had zero editorial quality
Overall the pool area fell far below expectations. The cheapest option and it showed.	Travel & Vacation	2	negative	Overall the {aspect} {action}. {qualifier}.	fell far below expectations
I subscribed for the technology trends coverage and the weekly digest had zero editorial quality.	Media & Publishing	1	negative	I subscribed for the {topic} coverage and the {media_type} {action}.	had zero editorial quality
After reading the digital edition on health and wellness, I found it provided real depth and nuance. It changed the way I think about the subject.	Media & Publishing	4	positive	After reading the {media_type} on {topic}, I found it {action}. {detail}.	provided real depth and nuance
The digital edition was clickbait with no real substance. The price-to-value ratio is fair.	Media & Publishing	2	negative	The {media_type} {action}. {qualifier}.	was clickbait with no real substance
This digital edition about climate change neither impressed nor disappointed me. Read it if you have nothing else on your list.	Media & Publishing	3	neutral	This {media_type} about {topic} {action}. {recommendation}.	neither impressed nor disappointed me
The spa treatment was a truly memorable experience. I would come back in a heartbeat.	Travel & Vacation	5	positive	The {aspect} {action}. {detail}.	was a truly memorable experience
The editorial quality of the newspaper offered fresh and insightful content. Take it or leave it.	Media & Publishing	4	positive	The editorial quality of the {media_type} {action}. {recommendation}.	offered fresh and insightful content
For a romantic trip, the pool area ruined the entire vacation.	Travel & Vacation	2	negative	For a {trip_type} trip, the {aspect} {action}.	ruined the entire vacation
The online journal had some interesting parts but dragged. Some sections were stronger than others.	Media & Publishing	3	neutral	The {media_type} {action}. {detail}.	had some interesting parts but dragged
This magazine about space exploration was misleading and full of bias. I have already recommended it to friends.	Media & Publishing	1	negative	This {media_type} about {topic} {action}. {recommendation}.	was misleading and full of bias
I picked up anthology by a well-known columnist and it was a standout piece of journalism.	Media & Publishing	4	positive	I picked up {media_type} by {creator} and it {action}.	was a standout piece of journalism
The quarterly review was clickbait with no real substance. There was nothing in it I had not read before.	Media & Publishing	2	negative	The {media_type} {action}. {detail}.	was clickbait with no real substance
The newspaper covered the basics adequately. It covered familiar ground competently.	Media & Publishing	3	neutral	The {media_type} {action}. {detail}.	covered the basics adequately
After reading the special report on climate change, I found it offered fresh and insightful content. I learned a lot from the featured interviews.	Media & Publishing	4	positive	After reading the {media_type} on {topic}, I found it {action}. {detail}.	offered fresh and insightful content
For a budget trip, the customer service met basic expectations.	Travel & Vacation	3	neutral	For a {trip_type} trip, the {aspect} {action}.	met basic expectations
As a long-time fan of the genre, I think this quarterly review neither impressed nor disappointed me.	Media & Publishing	3	neutral	As a {reader_type}, I think this {media_type} {action}.	neither impressed nor disappointed me
We booked whatever was available on short notice and the beach access was decent for the price.	Travel & Vacation	3	neutral	We booked {qualifier} and the {aspect} {action}.	was decent for the price
For anyone interested in modern politics, this anthology had zero editorial quality.	Media & Publishing	1	negative	For anyone interested in {topic}, this {media_type} {action}.	had zero editorial quality
After two weeks at a boutique hotel in Paris, I can say the pool area was a complete disappointment.	Travel & Vacation	1	negative	After {duration} at {location}, I can say the {aspect} {action}.	was a complete disappointment
The spa treatment felt like a dream come true. There were both highs and lows during our stay.	Travel & Vacation	5	positive	The {aspect} {action}. {detail}.	felt like a dream come true
The editorial quality of the anthology was an engaging and captivating read. It depends on your level of interest in the topic.	Media & Publishing	4	positive	The editorial quality of the {media_type} {action}. {recommendation}.	was an engaging and captivating read
We booked a last-minute deal online and the beach access was beautifully organized.	Travel & Vacation	5	positive	We booked {qualifier} and the {aspect} {action}.	was beautifully organized
Overall the room service left us stranded without help. The cheapest option and it showed.	Travel & Vacation	2	negative	Overall the {aspect} {action}. {qualifier}.	left us stranded without help
As a regular subscriber, I think this newsletter provided real depth and nuance.	Media & Publishing	4	positive	As a {reader_type}, I think this {media_type} {action}.	provided real depth and nuance
The newspaper wasted my time completely. I could not get past the first chapter.	Media & Publishing	1	negative	The {media_type} {action}. {detail}.	wasted my time completely
Overall the flight experience was a complete disappointment. What was marketed as luxury but clearly was not.	Travel & Vacation	1	negative	Overall the {aspect} {action}. {qualifier}.	was a complete disappointment
We booked whatever was available on short notice and the spa treatment was overpriced and underwhelming.	Travel & Vacation	2	negative	We booked {qualifier} and the {aspect} {action}.	was overpriced and underwhelming
Overall the beach access fell far below expectations. The cheapest option and it showed.	Travel & Vacation	1	negative	Overall the {aspect} {action}. {qualifier}.	fell far below expectations
I visited a safari camp in Kenya and the check-in process was overpriced and underwhelming.	Travel & Vacation	1	negative	I visited {location} and the {aspect} {action}.	was overpriced and underwhelming
Overall the hotel room was a truly memorable experience. Through a trusted travel agent.	Travel & Vacation	5	positive	Overall the {aspect} {action}. {qualifier}.	was a truly memorable experience
The editorial quality of the quarterly review was the worst publication I have read. Not worth the subscription price.	Media & Publishing	1	negative	The editorial quality of the {media_type} {action}. {recommendation}.	was the worst publication I have read
We booked whatever was available on short notice and the room service met basic expectations.	Travel & Vacation	3	neutral	We booked {qualifier} and the {aspect} {action}.	met basic expectations
For a solo trip, the check-in process was the worst I have ever seen.	Travel & Vacation	1	negative	For a {trip_type} trip, the {aspect} {action}.	was the worst I have ever seen
The latest magazine from an online-only outlet was misleading and full of bias.	Media & Publishing	1	negative	The latest {media_type} from {publisher} {action}.	was misleading and full of bias
As a casual reader, I think this weekly digest felt lazy and poorly researched.	Media & Publishing	2	negative	As a {reader_type}, I think this {media_type} {action}.	felt lazy and poorly researched
The digital edition had zero editorial quality. The price-to-value ratio is fair.	Media & Publishing	2	negative	The {media_type} {action}. {qualifier}.	had zero editorial quality
The tour guide at a boutique hotel in Paris ruined the entire vacation. There were several issues during our stay.	Travel & Vacation	1	negative	The {aspect} at {location} {action}. {detail}.	ruined the entire vacation
The special report was the worst publication I have read. It read like an advertisement rather than journalism.	Media & Publishing	1	negative	The {media_type} {action}. {detail}.	was the worst publication I have read
The flight experience made the whole trip worthwhile, which really shaped our family experience.	Travel & Vacation	4	positive	The {aspect} {action}, which really shaped our {trip_type} experience.	made the whole trip worthwhile
The newspaper felt lazy and poorly researched. There are much better alternatives available.	Media & Publishing	1	negative	The {media_type} {action}. {qualifier}.	felt lazy and poorly researched
As a professional in the field, I think this newsletter set a new standard for the genre.	Media & Publishing	5	positive	As a {reader_type}, I think this {media_type} {action}.	set a new standard for the genre
I visited an all-inclusive in Cancun and the spa treatment was acceptable but unremarkable.	Travel & Vacation	3	neutral	I visited {location} and the {aspect} {action}.	was acceptable but unremarkable
Compared to other places, the breakfast buffet here made the whole trip worthwhile. Already planning our next visit.	Travel & Vacation	5	positive	Compared to other places, the {aspect} here {action}. {recommendation}.	made the whole trip worthwhile
As a regular subscriber, I think this weekly digest was misleading and full of bias.	Media & Publishing	2	negative	As a {reader_type}, I think this {media_type} {action}.	was misleading and full of bias
The newsletter wasted my time completely. Every paragraph added something new.	Media & Publishing	1	negative	The {media_type} {action}. {detail}.	wasted my time completely
As a casual reader, I think this weekly digest provided real depth and nuance.	Media & Publishing	4	positive	As a {reader_type}, I think this {media_type} {action}.	provided real depth and nuance
The online journal provided real depth and nuance. I learned a lot from the featured interviews.	Media & Publishing	5	positive	The {media_type} {action}. {detail}.	provided real depth and nuance
I subscribed for the technology trends coverage and the quarterly review was misleading and full of bias.	Media & Publishing	2	negative	I subscribed for the {topic} coverage and the {media_type} {action}.	was misleading and full of bias
Overall the flight experience was acceptable but unremarkable. A mid-range option after comparing prices.	Travel & Vacation	3	neutral	Overall the {aspect} {action}. {qualifier}.	was acceptable but unremarkable
I subscribed for the cultural history coverage and the online journal covered the basics adequately.	Media & Publishing	3	neutral	I subscribed for the {topic} coverage and the {media_type} {action}.	covered the basics adequately
I subscribed for the cultural history coverage and the newsletter neither impressed nor disappointed me.	Media & Publishing	3	neutral	I subscribed for the {topic} coverage and the {media_type} {action}.	neither impressed nor disappointed me
For anyone interested in technology trends, this magazine provided real depth and nuance.	Media & Publishing	4	positive	For anyone interested in {topic}, this {media_type} {action}.	provided real depth and nuance
During our stay, the beach access met basic expectations. Might work for a short stay.	Travel & Vacation	3	neutral	During our stay, the {aspect} {action}. {recommendation}.	met basic expectations
The editorial quality of the quarterly review was an engaging and captivating read. I have already recommended it to friends.	Media & Publishing	5	positive	The editorial quality of the {media_type} {action}. {recommendation}.	was an engaging and captivating read
After reading the newspaper on technology trends, I found it neither impressed nor disappointed me. The writing was serviceable but not memorable.	Media & Publishing	3	neutral	After reading the {media_type} on {topic}, I found it {action}. {detail}.	neither impressed nor disappointed me
Overall the resort amenities ruined the entire vacation. A last-minute deal online.	Travel & Vacation	2	negative	Overall the {aspect} {action}. {qualifier}.	ruined the entire vacation
The room service felt like a dream come true, which really shaped our family experience.	Travel & Vacation	5	positive	The {aspect} {action}, which really shaped our {trip_type} experience.	felt like a dream come true
The newsletter wasted my time completely. It fills a gap in the market.	Media & Publishing	2	negative	The {media_type} {action}. {qualifier}.	wasted my time completely
The editorial quality of the anthology kept me hooked from start to finish. It depends on your level of interest in the topic.	Media & Publishing	4	positive	The editorial quality of the {media_type} {action}. {recommendation}.	kept me hooked from start to finish
The editorial quality of the online journal was a standout piece of journalism. Worth subscribing just for this.	Media & Publishing	4	positive	The editorial quality of the {media_type} {action}. {recommendation}.	was a standout piece of journalism
The spa treatment was a complete disappointment, which really shaped our adventure experience.	Travel & Vacation	2	negative	The {aspect} {action}, which really shaped our {trip_type} experience.	was a complete disappointment
The spa treatment at a countryside B&B in Tuscany was the worst I have ever seen. The whole place felt neglected.	Travel & Vacation	2	negative	The {aspect} at {location} {action}. {detail}.	was the worst I have ever seen
The breakfast buffet was overpriced and underwhelming, which really shaped our family experience.	Travel & Vacation	1	negative	The {aspect} {action}, which really shaped our {trip_type} experience.	was overpriced and underwhelming
For anyone interested in modern politics, this special report offered fresh and insightful content.	Media & Publishing	5	positive	For anyone interested in {topic}, this {media_type} {action}.	offered fresh and insightful content
I visited an all-inclusive in Cancun and the resort amenities ruined the entire vacation.	Travel & Vacation	2	negative	I visited {location} and the {aspect} {action}.	ruined the entire vacation
The resort amenities at a boutique hotel in Paris was overpriced and underwhelming. It was not worth the money at all.	Travel & Vacation	2	negative	The {aspect} at {location} {action}. {detail}.	was overpriced and underwhelming
Compared to other places, the hotel room here provided outstanding service. Highly recommend for families.	Travel & Vacation	4	positive	Compared to other places, the {aspect} here {action}. {recommendation}.	provided outstanding service
I subscribed for the space exploration coverage and the quarterly review was a standard read with no surprises.	Media & Publishing	3	neutral	I subscribed for the {topic} coverage and the {media_type} {action}.	was a standard read with no surprises
For a romantic trip, the hotel room was a complete disappointment.	Travel & Vacation	1	negative	For a {trip_type} trip, the {aspect} {action}.	was a complete disappointment
For a budget trip, the beach access felt like a dream come true.	Travel & Vacation	5	positive	For a {trip_type} trip, the {aspect} {action}.	felt like a dream come true
The editorial quality of the online journal was forgettable but not terrible. It depends on your level of interest in the topic.	Media & Publishing	3	neutral	The editorial quality of the {media_type} {action}. {recommendation}.	was forgettable but not terrible
I subscribed for the cultural history coverage and the newspaper was forgettable but not terrible.	Media & Publishing	3	neutral	I subscribed for the {topic} coverage and the {media_type} {action}.	was forgettable but not terrible
After reading the weekly digest on climate change, I found it had some interesting parts but dragged. The writing was serviceable but not memorable.	Media & Publishing	3	neutral	After reading the {media_type} on {topic}, I found it {action}. {detail}.	had some interesting parts but dragged
I subscribed for the space exploration coverage and the weekly digest delivered exceptional storytelling.	Media & Publishing	4	positive	I subscribed for the {topic} coverage and the {media_type} {action}.	delivered exceptional storytelling
I subscribed for the space exploration coverage and the newsletter set a new standard for the genre.	Media & Publishing	5	positive	I subscribed for the {topic} coverage and the {media_type} {action}.	set a new standard for the genre
The resort amenities was spotless and well-maintained, which really shaped our romantic experience.	Travel & Vacation	5	positive	The {aspect} {action}, which really shaped our {trip_type} experience.	was spotless and well-maintained
For anyone interested in climate change, this newsletter was beautifully written and polished.	Media & Publishing	4	positive	For anyone interested in {topic}, this {media_type} {action}.	was beautifully written and polished
Compared to other places, the check-in process here was acceptable but unremarkable. Fine if you manage your expectations.	Travel & Vacation	3	neutral	Compared to other places, the {aspect} here {action}. {recommendation}.	was acceptable but unremarkable
For anyone interested in artificial intelligence, this digital edition wasted my time completely.	Media & Publishing	2	negative	For anyone interested in {topic}, this {media_type} {action}.	wasted my time completely
We booked the top-rated option on the site and the airport transfer exceeded all my expectations.	Travel & Vacation	4	positive	We booked {qualifier} and the {aspect} {action}.	exceeded all my expectations
I subscribed for the cultural history coverage and the newsletter covered the basics adequately.	Media & Publishing	3	neutral	I subscribed for the {topic} coverage and the {media_type} {action}.	covered the basics adequately
The room service at a city hotel in Tokyo was dirty and poorly maintained. The photos online were misleading.	Travel & Vacation	2	negative	The {aspect} at {location} {action}. {detail}.	was dirty and poorly maintained
For anyone interested in climate change, this weekly digest kept me hooked from start to finish.	Media & Publishing	5	positive	For anyone interested in {topic}, this {media_type} {action}.	kept me hooked from start to finish
We booked through a trusted travel agent and the pool area felt like a dream come true.	Travel & Vacation	5	positive	We booked {qualifier} and the {aspect} {action}.	felt like a dream come true
The tour guide was absolutely wonderful, which really shaped our solo experience.	Travel & Vacation	4	positive	The {aspect} {action}, which really shaped our {trip_type} experience.	was absolutely wonderful
The flight experience at a safari camp in Kenya was average overall. It did the job but nothing stood out.	Travel & Vacation	3	neutral	The {aspect} at {location} {action}. {detail}.	was average overall
After reading the newspaper on climate change, I found it set a new standard for the genre. It changed the way I think about the subject.	Media & Publishing	5	positive	After reading the {media_type} on {topic}, I found it {action}. {detail}.	set a new standard for the genre
I visited a city hotel in Tokyo and the breakfast buffet was beautifully organized.	Travel & Vacation	4	positive	I visited {location} and the {aspect} {action}.	was beautifully organized
The editorial quality of the anthology set a new standard for the genre. A must-read for anyone in the field.	Media & Publishing	5	positive	The editorial quality of the {media_type} {action}. {recommendation}.	set a new standard for the genre
I visited an all-inclusive in Cancun and the breakfast buffet was a truly memorable experience.	Travel & Vacation	4	positive	I visited {location} and the {aspect} {action}.	was a truly memorable experience
The latest newspaper from an indie press covered the basics adequately.	Media & Publishing	3	neutral	The latest {media_type} from {publisher} {action}.	covered the basics adequately
After reading the weekly digest on global economics, I found it felt lazy and poorly researched. There was nothing in it I had not read before.	Media & Publishing	2	negative	After reading the {media_type} on {topic}, I found it {action}. {detail}.	felt lazy and poorly researched
The airport transfer ruined the entire vacation. There were several issues during our stay.	Travel & Vacation	1	negative	The {aspect} {action}. {detail}.	ruined the entire vacation
I visited an all-inclusive in Cancun and the pool area was beautifully organized.	Travel & Vacation	5	positive	I visited {location} and the {aspect} {action}.	was beautifully organized
For a business trip, the pool area was overpriced and underwhelming.	Travel & Vacation	1	negative	For a {trip_type} trip, the {aspect} {action}.	was overpriced and underwhelming
During our stay, the check-in process was overpriced and underwhelming. Only book this if you have no other options.	Travel & Vacation	2	negative	During our stay, the {aspect} {action}. {recommendation}.	was overpriced and underwhelming
The latest quarterly review from an indie press kept me hooked from start to finish.	Media & Publishing	5	positive	The latest {media_type} from {publisher} {action}.	kept me hooked from start to finish
For anyone interested in modern politics, this online journal was a standout piece of journalism.	Media & Publishing	4	positive	For anyone interested in {topic}, this {media_type} {action}.	was a standout piece of journalism
As a long-time fan of the genre, I think this newspaper kept me hooked from start to finish.	Media & Publishing	5	positive	As a {reader_type}, I think this {media_type} {action}.	kept me hooked from start to finish
I visited a cruise ship in the Caribbean and the beach access fell far below expectations.	Travel & Vacation	2	negative	I visited {location} and the {aspect} {action}.	fell far below expectations
Compared to other places, the check-in process here exceeded all my expectations. I tell everyone about this place.	Travel & Vacation	4	positive	Compared to other places, the {aspect} here {action}. {recommendation}.	exceeded all my expectations
After reading the magazine on climate change, I found it provided real depth and nuance. It changed the way I think about the subject.	Media & Publishing	4	positive	After reading the {media_type} on {topic}, I found it {action}. {detail}.	provided real depth and nuance
As a long-time fan of the genre, I think this anthology felt lazy and poorly researched.	Media & Publishing	2	negative	As a {reader_type}, I think this {media_type} {action}.	felt lazy and poorly researched
The weekly digest covered the basics adequately. The price-to-value ratio is fair.	Media & Publishing	3	neutral	The {media_type} {action}. {qualifier}.	covered the basics adequately
The quarterly review was clickbait with no real substance. It read like an advertisement rather than journalism.	Media & Publishing	2	negative	The {media_type} {action}. {detail}.	was clickbait with no real substance
The pool area fell far below expectations. It was not worth the money at all.	Travel & Vacation	2	negative	The {aspect} {action}. {detail}.	fell far below expectations
For a adventure trip, the airport transfer was the worst I have ever seen.	Travel & Vacation	1	negative	For a {trip_type} trip, the {aspect} {action}.	was the worst I have ever seen
The quarterly review had zero editorial quality. Fact-checking seemed to be an afterthought.	Media & Publishing	2	negative	The {media_type} {action}. {detail}.	had zero editorial quality
For a budget trip, the beach access was average overall.	Travel & Vacation	3	neutral	For a {trip_type} trip, the {aspect} {action}.	was average overall
As a regular subscriber, I think this online journal was forgettable but not terrible.	Media & Publishing	3	neutral	As a {reader_type}, I think this {media_type} {action}.	was forgettable but not terrible
The quarterly review covered the basics adequately. It fills a gap in the market.	Media & Publishing	3	neutral	The {media_type} {action}. {qualifier}.	covered the basics adequately
For anyone interested in climate change, this online journal felt lazy and poorly researched.	Media & Publishing	1	negative	For anyone interested in {topic}, this {media_type} {action}.	felt lazy and poorly researched
For anyone interested in technology trends, this newspaper was a standard read with no surprises.	Media & Publishing	3	neutral	For anyone interested in {topic}, this {media_type} {action}.	was a standard read with no surprises
For a solo trip, the customer service was the worst I have ever seen.	Travel & Vacation	2	negative	For a {trip_type} trip, the {aspect} {action}.	was the worst I have ever seen
I visited a mountain lodge in the Alps and the hotel room was spotless and well-maintained.	Travel & Vacation	4	positive	I visited {location} and the {aspect} {action}.	was spotless and well-maintained
The breakfast buffet at an all-inclusive in Cancun was spotless and well-maintained. Everything was exactly as advertised.	Travel & Vacation	5	positive	The {aspect} at {location} {action}. {detail}.	was spotless and well-maintained
The breakfast buffet was overpriced and underwhelming. Some things were good and others less so.	Travel & Vacation	1	negative	The {aspect} {action}. {detail}.	was overpriced and underwhelming
The newspaper was the worst publication I have read. Some sections were stronger than others.	Media & Publishing	1	negative	The {media_type} {action}. {detail}.	was the worst publication I have read
The beach access at a countryside B&B in Tuscany left us stranded without help. The whole place felt neglected.	Travel & Vacation	2	negative	The {aspect} at {location} {action}. {detail}.	left us stranded without help
Compared to other places, the customer service here ruined the entire vacation. Save your money and look elsewhere.	Travel & Vacation	1	negative	Compared to other places, the {aspect} here {action}. {recommendation}.	ruined the entire vacation
I picked up anthology by the editorial board and it delivered exceptional storytelling.	Media & Publishing	5	positive	I picked up {media_type} by {creator} and it {action}.	delivered exceptional storytelling
I picked up anthology by an independent journalist and it covered the basics adequately.	Media & Publishing	3	neutral	I picked up {media_type} by {creator} and it {action}.	covered the basics adequately
The beach access ruined the entire vacation. It was not worth the money at all.	Travel & Vacation	1	negative	The {aspect} {action}. {detail}.	ruined the entire vacation
The latest quarterly review from an indie press was misleading and full of bias.	Media & Publishing	2	negative	The latest {media_type} from {publisher} {action}.	was misleading and full of bias
I subscribed for the global economics coverage and the quarterly review was the worst publication I have read.	Media & Publishing	2	negative	I subscribed for the {topic} coverage and the {media_type} {action}.	was the worst publication I have read
For anyone interested in health and wellness, this magazine provided real depth and nuance.	Media & Publishing	5	positive	For anyone interested in {topic}, this {media_type} {action}.	provided real depth and nuance
The latest newspaper from a well-established media group kept me hooked from start to finish.	Media & Publishing	5	positive	The latest {media_type} from {publisher} {action}.	kept me hooked from start to finish
As a regular subscriber, I think this weekly digest was the worst publication I have read.	Media & Publishing	1	negative	As a {reader_type}, I think this {media_type} {action}.	was the worst publication I have read
I visited a city hotel in Tokyo and the flight experience was spotless and well-maintained.	Travel & Vacation	5	positive	I visited {location} and the {aspect} {action}.	was spotless and well-maintained
I picked up podcast transcript by an independent journalist and it delivered exceptional storytelling.	Media & Publishing	5	positive	I picked up {media_type} by {creator} and it {action}.	delivered exceptional storytelling
The check-in process was acceptable but unremarkable, which really shaped our family experience.	Travel & Vacation	3	neutral	The {aspect} {action}, which really shaped our {trip_type} experience.	was acceptable but unremarkable
We booked what was marketed as luxury but clearly was not and the pool area was spotless and well-maintained.	Travel & Vacation	4	positive	We booked {qualifier} and the {aspect} {action}.	was spotless and well-maintained
For a budget trip, the resort amenities met basic expectations.	Travel & Vacation	3	neutral	For a {trip_type} trip, the {aspect} {action}.	met basic expectations
For a family trip, the beach access provided outstanding service.	Travel & Vacation	5	positive	For a {trip_type} trip, the {aspect} {action}.	provided outstanding service
I subscribed for the technology trends coverage and the newsletter was an engaging and captivating read.	Media & Publishing	5	positive	I subscribed for the {topic} coverage and the {media_type} {action}.	was an engaging and captivating read
This newspaper about modern politics had some interesting parts but dragged. Take it or leave it.	Media & Publishing	3	neutral	This {media_type} about {topic} {action}. {recommendation}.	had some interesting parts but dragged
I subscribed for the health and wellness coverage and the special report was beautifully written and polished.	Media & Publishing	5	positive	I subscribed for the {topic} coverage and the {media_type} {action}.	was beautifully written and polished
I picked up weekly digest by a team of investigators and it set a new standard for the genre.	Media & Publishing	5	positive	I picked up {media_type} by {creator} and it {action}.	set a new standard for the genre
The check-in process at a mountain lodge in the Alps was absolutely wonderful. I would come back in a heartbeat.	Travel & Vacation	5	positive	The {aspect} at {location} {action}. {detail}.	was absolutely wonderful
We booked a last-minute deal online and the room service met basic expectations.	Travel & Vacation	3	neutral	We booked {qualifier} and the {aspect} {action}.	met basic expectations
For anyone interested in climate change, this digital edition offered fresh and insightful content.	Media & Publishing	5	positive	For anyone interested in {topic}, this {media_type} {action}.	offered fresh and insightful content
The spa treatment left us stranded without help, which really shaped our romantic experience.	Travel & Vacation	1	negative	The {aspect} {action}, which really shaped our {trip_type} experience.	left us stranded without help
Overall the spa treatment ruined the entire vacation. The most expensive package but it was not worth it.	Travel & Vacation	1	negative	Overall the {aspect} {action}. {qualifier}.	ruined the entire vacation
The editorial quality of the digital edition was the worst publication I have read. Read it if you have nothing else on your list.	Media & Publishing	1	negative	The editorial quality of the {media_type} {action}. {recommendation}.	was the worst publication I have read
This newspaper about cultural history covered the basics adequately. Take it or leave it.	Media & Publishing	3	neutral	This {media_type} about {topic} {action}. {recommendation}.	covered the basics adequately
We booked the top-rated option on the site and the pool area was a complete disappointment.	Travel & Vacation	1	negative	We booked {qualifier} and the {aspect} {action}.	was a complete disappointment
During our stay, the resort amenities met basic expectations. There are comparable options in the area.	Travel & Vacation	3	neutral	During our stay, the {aspect} {action}. {recommendation}.	met basic expectations
Compared to other places, the pool area here fell far below expectations. I would not recommend this to anyone.	Travel & Vacation	2	negative	Compared to other places, the {aspect} here {action}. {recommendation}.	fell far below expectations
During our stay, the resort amenities was a complete disappointment. Save your money and look elsewhere.	Travel & Vacation	1	negative	During our stay, the {aspect} {action}. {recommendation}.	was a complete disappointment
The check-in process was a complete disappointment. Everything was exactly as advertised.	Travel & Vacation	2	negative	The {aspect} {action}. {detail}.	was a complete disappointment
We booked a premium package and it was worth it and the resort amenities fell far below expectations.	Travel & Vacation	1	negative	We booked {qualifier} and the {aspect} {action}.	fell far below expectations
During our stay, the pool area was dirty and poorly maintained. Save your money and look elsewhere.	Travel & Vacation	2	negative	During our stay, the {aspect} {action}. {recommendation}.	was dirty and poorly maintained
This digital edition about modern politics covered the basics adequately. It depends on your level of interest in the topic.	Media & Publishing	3	neutral	This {media_type} about {topic} {action}. {recommendation}.	covered the basics adequately
The latest weekly digest from an indie press covered the basics adequately.	Media & Publishing	3	neutral	The latest {media_type} from {publisher} {action}.	covered the basics adequately
The airport transfer met basic expectations, which really shaped our adventure experience.	Travel & Vacation	3	neutral	The {aspect} {action}, which really shaped our {trip_type} experience.	met basic expectations
For a budget trip, the tour guide was spotless and well-maintained.	Travel & Vacation	4	positive	For a {trip_type} trip, the {aspect} {action}.	was spotless and well-maintained
Compared to other places, the room service here was spotless and well-maintained. Highly recommend for families.	Travel & Vacation	4	positive	Compared to other places, the {aspect} here {action}. {recommendation}.	was spotless and well-maintained
The editorial quality of the weekly digest set a new standard for the genre. Only useful as a doorstop.	Media & Publishing	5	positive	The editorial quality of the {media_type} {action}. {recommendation}.	set a new standard for the genre
The anthology was forgettable but not terrible. Some sections were stronger than others.	Media & Publishing	3	neutral	The {media_type} {action}. {detail}.	was forgettable but not terrible
After two weeks at a safari camp in Kenya, I can say the customer service was a complete disappointment.	Travel & Vacation	2	negative	After {duration} at {location}, I can say the {aspect} {action}.	was a complete disappointment
The beach access at a seaside resort in Bali was a complete disappointment. There were several issues during our stay.	Travel & Vacation	2	negative	The {aspect} at {location} {action}. {detail}.	was a complete disappointment
During our stay, the check-in process was the worst I have ever seen. Worth every penny for the experience.	Travel & Vacation	2	negative	During our stay, the {aspect} {action}. {recommendation}.	was the worst I have ever seen
For anyone interested in technology trends, this magazine neither impressed nor disappointed me.	Media & Publishing	3	neutral	For anyone interested in {topic}, this {media_type} {action}.	neither impressed nor disappointed me
The hotel room was spotless and well-maintained. The staff went above and beyond.	Travel & Vacation	4	positive	The {aspect} {action}. {detail}.	was spotless and well-maintained
The magazine was a standout piece of journalism. The illustrations and layout were top-notch.	Media & Publishing	5	positive	The {media_type} {action}. {detail}.	was a standout piece of journalism
The special report was the worst publication I have read. There are much better alternatives available.	Media & Publishing	1	negative	The {media_type} {action}. {qualifier}.	was the worst publication I have read
The quarterly review was misleading and full of bias. I could not get past the first chapter.	Media & Publishing	1	negative	The {media_type} {action}. {detail}.	was misleading and full of bias
The editorial quality of the weekly digest had zero editorial quality. Avoid unless you enjoy being frustrated.	Media & Publishing	2	negative	The editorial quality of the {media_type} {action}. {recommendation}.	had zero editorial quality
The resort amenities was dirty and poorly maintained, which really shaped our family experience.	Travel & Vacation	1	negative	The {aspect} {action}, which really shaped our {trip_type} experience.	was dirty and poorly maintained
I subscribed for the artificial intelligence coverage and the digital edition was a standard read with no surprises.	Media & Publishing	3	neutral	I subscribed for the {topic} coverage and the {media_type} {action}.	was a standard read with no surprises
The spa treatment at an all-inclusive in Cancun was dirty and poorly maintained. The photos online were misleading.	Travel & Vacation	1	negative	The {aspect} at {location} {action}. {detail}.	was dirty and poorly maintained
Compared to other places, the resort amenities here was absolutely wonderful. I would not recommend this to anyone.	Travel & Vacation	4	positive	Compared to other places, the {aspect} here {action}. {recommendation}.	was absolutely wonderful
The spa treatment was a truly memorable experience, which really shaped our adventure experience.	Travel & Vacation	5	positive	The {aspect} {action}, which really shaped our {trip_type} experience.	was a truly memorable experience
I visited a countryside B&B in Tuscany and the customer service met basic expectations.	Travel & Vacation	3	neutral	I visited {location} and the {aspect} {action}.	met basic expectations
As a regular subscriber, I think this special report was a standout piece of journalism.	Media & Publishing	5	positive	As a {reader_type}, I think this {media_type} {action}.	was a standout piece of journalism
After reading the newspaper on artificial intelligence, I found it was misleading and full of bias. Every paragraph added something new.	Media & Publishing	2	negative	After reading the {media_type} on {topic}, I found it {action}. {detail}.	was misleading and full of bias
The latest anthology from a nonprofit newsroom was beautifully written and polished.	Media & Publishing	4	positive	The latest {media_type} from {publisher} {action}.	was beautifully written and polished
Overall the room service was nothing special. Whatever was available on short notice.	Travel & Vacation	3	neutral	Overall the {aspect} {action}. {qualifier}.	was nothing special
I picked up digital edition by a veteran reporter and it wasted my time completely.	Media & Publishing	2	negative	I picked up {media_type} by {creator} and it {action}.	wasted my time completely
This newsletter about technology trends delivered exceptional storytelling. Worth subscribing just for this.	Media & Publishing	5	positive	This {media_type} about {topic} {action}. {recommendation}.	delivered exceptional storytelling
Overall the pool area was decent for the price. A last-minute deal online.	Travel & Vacation	3	neutral	Overall the {aspect} {action}. {qualifier}.	was decent for the price
I visited a countryside B&B in Tuscany and the hotel room fell far below expectations.	Travel & Vacation	1	negative	I visited {location} and the {aspect} {action}.	fell far below expectations
I subscribed for the cultural history coverage and the quarterly review delivered exceptional storytelling.	Media & Publishing	5	positive	I subscribed for the {topic} coverage and the {media_type} {action}.	delivered exceptional storytelling
After a full week at a boutique hotel in Paris, I can say the flight experience made the whole trip worthwhile.	Travel & Vacation	5	positive	After {duration} at {location}, I can say the {aspect} {action}.	made the whole trip worthwhile
For anyone interested in cultural history, this anthology felt lazy and poorly researched.	Media & Publishing	2	negative	For anyone interested in {topic}, this {media_type} {action}.	felt lazy and poorly researched
The breakfast buffet at a cruise ship in the Caribbean was a complete disappointment. We had no complaints whatsoever.	Travel & Vacation	1	negative	The {aspect} at {location} {action}. {detail}.	was a complete disappointment
The editorial quality of the digital edition set a new standard for the genre. I have already recommended it to friends.	Media & Publishing	4	positive	The editorial quality of the {media_type} {action}. {recommendation}.	set a new standard for the genre
The beach access at a countryside B&B in Tuscany provided outstanding service. The staff went above and beyond.	Travel & Vacation	5	positive	The {aspect} at {location} {action}. {detail}.	provided outstanding service
This podcast transcript about climate change had zero editorial quality. I cancelled my subscription after this.	Media & Publishing	2	negative	This {media_type} about {topic} {action}. {recommendation}.	had zero editorial quality
I visited a safari camp in Kenya and the customer service was decent for the price.	Travel & Vacation	3	neutral	I visited {location} and the {aspect} {action}.	was decent for the price
As a long-time fan of the genre, I think this podcast transcript neither impressed nor disappointed me.	Media & Publishing	3	neutral	As a {reader_type}, I think this {media_type} {action}.	neither impressed nor disappointed me
Compared to other places, the customer service here felt like a dream come true. Worth every penny for the experience.	Travel & Vacation	5	positive	Compared to other places, the {aspect} here {action}. {recommendation}.	felt like a dream come true
For a budget trip, the room service was dirty and poorly maintained.	Travel & Vacation	1	negative	For a {trip_type} trip, the {aspect} {action}.	was dirty and poorly maintained
The anthology offered fresh and insightful content. Every paragraph added something new.	Media & Publishing	5	positive	The {media_type} {action}. {detail}.	offered fresh and insightful content
We booked a last-minute deal online and the room service was nothing special.	Travel & Vacation	3	neutral	We booked {qualifier} and the {aspect} {action}.	was nothing special
Compared to other places, the tour guide here was nothing special. Fine if you manage your expectations.	Travel & Vacation	3	neutral	Compared to other places, the {aspect} here {action}. {recommendation}.	was nothing special
I visited a boutique hotel in Paris and the hotel room was the worst I have ever seen.	Travel & Vacation	2	negative	I visited {location} and the {aspect} {action}.	was the worst I have ever seen
I picked up magazine by the editorial board and it felt lazy and poorly researched.	Media & Publishing	1	negative	I picked up {media_type} by {creator} and it {action}.	felt lazy and poorly researched
The editorial quality of the weekly digest neither impressed nor disappointed me. Decent enough to skim on a lazy afternoon.	Media & Publishing	3	neutral	The editorial quality of the {media_type} {action}. {recommendation}.	neither impressed nor disappointed me
For anyone interested in technology trends, this newspaper was forgettable but not terrible.	Media & Publishing	3	neutral	For anyone interested in {topic}, this {media_type} {action}.	was forgettable but not terrible
During our stay, the pool area left us stranded without help. I would not recommend this to anyone.	Travel & Vacation	1	negative	During our stay, the {aspect} {action}. {recommendation}.	left us stranded without help
The editorial quality of the weekly digest set a new standard for the genre. I have already recommended it to friends.	Media & Publishing	4	positive	The editorial quality of the {media_type} {action}. {recommendation}.	set a new standard for the genre
I subscribed for the artificial intelligence coverage and the quarterly review was riddled with errors and typos.	Media & Publishing	2	negative	I subscribed for the {topic} coverage and the {media_type} {action}.	was riddled with errors and typos
The room service was beautifully organized, which really shaped our romantic experience.	Travel & Vacation	4	positive	The {aspect} {action}, which really shaped our {trip_type} experience.	was beautifully organized
The resort amenities at a safari camp in Kenya was absolutely wonderful. I would come back in a heartbeat.	Travel & Vacation	5	positive	The {aspect} at {location} {action}. {detail}.	was absolutely wonderful
For a solo trip, the customer service was overpriced and underwhelming.	Travel & Vacation	2	negative	For a {trip_type} trip, the {aspect} {action}.	was overpriced and underwhelming
Overall the beach access was average overall. A last-minute deal online.	Travel & Vacation	3	neutral	Overall the {aspect} {action}. {qualifier}.	was average overall
The editorial quality of the podcast transcript wasted my time completely. Avoid unless you enjoy being frustrated.	Media & Publishing	1	negative	The editorial quality of the {media_type} {action}. {recommendation}.	wasted my time completely
Compared to other places, the check-in process here was average overall. It depends on what you are looking for.	Travel & Vacation	3	neutral	Compared to other places, the {aspect} here {action}. {recommendation}.	was average overall
For a solo trip, the flight experience was spotless and well-maintained.	Travel & Vacation	4	positive	For a {trip_type} trip, the {aspect} {action}.	was spotless and well-maintained
After a weekend at a seaside resort in Bali, I can say the resort amenities was overpriced and underwhelming.	Travel & Vacation	2	negative	After {duration} at {location}, I can say the {aspect} {action}.	was overpriced and underwhelming
After reading the digital edition on climate change, I found it delivered exceptional storytelling. Some sections were stronger than others.	Media & Publishing	5	positive	After reading the {media_type} on {topic}, I found it {action}. {detail}.	delivered exceptional storytelling
The latest anthology from a university publisher kept me hooked from start to finish.	Media & Publishing	4	positive	The latest {media_type} from {publisher} {action}.	kept me hooked from start to finish
I subscribed for the artificial intelligence coverage and the podcast transcript delivered exceptional storytelling.	Media & Publishing	5	positive	I subscribed for the {topic} coverage and the {media_type} {action}.	delivered exceptional storytelling
During our stay, the hotel room was a truly memorable experience. It depends on what you are looking for.	Travel & Vacation	5	positive	During our stay, the {aspect} {action}. {recommendation}.	was a truly memorable experience
After five nights at a cruise ship in the Caribbean, I can say the tour guide was decent for the price.	Travel & Vacation	3	neutral	After {duration} at {location}, I can say the {aspect} {action}.	was decent for the price
The breakfast buffet at an all-inclusive in Cancun fell far below expectations. Management did not seem to care.	Travel & Vacation	2	negative	The {aspect} at {location} {action}. {detail}.	fell far below expectations
We booked a last-minute deal online and the spa treatment was nothing special.	Travel & Vacation	3	neutral	We booked {qualifier} and the {aspect} {action}.	was nothing special
The hotel room at a seaside resort in Bali was a truly memorable experience. It did the job but nothing stood out.	Travel & Vacation	5	positive	The {aspect} at {location} {action}. {detail}.	was a truly memorable experience
The latest weekly digest from a university publisher delivered exceptional storytelling.	Media & Publishing	4	positive	The latest {media_type} from {publisher} {action}.	delivered exceptional storytelling
The editorial quality of the online journal was a standout piece of journalism. Worth subscribing just for this.	Media & Publishing	4	positive	The editorial quality of the {media_type} {action}. {recommendation}.	was a standout piece of journalism
I visited a cruise ship in the Caribbean and the room service fell far below expectations.	Travel & Vacation	1	negative	I visited {location} and the {aspect} {action}.	fell far below expectations
I visited a city hotel in Tokyo and the airport transfer ruined the entire vacation.	Travel & Vacation	2	negative	I visited {location} and the {aspect} {action}.	ruined the entire vacation
I picked up quarterly review by an independent journalist and it was beautifully written and polished.	Media & Publishing	4	positive	I picked up {media_type} by {creator} and it {action}.	was beautifully written and polished
The customer service left us stranded without help. The whole place felt neglected.	Travel & Vacation	1	negative	The {aspect} {action}. {detail}.	left us stranded without help
After a weekend at a mountain lodge in the Alps, I can say the resort amenities exceeded all my expectations.	Travel & Vacation	4	positive	After {duration} at {location}, I can say the {aspect} {action}.	exceeded all my expectations
The room service at a countryside B&B in Tuscany was beautifully organized. The staff went above and beyond.	Travel & Vacation	4	positive	The {aspect} at {location} {action}. {detail}.	was beautifully organized
The room service provided outstanding service. It did the job but nothing stood out.	Travel & Vacation	5	positive	The {aspect} {action}. {detail}.	provided outstanding service
The latest digital edition from a major publishing house covered the basics adequately.	Media & Publishing	3	neutral	The latest {media_type} from {publisher} {action}.	covered the basics adequately
After reading the newsletter on climate change, I found it set a new standard for the genre. The illustrations and layout were top-notch.	Media & Publishing	4	positive	After reading the {media_type} on {topic}, I found it {action}. {detail}.	set a new standard for the genre
This digital edition about modern politics kept me hooked from start to finish. Worth subscribing just for this.	Media & Publishing	5	positive	This {media_type} about {topic} {action}. {recommendation}.	kept me hooked from start to finish
I subscribed for the space exploration coverage and the magazine was a standout piece of journalism.	Media & Publishing	4	positive	I subscribed for the {topic} coverage and the {media_type} {action}.	was a standout piece of journalism
The room service at a mountain lodge in the Alps exceeded all my expectations. There were both highs and lows during our stay.	Travel & Vacation	4	positive	The {aspect} at {location} {action}. {detail}.	exceeded all my expectations
The resort amenities at a seaside resort in Bali left us stranded without help. Management did not seem to care.	Travel & Vacation	1	negative	The {aspect} at {location} {action}. {detail}.	left us stranded without help
I subscribed for the modern politics coverage and the digital edition was a standout piece of journalism.	Media & Publishing	5	positive	I subscribed for the {topic} coverage and the {media_type} {action}.	was a standout piece of journalism
After reading the weekly digest on global economics, I found it had zero editorial quality. I could not get past the first chapter.	Media & Publishing	1	negative	After reading the {media_type} on {topic}, I found it {action}. {detail}.	had zero editorial quality
Compared to other places, the tour guide here ruined the entire vacation. Skip this one and try somewhere else.	Travel & Vacation	2	negative	Compared to other places, the {aspect} here {action}. {recommendation}.	ruined the entire vacation
I subscribed for the modern politics coverage and the newspaper had some interesting parts but dragged.	Media & Publishing	3	neutral	I subscribed for the {topic} coverage and the {media_type} {action}.	had some interesting parts but dragged
The special report was clickbait with no real substance. The writing was serviceable but not memorable.	Media & Publishing	2	negative	The {media_type} {action}. {detail}.	was clickbait with no real substance
The anthology was beautifully written and polished. The price-to-value ratio is excellent.	Media & Publishing	5	positive	The {media_type} {action}. {qualifier}.	was beautifully written and polished
The airport transfer was a complete disappointment. There were several issues during our stay.	Travel & Vacation	1	negative	The {aspect} {action}. {detail}.	was a complete disappointment
After a weekend at a city hotel in Tokyo, I can say the pool area provided outstanding service.	Travel & Vacation	4	positive	After {duration} at {location}, I can say the {aspect} {action}.	provided outstanding service
The latest magazine from an indie press was misleading and full of bias.	Media & Publishing	1	negative	The latest {media_type} from {publisher} {action}.	was misleading and full of bias
Compared to other places, the spa treatment here was beautifully organized. Worth every penny for the experience.	Travel & Vacation	4	positive	Compared to other places, the {aspect} here {action}. {recommendation}.	was beautifully organized
The latest quarterly review from a nonprofit newsroom was misleading and full of bias.	Media & Publishing	2	negative	The latest {media_type} from {publisher} {action}.	was misleading and full of bias
I visited a mountain lodge in the Alps and the room service ruined the entire vacation.	Travel & Vacation	1	negative	I visited {location} and the {aspect} {action}.	ruined the entire vacation
The pool area was a complete disappointment, which really shaped our budget experience.	Travel & Vacation	1	negative	The {aspect} {action}, which really shaped our {trip_type} experience.	was a complete disappointment
I subscribed for the space exploration coverage and the special report was riddled with errors and typos.	Media & Publishing	1	negative	I subscribed for the {topic} coverage and the {media_type} {action}.	was riddled with errors and typos
The latest special report from a nonprofit newsroom kept me hooked from start to finish.	Media & Publishing	4	positive	The latest {media_type} from {publisher} {action}.	kept me hooked from start to finish
As a casual reader, I think this digital edition offered fresh and insightful content.	Media & Publishing	4	positive	As a {reader_type}, I think this {media_type} {action}.	offered fresh and insightful content
This digital edition about climate change was misleading and full of bias. Avoid unless you enjoy being frustrated.	Media & Publishing	2	negative	This {media_type} about {topic} {action}. {recommendation}.	was misleading and full of bias
The beach access was the worst I have ever seen. We could hear noise all night long.	Travel & Vacation	1	negative	The {aspect} {action}. {detail}.	was the worst I have ever seen
I subscribed for the global economics coverage and the weekly digest delivered exceptional storytelling.	Media & Publishing	4	positive	I subscribed for the {topic} coverage and the {media_type} {action}.	delivered exceptional storytelling
During our stay, the beach access was average overall. It depends on what you are looking for.	Travel & Vacation	3	neutral	During our stay, the {aspect} {action}. {recommendation}.	was average overall
After reading the quarterly review on cultural history, I found it set a new standard for the genre. The illustrations and layout were top-notch.	Media & Publishing	5	positive	After reading the {media_type} on {topic}, I found it {action}. {detail}.	set a new standard for the genre
Compared to other places, the flight experience here was the worst I have ever seen. Skip this one and try somewhere else.	Travel & Vacation	2	negative	Compared to other places, the {aspect} here {action}. {recommendation}.	was the worst I have ever seen
Compared to other places, the room service here was a truly memorable experience. Worth every penny for the experience.	Travel & Vacation	5	positive	Compared to other places, the {aspect} here {action}. {recommendation}.	was a truly memorable experience
During our stay, the breakfast buffet provided outstanding service. I tell everyone about this place.	Travel & Vacation	5	positive	During our stay, the {aspect} {action}. {recommendation}.	provided outstanding service
Overall the beach access was a truly memorable experience. Through a trusted travel agent.	Travel & Vacation	4	positive	Overall the {aspect} {action}. {qualifier}.	was a truly memorable experience
The digital edition was the worst publication I have read. I could not get past the first chapter.	Media & Publishing	1	negative	The {media_type} {action}. {detail}.	was the worst publication I have read
The newspaper was riddled with errors and typos. There was nothing in it I had not read before.	Media & Publishing	1	negative	The {media_type} {action}. {detail}.	was riddled with errors and typos
For a business trip, the customer service was absolutely wonderful.	Travel & Vacation	4	positive	For a {trip_type} trip, the {aspect} {action}.	was absolutely wonderful
Overall the resort amenities was decent for the price. Whatever was available on short notice.	Travel & Vacation	3	neutral	Overall the {aspect} {action}. {qualifier}.	was decent for the price
The weekly digest was riddled with errors and typos. The writing was serviceable but not memorable.	Media & Publishing	2	negative	The {media_type} {action}. {detail}.	was riddled with errors and typos
I picked up magazine by the editorial board and it was riddled with errors and typos.	Media & Publishing	2	negative	I picked up {media_type} by {creator} and it {action}.	was riddled with errors and typos
The room service was overpriced and underwhelming, which really shaped our adventure experience.	Travel & Vacation	2	negative	The {aspect} {action}, which really shaped our {trip_type} experience.	was overpriced and underwhelming
I subscribed for the technology trends coverage and the magazine was forgettable but not terrible.	Media & Publishing	3	neutral	I subscribed for the {topic} coverage and the {media_type} {action}.	was forgettable but not terrible
Compared to other places, the airport transfer here exceeded all my expectations. I tell everyone about this place.	Travel & Vacation	4	positive	Compared to other places, the {aspect} here {action}. {recommendation}.	exceeded all my expectations
The quarterly review was clickbait with no real substance. I could not get past the first chapter.	Media & Publishing	1	negative	The {media_type} {action}. {detail}.	was clickbait with no real substance
The editorial quality of the anthology had some interesting parts but dragged. It depends on your level of interest in the topic.	Media & Publishing	3	neutral	The editorial quality of the {media_type} {action}. {recommendation}.	had some interesting parts but dragged
Overall the check-in process felt like a dream come true. A package deal for our anniversary and it delivered.	Travel & Vacation	4	positive	Overall the {aspect} {action}. {qualifier}.	felt like a dream come true
I visited a mountain lodge in the Alps and the spa treatment was decent for the price.	Travel & Vacation	3	neutral	I visited {location} and the {aspect} {action}.	was decent for the price
The newspaper was the worst publication I have read. The price-to-value ratio is excellent.	Media & Publishing	2	negative	The {media_type} {action}. {qualifier}.	was the worst publication I have read
The latest digital edition from a university publisher felt lazy and poorly researched.	Media & Publishing	1	negative	The latest {media_type} from {publisher} {action}.	felt lazy and poorly researched
For anyone interested in global economics, this newsletter was misleading and full of bias.	Media & Publishing	2	negative	For anyone interested in {topic}, this {media_type} {action}.	was misleading and full of bias
We booked a package deal for our anniversary and it delivered and the hotel room was absolutely wonderful.	Travel & Vacation	4	positive	We booked {qualifier} and the {aspect} {action}.	was absolutely wonderful
The latest weekly digest from a well-established media group kept me hooked from start to finish.	Media & Publishing	4	positive	The latest {media_type} from {publisher} {action}.	kept me hooked from start to finish
The weekly digest was beautifully written and polished. It fills a gap in the market brilliantly.	Media & Publishing	4	positive	The {media_type} {action}. {qualifier}.	was beautifully written and polished
I visited a mountain lodge in the Alps and the pool area provided outstanding service.	Travel & Vacation	4	positive	I visited {location} and the {aspect} {action}.	provided outstanding service
For anyone interested in technology trends, this digital edition was riddled with errors and typos.	Media & Publishing	1	negative	For anyone interested in {topic}, this {media_type} {action}.	was riddled with errors and typos
The resort amenities at a cruise ship in the Caribbean was a complete disappointment. Some things were good and others less so.	Travel & Vacation	1	negative	The {aspect} at {location} {action}. {detail}.	was a complete disappointment
The digital edition was clickbait with no real substance. The arguments fell apart under any scrutiny.	Media & Publishing	1	negative	The {media_type} {action}. {detail}.	was clickbait with no real substance
I subscribed for the global economics coverage and the quarterly review kept me hooked from start to finish.	Media & Publishing	5	positive	I subscribed for the {topic} coverage and the {media_type} {action}.	kept me hooked from start to finish
The room service at a seaside resort in Bali left us stranded without help. There were several issues during our stay.	Travel & Vacation	2	negative	The {aspect} at {location} {action}. {detail}.	left us stranded without help
We booked a mid-range option after comparing prices and the airport transfer was decent for the price.	Travel & Vacation	3	neutral	We booked {qualifier} and the {aspect} {action}.	was decent for the price
For a business trip, the check-in process left us stranded without help.	Travel & Vacation	2	negative	For a {trip_type} trip, the {aspect} {action}.	left us stranded without help
This special report about space exploration delivered exceptional storytelling. A must-read for anyone in the field.	Media & Publishing	5	positive	This {media_type} about {topic} {action}. {recommendation}.	delivered exceptional storytelling
We booked a mid-range option after comparing prices and the breakfast buffet exceeded all my expectations.	Travel & Vacation	5	positive	We booked {qualifier} and the {aspect} {action}.	exceeded all my expectations
Compared to other places, the room service here was overpriced and underwhelming. It depends on what you are looking for.	Travel & Vacation	1	negative	Compared to other places, the {aspect} here {action}. {recommendation}.	was overpriced and underwhelming
After two weeks at an all-inclusive in Cancun, I can say the spa treatment felt like a dream come true.	Travel & Vacation	5	positive	After {duration} at {location}, I can say the {aspect} {action}.	felt like a dream come true
The online journal was misleading and full of bias. The price-to-value ratio is excellent.	Media & Publishing	1	negative	The {media_type} {action}. {qualifier}.	was misleading and full of bias
The latest digital edition from an indie press covered the basics adequately.	Media & Publishing	3	neutral	The latest {media_type} from {publisher} {action}.	covered the basics adequately
I visited an all-inclusive in Cancun and the tour guide was a complete disappointment.	Travel & Vacation	2	negative	I visited {location} and the {aspect} {action}.	was a complete disappointment
We booked based on fake positive reviews and the tour guide was overpriced and underwhelming.	Travel & Vacation	1	negative	We booked {qualifier} and the {aspect} {action}.	was overpriced and underwhelming
The room service at a boutique hotel in Paris was overpriced and underwhelming. The whole place felt neglected.	Travel & Vacation	1	negative	The {aspect} at {location} {action}. {detail}.	was overpriced and underwhelming
The room service at a countryside B&B in Tuscany met basic expectations. Some things were good and others less so.	Travel & Vacation	3	neutral	The {aspect} at {location} {action}. {detail}.	met basic expectations
During our stay, the room service provided outstanding service. Great for couples looking for a getaway.	Travel & Vacation	4	positive	During our stay, the {aspect} {action}. {recommendation}.	provided outstanding service
The special report had zero editorial quality. It fills a gap in the market.	Media & Publishing	2	negative	The {media_type} {action}. {qualifier}.	had zero editorial quality
I subscribed for the health and wellness coverage and the podcast transcript provided real depth and nuance.	Media & Publishing	5	positive	I subscribed for the {topic} coverage and the {media_type} {action}.	provided real depth and nuance
The latest anthology from an indie press covered the basics adequately.	Media & Publishing	3	neutral	The latest {media_type} from {publisher} {action}.	covered the basics adequately
After reading the magazine on health and wellness, I found it was a standout piece of journalism. Some sections were stronger than others.	Media & Publishing	5	positive	After reading the {media_type} on {topic}, I found it {action}. {detail}.	was a standout piece of journalism
The breakfast buffet was nothing special, which really shaped our solo experience.	Travel & Vacation	3	neutral	The {aspect} {action}, which really shaped our {trip_type} experience.	was nothing special
The latest podcast transcript from an online-only outlet was the worst publication I have read.	Media & Publishing	2	negative	The latest {media_type} from {publisher} {action}.	was the worst publication I have read
As a casual reader, I think this weekly digest kept me hooked from start to finish.	Media & Publishing	4	positive	As a {reader_type}, I think this {media_type} {action}.	kept me hooked from start to finish
I picked up weekly digest by an independent journalist and it kept me hooked from start to finish.	Media & Publishing	5	positive	I picked up {media_type} by {creator} and it {action}.	kept me hooked from start to finish
For anyone interested in modern politics, this quarterly review provided real depth and nuance.	Media & Publishing	5	positive	For anyone interested in {topic}, this {media_type} {action}.	provided real depth and nuance
Compared to other places, the resort amenities here was dirty and poorly maintained. Highly recommend for families.	Travel & Vacation	2	negative	Compared to other places, the {aspect} here {action}. {recommendation}.	was dirty and poorly maintained
I picked up online journal by a team of investigators and it was beautifully written and polished.	Media & Publishing	4	positive	I picked up {media_type} by {creator} and it {action}.	was beautifully written and polished
During our stay, the airport transfer exceeded all my expectations. I tell everyone about this place.	Travel & Vacation	4	positive	During our stay, the {aspect} {action}. {recommendation}.	exceeded all my expectations
Overall the hotel room was a complete disappointment. The cheapest option and it showed.	Travel & Vacation	1	negative	Overall the {aspect} {action}. {qualifier}.	was a complete disappointment
The flight experience was absolutely wonderful. We had no complaints whatsoever.	Travel & Vacation	4	positive	The {aspect} {action}. {detail}.	was absolutely wonderful
The special report was the worst publication I have read. The writing quality was surprisingly poor.	Media & Publishing	2	negative	The {media_type} {action}. {detail}.	was the worst publication I have read
The pool area was a complete disappointment. There were several issues during our stay.	Travel & Vacation	1	negative	The {aspect} {action}. {detail}.	was a complete disappointment
The tour guide at a boutique hotel in Paris was spotless and well-maintained. I would come back in a heartbeat.	Travel & Vacation	5	positive	The {aspect} at {location} {action}. {detail}.	was spotless and well-maintained
After reading the newspaper on climate change, I found it was riddled with errors and typos. The writing was serviceable but not memorable.	Media & Publishing	1	negative	After reading the {media_type} on {topic}, I found it {action}. {detail}.	was riddled with errors and typos
As a casual reader, I think this anthology delivered exceptional storytelling.	Media & Publishing	4	positive	As a {reader_type}, I think this {media_type} {action}.	delivered exceptional storytelling
Compared to other places, the tour guide here exceeded all my expectations. Highly recommend for families.	Travel & Vacation	4	positive	Compared to other places, the {aspect} here {action}. {recommendation}.	exceeded all my expectations
Overall the breakfast buffet was nothing special. Whatever was available on short notice.	Travel & Vacation	3	neutral	Overall the {aspect} {action}. {qualifier}.	was nothing special
The latest newspaper from a university publisher kept me hooked from start to finish.	Media & Publishing	5	positive	The latest {media_type} from {publisher} {action}.	kept me hooked from start to finish
This newspaper about health and wellness was misleading and full of bias. Take it or leave it.	Media & Publishing	1	negative	This {media_type} about {topic} {action}. {recommendation}.	was misleading and full of bias
Compared to other places, the hotel room here was nothing special. Might work for a short stay.	Travel & Vacation	3	neutral	Compared to other places, the {aspect} here {action}. {recommendation}.	was nothing special
The special report was riddled with errors and typos. The arguments fell apart under any scrutiny.	Media & Publishing	2	negative	The {media_type} {action}. {detail}.	was riddled with errors and typos
During our stay, the check-in process provided outstanding service. Highly recommend for families.	Travel & Vacation	4	positive	During our stay, the {aspect} {action}. {recommendation}.	provided outstanding service
I picked up weekly digest by a first-time author and it set a new standard for the genre.	Media & Publishing	5	positive	I picked up {media_type} by {creator} and it {action}.	set a new standard for the genre
After a full week at an all-inclusive in Cancun, I can say the beach access was acceptable but unremarkable.	Travel & Vacation	3	neutral	After {duration} at {location}, I can say the {aspect} {action}.	was acceptable but unremarkable
I picked up digital edition by a veteran reporter and it provided real depth and nuance.	Media & Publishing	5	positive	I picked up {media_type} by {creator} and it {action}.	provided real depth and nuance
As a first-time buyer, I think this podcast transcript wasted my time completely.	Media & Publishing	2	negative	As a {reader_type}, I think this {media_type} {action}.	wasted my time completely
During our stay, the resort amenities was beautifully organized. Highly recommend for families.	Travel & Vacation	4	positive	During our stay, the {aspect} {action}. {recommendation}.	was beautifully organized
I picked up online journal by a team of investigators and it was the worst publication I have read.	Media & Publishing	1	negative	I picked up {media_type} by {creator} and it {action}.	was the worst publication I have read
The flight experience made the whole trip worthwhile, which really shaped our romantic experience.	Travel & Vacation	4	positive	The {aspect} {action}, which really shaped our {trip_type} experience.	made the whole trip worthwhile
For a family trip, the customer service fell far below expectations.	Travel & Vacation	1	negative	For a {trip_type} trip, the {aspect} {action}.	fell far below expectations
We booked the most expensive package but it was not worth it and the room service was the worst I have ever seen.	Travel & Vacation	2	negative	We booked {qualifier} and the {aspect} {action}.	was the worst I have ever seen
The room service was absolutely wonderful. Everything was exactly as advertised.	Travel & Vacation	5	positive	The {aspect} {action}. {detail}.	was absolutely wonderful
I picked up newsletter by a well-known columnist and it was the worst publication I have read.	Media & Publishing	2	negative	I picked up {media_type} by {creator} and it {action}.	was the worst publication I have read
The anthology had zero editorial quality. The writing quality was surprisingly poor.	Media & Publishing	2	negative	The {media_type} {action}. {detail}.	had zero editorial quality
For anyone interested in health and wellness, this special report was misleading and full of bias.	Media & Publishing	1	negative	For anyone interested in {topic}, this {media_type} {action}.	was misleading and full of bias
The check-in process left us stranded without help, which really shaped our romantic experience.	Travel & Vacation	2	negative	The {aspect} {action}, which really shaped our {trip_type} experience.	left us stranded without help
During our stay, the check-in process was decent for the price. Fine if you manage your expectations.	Travel & Vacation	3	neutral	During our stay, the {aspect} {action}. {recommendation}.	was decent for the price
The check-in process was a truly memorable experience, which really shaped our business experience.	Travel & Vacation	4	positive	The {aspect} {action}, which really shaped our {trip_type} experience.	was a truly memorable experience
After two weeks at a mountain lodge in the Alps, I can say the airport transfer exceeded all my expectations.	Travel & Vacation	5	positive	After {duration} at {location}, I can say the {aspect} {action}.	exceeded all my expectations
During our stay, the flight experience was a truly memorable experience. Already planning our next visit.	Travel & Vacation	4	positive	During our stay, the {aspect} {action}. {recommendation}.	was a truly memorable experience
The flight experience was a complete disappointment, which really shaped our adventure experience.	Travel & Vacation	1	negative	The {aspect} {action}, which really shaped our {trip_type} experience.	was a complete disappointment
The editorial quality of the newsletter had zero editorial quality. Save your money and skip this one.	Media & Publishing	2	negative	The editorial quality of the {media_type} {action}. {recommendation}.	had zero editorial quality
Compared to other places, the tour guide here ruined the entire vacation. I wish I had read the bad reviews first.	Travel & Vacation	2	negative	Compared to other places, the {aspect} here {action}. {recommendation}.	ruined the entire vacation
The latest magazine from an online-only outlet was a standout piece of journalism.	Media & Publishing	5	positive	The latest {media_type} from {publisher} {action}.	was a standout piece of journalism
After five nights at a safari camp in Kenya, I can say the resort amenities was the worst I have ever seen.	Travel & Vacation	2	negative	After {duration} at {location}, I can say the {aspect} {action}.	was the worst I have ever seen
The flight experience left us stranded without help. The whole place felt neglected.	Travel & Vacation	2	negative	The {aspect} {action}. {detail}.	left us stranded without help
I subscribed for the health and wellness coverage and the magazine was clickbait with no real substance.	Media & Publishing	1	negative	I subscribed for the {topic} coverage and the {media_type} {action}.	was clickbait with no real substance
The breakfast buffet met basic expectations, which really shaped our romantic experience.	Travel & Vacation	3	neutral	The {aspect} {action}, which really shaped our {trip_type} experience.	met basic expectations
After reading the digital edition on global economics, I found it kept me hooked from start to finish. It had a few interesting points buried in filler.	Media & Publishing	5	positive	After reading the {media_type} on {topic}, I found it {action}. {detail}.	kept me hooked from start to finish
For anyone interested in artificial intelligence, this magazine was misleading and full of bias.	Media & Publishing	2	negative	For anyone interested in {topic}, this {media_type} {action}.	was misleading and full of bias
The flight experience made the whole trip worthwhile. Some things were good and others less so.	Travel & Vacation	5	positive	The {aspect} {action}. {detail}.	made the whole trip worthwhile
As a professional in the field, I think this digital edition was misleading and full of bias.	Media & Publishing	2	negative	As a {reader_type}, I think this {media_type} {action}.	was misleading and full of bias
This online journal about artificial intelligence was riddled with errors and typos. I cancelled my subscription after this.	Media & Publishing	1	negative	This {media_type} about {topic} {action}. {recommendation}.	was riddled with errors and typos
The pool area exceeded all my expectations. There were both highs and lows during our stay.	Travel & Vacation	4	positive	The {aspect} {action}. {detail}.	exceeded all my expectations
I visited a mountain lodge in the Alps and the breakfast buffet was absolutely wonderful.	Travel & Vacation	4	positive	I visited {location} and the {aspect} {action}.	was absolutely wonderful
Compared to other places, the breakfast buffet here was acceptable but unremarkable. Might work for a short stay.	Travel & Vacation	3	neutral	Compared to other places, the {aspect} here {action}. {recommendation}.	was acceptable but unremarkable
Overall the check-in process fell far below expectations. What was marketed as luxury but clearly was not.	Travel & Vacation	2	negative	Overall the {aspect} {action}. {qualifier}.	fell far below expectations
The online journal wasted my time completely. It read like an advertisement rather than journalism.	Media & Publishing	2	negative	The {media_type} {action}. {detail}.	wasted my time completely
Overall the airport transfer was spotless and well-maintained. Through a trusted travel agent.	Travel & Vacation	5	positive	Overall the {aspect} {action}. {qualifier}.	was spotless and well-maintained
The check-in process at a safari camp in Kenya was a truly memorable experience. The views alone made it worthwhile.	Travel & Vacation	5	positive	The {aspect} at {location} {action}. {detail}.	was a truly memorable experience
The digital edition had zero editorial quality. The writing quality was surprisingly poor.	Media & Publishing	2	negative	The {media_type} {action}. {detail}.	had zero editorial quality
I subscribed for the climate change coverage and the anthology was clickbait with no real substance.	Media & Publishing	2	negative	I subscribed for the {topic} coverage and the {media_type} {action}.	was clickbait with no real substance
The resort amenities made the whole trip worthwhile, which really shaped our romantic experience.	Travel & Vacation	5	positive	The {aspect} {action}, which really shaped our {trip_type} experience.	made the whole trip worthwhile
The editorial quality of the newspaper had zero editorial quality. Not worth the subscription price.	Media & Publishing	2	negative	The editorial quality of the {media_type} {action}. {recommendation}.	had zero editorial quality
The flight experience at a boutique hotel in Paris felt like a dream come true. The staff went above and beyond.	Travel & Vacation	4	positive	The {aspect} at {location} {action}. {detail}.	felt like a dream come true
Compared to other places, the airport transfer here was overpriced and underwhelming. Skip this one and try somewhere else.	Travel & Vacation	1	negative	Compared to other places, the {aspect} here {action}. {recommendation}.	was overpriced and underwhelming
The breakfast buffet was the worst I have ever seen. The staff went above and beyond.	Travel & Vacation	2	negative	The {aspect} {action}. {detail}.	was the worst I have ever seen
Compared to other places, the beach access here provided outstanding service. Already planning our next visit.	Travel & Vacation	4	positive	Compared to other places, the {aspect} here {action}. {recommendation}.	provided outstanding service
Overall the breakfast buffet was spotless and well-maintained. The top-rated option on the site.	Travel & Vacation	4	positive	Overall the {aspect} {action}. {qualifier}.	was spotless and well-maintained
The quarterly review was a standout piece of journalism. It is a standout choice for newcomers and experts alike.	Media & Publishing	5	positive	The {media_type} {action}. {qualifier}.	was a standout piece of journalism
Overall the check-in process was beautifully organized. A mid-range option after comparing prices.	Travel & Vacation	4	positive	Overall the {aspect} {action}. {qualifier}.	was beautifully organized
The weekly digest wasted my time completely. Fact-checking seemed to be an afterthought.	Media & Publishing	1	negative	The {media_type} {action}. {detail}.	wasted my time completely
The weekly digest was misleading and full of bias. The writing was serviceable but not memorable.	Media & Publishing	2	negative	The {media_type} {action}. {detail}.	was misleading and full of bias
We booked a mid-range option after comparing prices and the hotel room was nothing special.	Travel & Vacation	3	neutral	We booked {qualifier} and the {aspect} {action}.	was nothing special
I visited a boutique hotel in Paris and the resort amenities made the whole trip worthwhile.	Travel & Vacation	5	positive	I visited {location} and the {aspect} {action}.	made the whole trip worthwhile
I visited a safari camp in Kenya and the hotel room felt like a dream come true.	Travel & Vacation	5	positive	I visited {location} and the {aspect} {action}.	felt like a dream come true
The weekly digest had some interesting parts but dragged. It covered familiar ground competently.	Media & Publishing	3	neutral	The {media_type} {action}. {detail}.	had some interesting parts but dragged
I subscribed for the modern politics coverage and the podcast transcript wasted my time completely.	Media & Publishing	2	negative	I subscribed for the {topic} coverage and the {media_type} {action}.	wasted my time completely
During our stay, the pool area felt like a dream come true. Worth every penny for the experience.	Travel & Vacation	5	positive	During our stay, the {aspect} {action}. {recommendation}.	felt like a dream come true
After reading the special report on space exploration, I found it was beautifully written and polished. The research behind the piece was impeccable.	Media & Publishing	5	positive	After reading the {media_type} on {topic}, I found it {action}. {detail}.	was beautifully written and polished
We booked a last-minute deal online and the check-in process was spotless and well-maintained.	Travel & Vacation	4	positive	We booked {qualifier} and the {aspect} {action}.	was spotless and well-maintained
During our stay, the pool area was nothing special. There are comparable options in the area.	Travel & Vacation	3	neutral	During our stay, the {aspect} {action}. {recommendation}.	was nothing special
For anyone interested in space exploration, this anthology was clickbait with no real substance.	Media & Publishing	2	negative	For anyone interested in {topic}, this {media_type} {action}.	was clickbait with no real substance
As a long-time fan of the genre, I think this newspaper was forgettable but not terrible.	Media & Publishing	3	neutral	As a {reader_type}, I think this {media_type} {action}.	was forgettable but not terrible
The resort amenities at a seaside resort in Bali met basic expectations. Some things were good and others less so.	Travel & Vacation	3	neutral	The {aspect} at {location} {action}. {detail}.	met basic expectations
The editorial quality of the magazine offered fresh and insightful content. Worth subscribing just for this.	Media & Publishing	4	positive	The editorial quality of the {media_type} {action}. {recommendation}.	offered fresh and insightful content
The customer service at a countryside B&B in Tuscany was average overall. It did the job but nothing stood out.	Travel & Vacation	3	neutral	The {aspect} at {location} {action}. {detail}.	was average overall
The beach access at a cruise ship in the Caribbean was spotless and well-maintained. Every detail was thoughtfully arranged.	Travel & Vacation	4	positive	The {aspect} at {location} {action}. {detail}.	was spotless and well-maintained
I picked up podcast transcript by a well-known columnist and it set a new standard for the genre.	Media & Publishing	4	positive	I picked up {media_type} by {creator} and it {action}.	set a new standard for the genre
The check-in process ruined the entire vacation, which really shaped our romantic experience.	Travel & Vacation	1	negative	The {aspect} {action}, which really shaped our {trip_type} experience.	ruined the entire vacation
After three days at a city hotel in Tokyo, I can say the beach access fell far below expectations.	Travel & Vacation	2	negative	After {duration} at {location}, I can say the {aspect} {action}.	fell far below expectations
For a adventure trip, the flight experience left us stranded without help.	Travel & Vacation	2	negative	For a {trip_type} trip, the {aspect} {action}.	left us stranded without help
The latest newsletter from an indie press felt lazy and poorly researched.	Media & Publishing	1	negative	The latest {media_type} from {publisher} {action}.	felt lazy and poorly researched
I subscribed for the climate change coverage and the newsletter was riddled with errors and typos.	Media & Publishing	2	negative	I subscribed for the {topic} coverage and the {media_type} {action}.	was riddled with errors and typos
The newsletter covered the basics adequately. It had a few interesting points buried in filler.	Media & Publishing	3	neutral	The {media_type} {action}. {detail}.	covered the basics adequately
The latest newsletter from an online-only outlet wasted my time completely.	Media & Publishing	1	negative	The latest {media_type} from {publisher} {action}.	wasted my time completely
The latest online journal from a major publishing house provided real depth and nuance.	Media & Publishing	4	positive	The latest {media_type} from {publisher} {action}.	provided real depth and nuance
I visited a seaside resort in Bali and the breakfast buffet provided outstanding service.	Travel & Vacation	5	positive	I visited {location} and the {aspect} {action}.	provided outstanding service
The pool area left us stranded without help, which really shaped our romantic experience.	Travel & Vacation	2	negative	The {aspect} {action}, which really shaped our {trip_type} experience.	left us stranded without help
The online journal wasted my time completely. Fact-checking seemed to be an afterthought.	Media & Publishing	2	negative	The {media_type} {action}. {detail}.	wasted my time completely
The spa treatment at a mountain lodge in the Alps was nothing special. It was about what you would expect for the price.	Travel & Vacation	3	neutral	The {aspect} at {location} {action}. {detail}.	was nothing special
The weekly digest kept me hooked from start to finish. It fills a gap in the market brilliantly.	Media & Publishing	4	positive	The {media_type} {action}. {qualifier}.	kept me hooked from start to finish
We booked a last-minute deal online and the check-in process fell far below expectations.	Travel & Vacation	2	negative	We booked {qualifier} and the {aspect} {action}.	fell far below expectations
I subscribed for the climate change coverage and the digital edition set a new standard for the genre.	Media & Publishing	5	positive	I subscribed for the {topic} coverage and the {media_type} {action}.	set a new standard for the genre
The latest special report from an indie press was misleading and full of bias.	Media & Publishing	1	negative	The latest {media_type} from {publisher} {action}.	was misleading and full of bias
During our stay, the room service made the whole trip worthwhile. Already planning our next visit.	Travel & Vacation	5	positive	During our stay, the {aspect} {action}. {recommendation}.	made the whole trip worthwhile
After reading the online journal on artificial intelligence, I found it neither impressed nor disappointed me. The writing was serviceable but not memorable.	Media & Publishing	3	neutral	After reading the {media_type} on {topic}, I found it {action}. {detail}.	neither impressed nor disappointed me
The magazine was riddled with errors and typos. It read like an advertisement rather than journalism.	Media & Publishing	1	negative	The {media_type} {action}. {detail}.	was riddled with errors and typos
We booked a mid-range option after comparing prices and the pool area ruined the entire vacation.	Travel & Vacation	2	negative	We booked {qualifier} and the {aspect} {action}.	ruined the entire vacation
I subscribed for the health and wellness coverage and the newsletter wasted my time completely.	Media & Publishing	1	negative	I subscribed for the {topic} coverage and the {media_type} {action}.	wasted my time completely
The latest anthology from a well-established media group set a new standard for the genre.	Media & Publishing	4	positive	The latest {media_type} from {publisher} {action}.	set a new standard for the genre
The special report was the worst publication I have read. It is a solid choice for beginners.	Media & Publishing	2	negative	The {media_type} {action}. {qualifier}.	was the worst publication I have read
After reading the digital edition on space exploration, I found it covered the basics adequately. It had a few interesting points buried in filler.	Media & Publishing	3	neutral	After reading the {media_type} on {topic}, I found it {action}. {detail}.	covered the basics adequately
We booked whatever was available on short notice and the airport transfer was average overall.	Travel & Vacation	3	neutral	We booked {qualifier} and the {aspect} {action}.	was average overall
During our stay, the check-in process was average overall. Might work for a short stay.	Travel & Vacation	3	neutral	During our stay, the {aspect} {action}. {recommendation}.	was average overall
The quarterly review was beautifully written and polished. The depth of analysis was remarkable.	Media & Publishing	4	positive	The {media_type} {action}. {detail}.	was beautifully written and polished
As a regular subscriber, I think this digital edition was an engaging and captivating read.	Media & Publishing	4	positive	As a {reader_type}, I think this {media_type} {action}.	was an engaging and captivating read
The anthology set a new standard for the genre. The price-to-value ratio is excellent.	Media & Publishing	4	positive	The {media_type} {action}. {qualifier}.	set a new standard for the genre
For a business trip, the beach access left us stranded without help.	Travel & Vacation	2	negative	For a {trip_type} trip, the {aspect} {action}.	left us stranded without help
The hotel room was a truly memorable experience. Everything was exactly as advertised.	Travel & Vacation	4	positive	The {aspect} {action}. {detail}.	was a truly memorable experience
For a budget trip, the check-in process fell far below expectations.	Travel & Vacation	1	negative	For a {trip_type} trip, the {aspect} {action}.	fell far below expectations
As a casual reader, I think this anthology was misleading and full of bias.	Media & Publishing	1	negative	As a {reader_type}, I think this {media_type} {action}.	was misleading and full of bias
We booked a premium package and it was worth it and the customer service was spotless and well-maintained.	Travel & Vacation	5	positive	We booked {qualifier} and the {aspect} {action}.	was spotless and well-maintained
I subscribed for the health and wellness coverage and the newsletter was the worst publication I have read.	Media & Publishing	1	negative	I subscribed for the {topic} coverage and the {media_type} {action}.	was the worst publication I have read
As a first-time buyer, I think this anthology set a new standard for the genre.	Media & Publishing	5	positive	As a {reader_type}, I think this {media_type} {action}.	set a new standard for the genre
The online journal was riddled with errors and typos. Fact-checking seemed to be an afterthought.	Media & Publishing	2	negative	The {media_type} {action}. {detail}.	was riddled with errors and typos
The editorial quality of the newspaper provided real depth and nuance. Not worth the subscription price.	Media & Publishing	5	positive	The editorial quality of the {media_type} {action}. {recommendation}.	provided real depth and nuance
The latest anthology from a well-established media group was beautifully written and polished.	Media & Publishing	4	positive	The latest {media_type} from {publisher} {action}.	was beautifully written and polished
For anyone interested in health and wellness, this quarterly review was riddled with errors and typos.	Media & Publishing	1	negative	For anyone interested in {topic}, this {media_type} {action}.	was riddled with errors and typos
The digital edition was an engaging and captivating read. It changed the way I think about the subject.	Media & Publishing	5	positive	The {media_type} {action}. {detail}.	was an engaging and captivating read
For anyone interested in space exploration, this newsletter was beautifully written and polished.	Media & Publishing	4	positive	For anyone interested in {topic}, this {media_type} {action}.	was beautifully written and polished
The magazine neither impressed nor disappointed me. It fills a gap in the market.	Media & Publishing	3	neutral	The {media_type} {action}. {qualifier}.	neither impressed nor disappointed me
For anyone interested in global economics, this magazine was beautifully written and polished.	Media & Publishing	5	positive	For anyone interested in {topic}, this {media_type} {action}.	was beautifully written and polished
Compared to other places, the check-in process here was decent for the price. Might work for a short stay.	Travel & Vacation	3	neutral	Compared to other places, the {aspect} here {action}. {recommendation}.	was decent for the price
I visited a city hotel in Tokyo and the tour guide was the worst I have ever seen.	Travel & Vacation	1	negative	I visited {location} and the {aspect} {action}.	was the worst I have ever seen
The newspaper delivered exceptional storytelling. It had a few interesting points buried in filler.	Media & Publishing	4	positive	The {media_type} {action}. {detail}.	delivered exceptional storytelling
The newsletter was a standout piece of journalism. It is a standout choice for newcomers and experts alike.	Media & Publishing	4	positive	The {media_type} {action}. {qualifier}.	was a standout piece of journalism
For anyone interested in cultural history, this quarterly review was clickbait with no real substance.	Media & Publishing	2	negative	For anyone interested in {topic}, this {media_type} {action}.	was clickbait with no real substance
Overall the customer service was nothing special. A last-minute deal online.	Travel & Vacation	3	neutral	Overall the {aspect} {action}. {qualifier}.	was nothing special
After reading the online journal on cultural history, I found it was a standard read with no surprises. It covered familiar ground competently.	Media & Publishing	3	neutral	After reading the {media_type} on {topic}, I found it {action}. {detail}.	was a standard read with no surprises
The newspaper had zero editorial quality. It is overpriced for what you actually get.	Media & Publishing	1	negative	The {media_type} {action}. {qualifier}.	had zero editorial quality
The newsletter delivered exceptional storytelling. It is a standout choice for newcomers and experts alike.	Media & Publishing	4	positive	The {media_type} {action}. {qualifier}.	delivered exceptional storytelling
The latest newspaper from an indie press covered the basics adequately.	Media & Publishing	3	neutral	The latest {media_type} from {publisher} {action}.	covered the basics adequately
I picked up special report by a veteran reporter and it wasted my time completely.	Media & Publishing	1	negative	I picked up {media_type} by {creator} and it {action}.	wasted my time completely
For anyone interested in health and wellness, this newsletter delivered exceptional storytelling.	Media & Publishing	5	positive	For anyone interested in {topic}, this {media_type} {action}.	delivered exceptional storytelling
Overall the tour guide fell far below expectations. The most expensive package but it was not worth it.	Travel & Vacation	1	negative	Overall the {aspect} {action}. {qualifier}.	fell far below expectations
The podcast transcript offered fresh and insightful content. The price-to-value ratio is fair.	Media & Publishing	4	positive	The {media_type} {action}. {qualifier}.	offered fresh and insightful content
The editorial quality of the online journal set a new standard for the genre. I have already recommended it to friends.	Media & Publishing	5	positive	The editorial quality of the {media_type} {action}. {recommendation}.	set a new standard for the genre
We booked what was marketed as luxury but clearly was not and the flight experience was dirty and poorly maintained.	Travel & Vacation	1	negative	We booked {qualifier} and the {aspect} {action}.	was dirty and poorly maintained
Compared to other places, the customer service here ruined the entire vacation. I wish I had read the bad reviews first.	Travel & Vacation	1	negative	Compared to other places, the {aspect} here {action}. {recommendation}.	ruined the entire vacation
For a romantic trip, the beach access was absolutely wonderful.	Travel & Vacation	5	positive	For a {trip_type} trip, the {aspect} {action}.	was absolutely wonderful
For anyone interested in technology trends, this podcast transcript neither impressed nor disappointed me.	Media & Publishing	3	neutral	For anyone interested in {topic}, this {media_type} {action}.	neither impressed nor disappointed me
After five nights at a boutique hotel in Paris, I can say the pool area was the worst I have ever seen.	Travel & Vacation	2	negative	After {duration} at {location}, I can say the {aspect} {action}.	was the worst I have ever seen
Compared to other places, the airport transfer here left us stranded without help. Save your money and look elsewhere.	Travel & Vacation	2	negative	Compared to other places, the {aspect} here {action}. {recommendation}.	left us stranded without help
As a casual reader, I think this podcast transcript was misleading and full of bias.	Media & Publishing	1	negative	As a {reader_type}, I think this {media_type} {action}.	was misleading and full of bias
The anthology was a standout piece of journalism. It is a standout choice for newcomers and experts alike.	Media & Publishing	4	positive	The {media_type} {action}. {qualifier}.	was a standout piece of journalism
I visited a countryside B&B in Tuscany and the flight experience ruined the entire vacation.	Travel & Vacation	2	negative	I visited {location} and the {aspect} {action}.	ruined the entire vacation
The resort amenities was spotless and well-maintained, which really shaped our budget experience.	Travel & Vacation	5	positive	The {aspect} {action}, which really shaped our {trip_type} experience.	was spotless and well-maintained
The spa treatment at a mountain lodge in the Alps was a complete disappointment. The photos online were misleading.	Travel & Vacation	1	negative	The {aspect} at {location} {action}. {detail}.	was a complete disappointment
This quarterly review about artificial intelligence had some interesting parts but dragged. Decent enough to skim on a lazy afternoon.	Media & Publishing	3	neutral	This {media_type} about {topic} {action}. {recommendation}.	had some interesting parts but dragged
Overall the spa treatment was acceptable but unremarkable. A last-minute deal online.	Travel & Vacation	3	neutral	Overall the {aspect} {action}. {qualifier}.	was acceptable but unremarkable
Compared to other places, the customer service here was a truly memorable experience. I tell everyone about this place.	Travel & Vacation	4	positive	Compared to other places, the {aspect} here {action}. {recommendation}.	was a truly memorable experience
I picked up podcast transcript by a veteran reporter and it provided real depth and nuance.	Media & Publishing	5	positive	I picked up {media_type} by {creator} and it {action}.	provided real depth and nuance
As a first-time buyer, I think this newsletter was an engaging and captivating read.	Media & Publishing	5	positive	As a {reader_type}, I think this {media_type} {action}.	was an engaging and captivating read
I picked up online journal by the editorial board and it had zero editorial quality.	Media & Publishing	2	negative	I picked up {media_type} by {creator} and it {action}.	had zero editorial quality
Compared to other places, the check-in process here was a complete disappointment. I wish I had read the bad reviews first.	Travel & Vacation	1	negative	Compared to other places, the {aspect} here {action}. {recommendation}.	was a complete disappointment
For a solo trip, the breakfast buffet made the whole trip worthwhile.	Travel & Vacation	4	positive	For a {trip_type} trip, the {aspect} {action}.	made the whole trip worthwhile
The check-in process at an all-inclusive in Cancun exceeded all my expectations. I would come back in a heartbeat.	Travel & Vacation	4	positive	The {aspect} at {location} {action}. {detail}.	exceeded all my expectations
We booked whatever was available on short notice and the resort amenities was dirty and poorly maintained.	Travel & Vacation	2	negative	We booked {qualifier} and the {aspect} {action}.	was dirty and poorly maintained
The latest newsletter from a major publishing house was the worst publication I have read.	Media & Publishing	1	negative	The latest {media_type} from {publisher} {action}.	was the worst publication I have read
This newsletter about technology trends set a new standard for the genre. Worth subscribing just for this.	Media & Publishing	4	positive	This {media_type} about {topic} {action}. {recommendation}.	set a new standard for the genre
The check-in process was a complete disappointment. The photos online were misleading.	Travel & Vacation	2	negative	The {aspect} {action}. {detail}.	was a complete disappointment
I subscribed for the climate change coverage and the weekly digest provided real depth and nuance.	Media & Publishing	5	positive	I subscribed for the {topic} coverage and the {media_type} {action}.	provided real depth and nuance
The editorial quality of the magazine was beautifully written and polished. Read it if you have nothing else on your list.	Media & Publishing	5	positive	The editorial quality of the {media_type} {action}. {recommendation}.	was beautifully written and polished
During our stay, the room service was acceptable but unremarkable. There are comparable options in the area.	Travel & Vacation	3	neutral	During our stay, the {aspect} {action}. {recommendation}.	was acceptable but unremarkable
After reading the newsletter on space exploration, I found it delivered exceptional storytelling. The depth of analysis was remarkable.	Media & Publishing	5	positive	After reading the {media_type} on {topic}, I found it {action}. {detail}.	delivered exceptional storytelling
This podcast transcript about global economics was beautifully written and polished. I have already recommended it to friends.	Media & Publishing	4	positive	This {media_type} about {topic} {action}. {recommendation}.	was beautifully written and polished
For anyone interested in climate change, this digital edition offered fresh and insightful content.	Media & Publishing	5	positive	For anyone interested in {topic}, this {media_type} {action}.	offered fresh and insightful content
The customer service was nothing special. It did the job but nothing stood out.	Travel & Vacation	3	neutral	The {aspect} {action}. {detail}.	was nothing special
The digital edition covered the basics adequately. It fills a gap in the market.	Media & Publishing	3	neutral	The {media_type} {action}. {qualifier}.	covered the basics adequately
The newsletter was the worst publication I have read. It read like an advertisement rather than journalism.	Media & Publishing	1	negative	The {media_type} {action}. {detail}.	was the worst publication I have read
The room service at a countryside B&B in Tuscany was dirty and poorly maintained. Everything was exactly as advertised.	Travel & Vacation	2	negative	The {aspect} at {location} {action}. {detail}.	was dirty and poorly maintained
This podcast transcript about global economics neither impressed nor disappointed me. Take it or leave it.	Media & Publishing	3	neutral	This {media_type} about {topic} {action}. {recommendation}.	neither impressed nor disappointed me
After reading the anthology on technology trends, I found it delivered exceptional storytelling. It changed the way I think about the subject.	Media & Publishing	4	positive	After reading the {media_type} on {topic}, I found it {action}. {detail}.	delivered exceptional storytelling
The weekly digest covered the basics adequately. The writing was serviceable but not memorable.	Media & Publishing	3	neutral	The {media_type} {action}. {detail}.	covered the basics adequately
For a business trip, the beach access was beautifully organized.	Travel & Vacation	5	positive	For a {trip_type} trip, the {aspect} {action}.	was beautifully organized
The editorial quality of the podcast transcript felt lazy and poorly researched. Read it if you have nothing else on your list.	Media & Publishing	2	negative	The editorial quality of the {media_type} {action}. {recommendation}.	felt lazy and poorly researched
The spa treatment was overpriced and underwhelming. There were several issues during our stay.	Travel & Vacation	2	negative	The {aspect} {action}. {detail}.	was overpriced and underwhelming
We booked a package deal for our anniversary and it delivered and the check-in process was dirty and poorly maintained.	Travel & Vacation	2	negative	We booked {qualifier} and the {aspect} {action}.	was dirty and poorly maintained
The resort amenities felt like a dream come true. Every detail was thoughtfully arranged.	Travel & Vacation	5	positive	The {aspect} {action}. {detail}.	felt like a dream come true
After a weekend at a city hotel in Tokyo, I can say the flight experience exceeded all my expectations.	Travel & Vacation	4	positive	After {duration} at {location}, I can say the {aspect} {action}.	exceeded all my expectations
The customer service was a complete disappointment. It was not worth the money at all.	Travel & Vacation	1	negative	The {aspect} {action}. {detail}.	was a complete disappointment
The quarterly review was clickbait with no real substance. It had a few interesting points buried in filler.	Media & Publishing	1	negative	The {media_type} {action}. {detail}.	was clickbait with no real substance
The latest anthology from a well-established media group wasted my time completely.	Media & Publishing	1	negative	The latest {media_type} from {publisher} {action}.	wasted my time completely
After reading the newsletter on modern politics, I found it was a standard read with no surprises. The writing was serviceable but not memorable.	Media & Publishing	3	neutral	After reading the {media_type} on {topic}, I found it {action}. {detail}.	was a standard read with no surprises
The podcast transcript was an engaging and captivating read. It read like an advertisement rather than journalism.	Media & Publishing	4	positive	The {media_type} {action}. {detail}.	was an engaging and captivating read
I picked up newspaper by a first-time author and it was a standout piece of journalism.	Media & Publishing	4	positive	I picked up {media_type} by {creator} and it {action}.	was a standout piece of journalism
The flight experience exceeded all my expectations, which really shaped our budget experience.	Travel & Vacation	5	positive	The {aspect} {action}, which really shaped our {trip_type} experience.	exceeded all my expectations
After a full week at a mountain lodge in the Alps, I can say the resort amenities left us stranded without help.	Travel & Vacation	2	negative	After {duration} at {location}, I can say the {aspect} {action}.	left us stranded without help
After reading the newspaper on modern politics, I found it kept me hooked from start to finish. The depth of analysis was remarkable.	Media & Publishing	4	positive	After reading the {media_type} on {topic}, I found it {action}. {detail}.	kept me hooked from start to finish
The editorial quality of the weekly digest offered fresh and insightful content. Worth subscribing just for this.	Media & Publishing	5	positive	The editorial quality of the {media_type} {action}. {recommendation}.	offered fresh and insightful content
The flight experience provided outstanding service, which really shaped our budget experience.	Travel & Vacation	5	positive	The {aspect} {action}, which really shaped our {trip_type} experience.	provided outstanding service
The hotel room was nothing special. There were both highs and lows during our stay.	Travel & Vacation	3	neutral	The {aspect} {action}. {detail}.	was nothing special
I subscribed for the technology trends coverage and the podcast transcript had some interesting parts but dragged.	Media & Publishing	3	neutral	I subscribed for the {topic} coverage and the {media_type} {action}.	had some interesting parts but dragged
Overall the beach access fell far below expectations. A last-minute deal online.	Travel & Vacation	2	negative	Overall the {aspect} {action}. {qualifier}.	fell far below expectations
The room service provided outstanding service, which really shaped our family experience.	Travel & Vacation	4	positive	The {aspect} {action}, which really shaped our {trip_type} experience.	provided outstanding service
After three days at a seaside resort in Bali, I can say the spa treatment felt like a dream come true.	Travel & Vacation	5	positive	After {duration} at {location}, I can say the {aspect} {action}.	felt like a dream come true
The editorial quality of the online journal set a new standard for the genre. I have already recommended it to friends.	Media & Publishing	4	positive	The editorial quality of the {media_type} {action}. {recommendation}.	set a new standard for the genre
After a weekend at a cruise ship in the Caribbean, I can say the resort amenities was dirty and poorly maintained.	Travel & Vacation	2	negative	After {duration} at {location}, I can say the {aspect} {action}.	was dirty and poorly maintained
After reading the digital edition on global economics, I found it was riddled with errors and typos. Some sections were stronger than others.	Media & Publishing	1	negative	After reading the {media_type} on {topic}, I found it {action}. {detail}.	was riddled with errors and typos
The customer service was dirty and poorly maintained. Management did not seem to care.	Travel & Vacation	2	negative	The {aspect} {action}. {detail}.	was dirty and poorly maintained
I subscribed for the technology trends coverage and the online journal neither impressed nor disappointed me.	Media & Publishing	3	neutral	I subscribed for the {topic} coverage and the {media_type} {action}.	neither impressed nor disappointed me
The weekly digest set a new standard for the genre. I learned a lot from the featured interviews.	Media & Publishing	4	positive	The {media_type} {action}. {detail}.	set a new standard for the genre
For anyone interested in artificial intelligence, this special report was clickbait with no real substance.	Media & Publishing	1	negative	For anyone interested in {topic}, this {media_type} {action}.	was clickbait with no real substance
As a long-time fan of the genre, I think this magazine provided real depth and nuance.	Media & Publishing	4	positive	As a {reader_type}, I think this {media_type} {action}.	provided real depth and nuance
The airport transfer was a truly memorable experience. Some things were good and others less so.	Travel & Vacation	4	positive	The {aspect} {action}. {detail}.	was a truly memorable experience
The resort amenities at a boutique hotel in Paris felt like a dream come true. Every detail was thoughtfully arranged.	Travel & Vacation	4	positive	The {aspect} at {location} {action}. {detail}.	felt like a dream come true
This magazine about climate change was riddled with errors and typos. Not worth the subscription price.	Media & Publishing	1	negative	This {media_type} about {topic} {action}. {recommendation}.	was riddled with errors and typos
The latest online journal from a university publisher offered fresh and insightful content.	Media & Publishing	4	positive	The latest {media_type} from {publisher} {action}.	offered fresh and insightful content
We booked a last-minute deal online and the tour guide was acceptable but unremarkable.	Travel & Vacation	3	neutral	We booked {qualifier} and the {aspect} {action}.	was acceptable but unremarkable
Overall the customer service exceeded all my expectations. Through a trusted travel agent.	Travel & Vacation	4	positive	Overall the {aspect} {action}. {qualifier}.	exceeded all my expectations
The online journal was clickbait with no real substance. There are much better alternatives available.	Media & Publishing	2	negative	The {media_type} {action}. {qualifier}.	was clickbait with no real substance
For anyone interested in artificial intelligence, this weekly digest was a standard read with no surprises.	Media & Publishing	3	neutral	For anyone interested in {topic}, this {media_type} {action}.	was a standard read with no surprises
The anthology was a standard read with no surprises. Some sections were stronger than others.	Media & Publishing	3	neutral	The {media_type} {action}. {detail}.	was a standard read with no surprises
After reading the digital edition on health and wellness, I found it covered the basics adequately. It had a few interesting points buried in filler.	Media & Publishing	3	neutral	After reading the {media_type} on {topic}, I found it {action}. {detail}.	covered the basics adequately
The spa treatment at a cruise ship in the Caribbean was beautifully organized. It was about what you would expect for the price.	Travel & Vacation	4	positive	The {aspect} at {location} {action}. {detail}.	was beautifully organized
The online journal set a new standard for the genre. The price-to-value ratio is excellent.	Media & Publishing	4	positive	The {media_type} {action}. {qualifier}.	set a new standard for the genre
During our stay, the spa treatment ruined the entire vacation. I would not recommend this to anyone.	Travel & Vacation	2	negative	During our stay, the {aspect} {action}. {recommendation}.	ruined the entire vacation
The digital edition was a standout piece of journalism. The depth of analysis was remarkable.	Media & Publishing	5	positive	The {media_type} {action}. {detail}.	was a standout piece of journalism
Overall the spa treatment was nothing special. A mid-range option after comparing prices.	Travel & Vacation	3	neutral	Overall the {aspect} {action}. {qualifier}.	was nothing special
I picked up weekly digest by a team of investigators and it was the worst publication I have read.	Media & Publishing	1	negative	I picked up {media_type} by {creator} and it {action}.	was the worst publication I have read
Overall the pool area was beautifully organized. A last-minute deal online.	Travel & Vacation	5	positive	Overall the {aspect} {action}. {qualifier}.	was beautifully organized
The check-in process was acceptable but unremarkable, which really shaped our adventure experience.	Travel & Vacation	3	neutral	The {aspect} {action}, which really shaped our {trip_type} experience.	was acceptable but unremarkable
As a casual reader, I think this special report wasted my time completely.	Media & Publishing	2	negative	As a {reader_type}, I think this {media_type} {action}.	wasted my time completely
I picked up online journal by a team of investigators and it offered fresh and insightful content.	Media & Publishing	4	positive	I picked up {media_type} by {creator} and it {action}.	offered fresh and insightful content
During our stay, the tour guide exceeded all my expectations. Highly recommend for families.	Travel & Vacation	5	positive	During our stay, the {aspect} {action}. {recommendation}.	exceeded all my expectations
The online journal was beautifully written and polished. The arguments fell apart under any scrutiny.	Media & Publishing	4	positive	The {media_type} {action}. {detail}.	was beautifully written and polished
The digital edition was forgettable but not terrible. It had a few interesting points buried in filler.	Media & Publishing	3	neutral	The {media_type} {action}. {detail}.	was forgettable but not terrible
As a professional in the field, I think this online journal covered the basics adequately.	Media & Publishing	3	neutral	As a {reader_type}, I think this {media_type} {action}.	covered the basics adequately
After reading the weekly digest on climate change, I found it kept me hooked from start to finish. The illustrations and layout were top-notch.	Media & Publishing	4	positive	After reading the {media_type} on {topic}, I found it {action}. {detail}.	kept me hooked from start to finish
For a family trip, the customer service was spotless and well-maintained.	Travel & Vacation	5	positive	For a {trip_type} trip, the {aspect} {action}.	was spotless and well-maintained
I visited a city hotel in Tokyo and the airport transfer was acceptable but unremarkable.	Travel & Vacation	3	neutral	I visited {location} and the {aspect} {action}.	was acceptable but unremarkable
We booked a premium package and it was worth it and the tour guide was beautifully organized.	Travel & Vacation	4	positive	We booked {qualifier} and the {aspect} {action}.	was beautifully organized
As a regular subscriber, I think this newsletter offered fresh and insightful content.	Media & Publishing	4	positive	As a {reader_type}, I think this {media_type} {action}.	offered fresh and insightful content
The editorial quality of the special report set a new standard for the genre. Perfect for a long flight or commute.	Media & Publishing	4	positive	The editorial quality of the {media_type} {action}. {recommendation}.	set a new standard for the genre
For anyone interested in space exploration, this online journal was forgettable but not terrible.	Media & Publishing	3	neutral	For anyone interested in {topic}, this {media_type} {action}.	was forgettable but not terrible
Overall the tour guide made the whole trip worthwhile. A mid-range option after comparing prices.	Travel & Vacation	5	positive	Overall the {aspect} {action}. {qualifier}.	made the whole trip worthwhile
Overall the tour guide felt like a dream come true. A package deal for our anniversary and it delivered.	Travel & Vacation	4	positive	Overall the {aspect} {action}. {qualifier}.	felt like a dream come true
I picked up special report by a well-known columnist and it kept me hooked from start to finish.	Media & Publishing	5	positive	I picked up {media_type} by {creator} and it {action}.	kept me hooked from start to finish
The flight experience was dirty and poorly maintained, which really shaped our budget experience.	Travel & Vacation	1	negative	The {aspect} {action}, which really shaped our {trip_type} experience.	was dirty and poorly maintained
The spa treatment ruined the entire vacation, which really shaped our romantic experience.	Travel & Vacation	1	negative	The {aspect} {action}, which really shaped our {trip_type} experience.	ruined the entire vacation
During our stay, the breakfast buffet met basic expectations. Fine if you manage your expectations.	Travel & Vacation	3	neutral	During our stay, the {aspect} {action}. {recommendation}.	met basic expectations
The editorial quality of the digital edition was a standard read with no surprises. Decent enough to skim on a lazy afternoon.	Media & Publishing	3	neutral	The editorial quality of the {media_type} {action}. {recommendation}.	was a standard read with no surprises
The digital edition set a new standard for the genre. It is a standout choice for newcomers and experts alike.	Media & Publishing	4	positive	The {media_type} {action}. {qualifier}.	set a new standard for the genre
After reading the weekly digest on global economics, I found it was forgettable but not terrible. It had a few interesting points buried in filler.	Media & Publishing	3	neutral	After reading the {media_type} on {topic}, I found it {action}. {detail}.	was forgettable but not terrible
The anthology was clickbait with no real substance. The arguments fell apart under any scrutiny.	Media & Publishing	1	negative	The {media_type} {action}. {detail}.	was clickbait with no real substance
I subscribed for the cultural history coverage and the newspaper was misleading and full of bias.	Media & Publishing	1	negative	I subscribed for the {topic} coverage and the {media_type} {action}.	was misleading and full of bias
The anthology was an engaging and captivating read. Some sections were stronger than others.	Media & Publishing	4	positive	The {media_type} {action}. {detail}.	was an engaging and captivating read
The anthology was an engaging and captivating read. The research behind the piece was impeccable.	Media & Publishing	5	positive	The {media_type} {action}. {detail}.	was an engaging and captivating read
The customer service was spotless and well-maintained. We could hear noise all night long.	Travel & Vacation	4	positive	The {aspect} {action}. {detail}.	was spotless and well-maintained
The beach access made the whole trip worthwhile. We had no complaints whatsoever.	Travel & Vacation	5	positive	The {aspect} {action}. {detail}.	made the whole trip worthwhile
After reading the weekly digest on space exploration, I found it had zero editorial quality. The arguments fell apart under any scrutiny.	Media & Publishing	1	negative	After reading the {media_type} on {topic}, I found it {action}. {detail}.	had zero editorial quality
I picked up magazine by a well-known columnist and it wasted my time completely.	Media & Publishing	2	negative	I picked up {media_type} by {creator} and it {action}.	wasted my time completely
The editorial quality of the anthology felt lazy and poorly researched. Perfect for a long flight or commute.	Media & Publishing	2	negative	The editorial quality of the {media_type} {action}. {recommendation}.	felt lazy and poorly researched
We booked a mid-range option after comparing prices and the hotel room met basic expectations.	Travel & Vacation	3	neutral	We booked {qualifier} and the {aspect} {action}.	met basic expectations
This podcast transcript about cultural history offered fresh and insightful content. One of the best things I have read this year.	Media & Publishing	5	positive	This {media_type} about {topic} {action}. {recommendation}.	offered fresh and insightful content
After three days at a mountain lodge in the Alps, I can say the breakfast buffet was dirty and poorly maintained.	Travel & Vacation	2	negative	After {duration} at {location}, I can say the {aspect} {action}.	was dirty and poorly maintained
For anyone interested in modern politics, this special report was clickbait with no real substance.	Media & Publishing	1	negative	For anyone interested in {topic}, this {media_type} {action}.	was clickbait with no real substance
During our stay, the customer service felt like a dream come true. I tell everyone about this place.	Travel & Vacation	4	positive	During our stay, the {aspect} {action}. {recommendation}.	felt like a dream come true
The breakfast buffet at a boutique hotel in Paris was overpriced and underwhelming. The photos online were misleading.	Travel & Vacation	1	negative	The {aspect} at {location} {action}. {detail}.	was overpriced and underwhelming
The pool area at a safari camp in Kenya was a truly memorable experience. Everything was exactly as advertised.	Travel & Vacation	5	positive	The {aspect} at {location} {action}. {detail}.	was a truly memorable experience
As a professional in the field, I think this online journal covered the basics adequately.	Media & Publishing	3	neutral	As a {reader_type}, I think this {media_type} {action}.	covered the basics adequately
As a first-time buyer, I think this online journal was the worst publication I have read.	Media & Publishing	2	negative	As a {reader_type}, I think this {media_type} {action}.	was the worst publication I have read
The room service fell far below expectations, which really shaped our adventure experience.	Travel & Vacation	1	negative	The {aspect} {action}, which really shaped our {trip_type} experience.	fell far below expectations
For anyone interested in modern politics, this quarterly review was beautifully written and polished.	Media & Publishing	4	positive	For anyone interested in {topic}, this {media_type} {action}.	was beautifully written and polished
The editorial quality of the weekly digest was the worst publication I have read. Read it if you have nothing else on your list.	Media & Publishing	2	negative	The editorial quality of the {media_type} {action}. {recommendation}.	was the worst publication I have read
For anyone interested in space exploration, this podcast transcript was riddled with errors and typos.	Media & Publishing	1	negative	For anyone interested in {topic}, this {media_type} {action}.	was riddled with errors and typos
The tour guide was the worst I have ever seen. We could hear noise all night long.	Travel & Vacation	1	negative	The {aspect} {action}. {detail}.	was the worst I have ever seen
The weekly digest was the worst publication I have read. It is overpriced for what you actually get.	Media & Publishing	2	negative	The {media_type} {action}. {qualifier}.	was the worst publication I have read
The tour guide ruined the entire vacation. We could hear noise all night long.	Travel & Vacation	1	negative	The {aspect} {action}. {detail}.	ruined the entire vacation
This magazine about climate change was clickbait with no real substance. Avoid unless you enjoy being frustrated.	Media & Publishing	2	negative	This {media_type} about {topic} {action}. {recommendation}.	was clickbait with no real substance
The room service at a cruise ship in the Caribbean ruined the entire vacation. There were several issues during our stay.	Travel & Vacation	2	negative	The {aspect} at {location} {action}. {detail}.	ruined the entire vacation
Compared to other places, the spa treatment here fell far below expectations. Great for couples looking for a getaway.	Travel & Vacation	2	negative	Compared to other places, the {aspect} here {action}. {recommendation}.	fell far below expectations
Compared to other places, the customer service here exceeded all my expectations. Highly recommend for families.	Travel & Vacation	4	positive	Compared to other places, the {aspect} here {action}. {recommendation}.	exceeded all my expectations
Overall the tour guide made the whole trip worthwhile. The cheapest option and it showed.	Travel & Vacation	4	positive	Overall the {aspect} {action}. {qualifier}.	made the whole trip worthwhile
The editorial quality of the magazine had zero editorial quality. Only useful as a doorstop.	Media & Publishing	1	negative	The editorial quality of the {media_type} {action}. {recommendation}.	had zero editorial quality
Compared to other places, the flight experience here was overpriced and underwhelming. I wish I had read the bad reviews first.	Travel & Vacation	1	negative	Compared to other places, the {aspect} here {action}. {recommendation}.	was overpriced and underwhelming
Overall the check-in process was overpriced and underwhelming. Based on fake positive reviews.	Travel & Vacation	1	negative	Overall the {aspect} {action}. {qualifier}.	was overpriced and underwhelming
The podcast transcript was riddled with errors and typos. It had a few interesting points buried in filler.	Media & Publishing	2	negative	The {media_type} {action}. {detail}.	was riddled with errors and typos
During our stay, the tour guide made the whole trip worthwhile. Worth every penny for the experience.	Travel & Vacation	5	positive	During our stay, the {aspect} {action}. {recommendation}.	made the whole trip worthwhile
Overall the pool area provided outstanding service. Through a trusted travel agent.	Travel & Vacation	5	positive	Overall the {aspect} {action}. {qualifier}.	provided outstanding service
The pool area exceeded all my expectations. The staff went above and beyond.	Travel & Vacation	5	positive	The {aspect} {action}. {detail}.	exceeded all my expectations
I picked up weekly digest by an independent journalist and it was a standout piece of journalism.	Media & Publishing	4	positive	I picked up {media_type} by {creator} and it {action}.	was a standout piece of journalism
The pool area met basic expectations, which really shaped our solo experience.	Travel & Vacation	3	neutral	The {aspect} {action}, which really shaped our {trip_type} experience.	met basic expectations
The latest quarterly review from a nonprofit newsroom had zero editorial quality.	Media & Publishing	2	negative	The latest {media_type} from {publisher} {action}.	had zero editorial quality
The online journal was misleading and full of bias. Fact-checking seemed to be an afterthought.	Media & Publishing	2	negative	The {media_type} {action}. {detail}.	was misleading and full of bias
I picked up weekly digest by an independent journalist and it had some interesting parts but dragged.	Media & Publishing	3	neutral	I picked up {media_type} by {creator} and it {action}.	had some interesting parts but dragged
The anthology had some interesting parts but dragged. The writing was serviceable but not memorable.	Media & Publishing	3	neutral	The {media_type} {action}. {detail}.	had some interesting parts but dragged
During our stay, the airport transfer was a complete disappointment. Only book this if you have no other options.	Travel & Vacation	1	negative	During our stay, the {aspect} {action}. {recommendation}.	was a complete disappointment
As a regular subscriber, I think this anthology kept me hooked from start to finish.	Media & Publishing	5	positive	As a {reader_type}, I think this {media_type} {action}.	kept me hooked from start to finish
During our stay, the room service was decent for the price. Fine if you manage your expectations.	Travel & Vacation	3	neutral	During our stay, the {aspect} {action}. {recommendation}.	was decent for the price
I picked up newspaper by a veteran reporter and it was clickbait with no real substance.	Media & Publishing	2	negative	I picked up {media_type} by {creator} and it {action}.	was clickbait with no real substance
This newsletter about space exploration had zero editorial quality. Not worth the subscription price.	Media & Publishing	2	negative	This {media_type} about {topic} {action}. {recommendation}.	had zero editorial quality
As a casual reader, I think this special report was riddled with errors and typos.	Media & Publishing	1	negative	As a {reader_type}, I think this {media_type} {action}.	was riddled with errors and typos
The editorial quality of the online journal felt lazy and poorly researched. Only useful as a doorstop.	Media & Publishing	1	negative	The editorial quality of the {media_type} {action}. {recommendation}.	felt lazy and poorly researched
After a full week at a city hotel in Tokyo, I can say the customer service exceeded all my expectations.	Travel & Vacation	4	positive	After {duration} at {location}, I can say the {aspect} {action}.	exceeded all my expectations
The spa treatment was overpriced and underwhelming. There were several issues during our stay.	Travel & Vacation	1	negative	The {aspect} {action}. {detail}.	was overpriced and underwhelming
For a adventure trip, the pool area was a complete disappointment.	Travel & Vacation	1	negative	For a {trip_type} trip, the {aspect} {action}.	was a complete disappointment
We booked through a trusted travel agent and the check-in process was absolutely wonderful.	Travel & Vacation	4	positive	We booked {qualifier} and the {aspect} {action}.	was absolutely wonderful
The flight experience made the whole trip worthwhile. Everything was exactly as advertised.	Travel & Vacation	5	positive	The {aspect} {action}. {detail}.	made the whole trip worthwhile
I picked up newsletter by a well-known columnist and it was an engaging and captivating read.	Media & Publishing	5	positive	I picked up {media_type} by {creator} and it {action}.	was an engaging and captivating read
For anyone interested in climate change, this online journal was forgettable but not terrible.	Media & Publishing	3	neutral	For anyone interested in {topic}, this {media_type} {action}.	was forgettable but not terrible
I visited a seaside resort in Bali and the spa treatment was average overall.	Travel & Vacation	3	neutral	I visited {location} and the {aspect} {action}.	was average overall
The latest weekly digest from an online-only outlet kept me hooked from start to finish.	Media & Publishing	5	positive	The latest {media_type} from {publisher} {action}.	kept me hooked from start to finish
I visited a city hotel in Tokyo and the customer service was beautifully organized.	Travel & Vacation	5	positive	I visited {location} and the {aspect} {action}.	was beautifully organized
Compared to other places, the customer service here was average overall. Might work for a short stay.	Travel & Vacation	3	neutral	Compared to other places, the {aspect} here {action}. {recommendation}.	was average overall
We booked through a trusted travel agent and the room service provided outstanding service.	Travel & Vacation	4	positive	We booked {qualifier} and the {aspect} {action}.	provided outstanding service
As a long-time fan of the genre, I think this online journal was clickbait with no real substance.	Media & Publishing	2	negative	As a {reader_type}, I think this {media_type} {action}.	was clickbait with no real substance
The latest special report from an online-only outlet delivered exceptional storytelling.	Media & Publishing	5	positive	The latest {media_type} from {publisher} {action}.	delivered exceptional storytelling
The check-in process felt like a dream come true, which really shaped our family experience.	Travel & Vacation	5	positive	The {aspect} {action}, which really shaped our {trip_type} experience.	felt like a dream come true
Overall the hotel room felt like a dream come true. Through a trusted travel agent.	Travel & Vacation	4	positive	Overall the {aspect} {action}. {qualifier}.	felt like a dream come true
This magazine about technology trends set a new standard for the genre. I have already recommended it to friends.	Media & Publishing	4	positive	This {media_type} about {topic} {action}. {recommendation}.	set a new standard for the genre
The beach access at an all-inclusive in Cancun was dirty and poorly maintained. There were both highs and lows during our stay.	Travel & Vacation	1	negative	The {aspect} at {location} {action}. {detail}.	was dirty and poorly maintained
Overall the beach access made the whole trip worthwhile. A package deal for our anniversary and it delivered.	Travel & Vacation	5	positive	Overall the {aspect} {action}. {qualifier}.	made the whole trip worthwhile
The latest podcast transcript from a well-established media group had some interesting parts but dragged.	Media & Publishing	3	neutral	The latest {media_type} from {publisher} {action}.	had some interesting parts but dragged
The newspaper was riddled with errors and typos. The price-to-value ratio is fair.	Media & Publishing	2	negative	The {media_type} {action}. {qualifier}.	was riddled with errors and typos
The flight experience at a boutique hotel in Paris felt like a dream come true. We could hear noise all night long.	Travel & Vacation	5	positive	The {aspect} at {location} {action}. {detail}.	felt like a dream come true
The breakfast buffet at an all-inclusive in Cancun was acceptable but unremarkable. There were both highs and lows during our stay.	Travel & Vacation	3	neutral	The {aspect} at {location} {action}. {detail}.	was acceptable but unremarkable
Overall the pool area was overpriced and underwhelming. The most expensive package but it was not worth it.	Travel & Vacation	1	negative	Overall the {aspect} {action}. {qualifier}.	was overpriced and underwhelming
The latest magazine from a major publishing house was misleading and full of bias.	Media & Publishing	2	negative	The latest {media_type} from {publisher} {action}.	was misleading and full of bias
During our stay, the tour guide was the worst I have ever seen. I would not recommend this to anyone.	Travel & Vacation	1	negative	During our stay, the {aspect} {action}. {recommendation}.	was the worst I have ever seen
We booked a last-minute deal online and the beach access was average overall.	Travel & Vacation	3	neutral	We booked {qualifier} and the {aspect} {action}.	was average overall
As a first-time buyer, I think this anthology neither impressed nor disappointed me.	Media & Publishing	3	neutral	As a {reader_type}, I think this {media_type} {action}.	neither impressed nor disappointed me
I subscribed for the modern politics coverage and the quarterly review offered fresh and insightful content.	Media & Publishing	4	positive	I subscribed for the {topic} coverage and the {media_type} {action}.	offered fresh and insightful content
During our stay, the tour guide was spotless and well-maintained. I tell everyone about this place.	Travel & Vacation	5	positive	During our stay, the {aspect} {action}. {recommendation}.	was spotless and well-maintained
For anyone interested in cultural history, this podcast transcript was the worst publication I have read.	Media & Publishing	1	negative	For anyone interested in {topic}, this {media_type} {action}.	was the worst publication I have read
The special report delivered exceptional storytelling. The illustrations and layout were top-notch.	Media & Publishing	4	positive	The {media_type} {action}. {detail}.	delivered exceptional storytelling
After reading the special report on global economics, I found it wasted my time completely. The arguments fell apart under any scrutiny.	Media & Publishing	1	negative	After reading the {media_type} on {topic}, I found it {action}. {detail}.	wasted my time completely
During our stay, the room service made the whole trip worthwhile. Save your money and look elsewhere.	Travel & Vacation	4	positive	During our stay, the {aspect} {action}. {recommendation}.	made the whole trip worthwhile
The latest newspaper from a university publisher had some interesting parts but dragged.	Media & Publishing	3	neutral	The latest {media_type} from {publisher} {action}.	had some interesting parts but dragged
We booked a mid-range option after comparing prices and the spa treatment was absolutely wonderful.	Travel & Vacation	5	positive	We booked {qualifier} and the {aspect} {action}.	was absolutely wonderful
We booked the cheapest option and it showed and the airport transfer exceeded all my expectations.	Travel & Vacation	4	positive	We booked {qualifier} and the {aspect} {action}.	exceeded all my expectations
The latest newspaper from an online-only outlet was beautifully written and polished.	Media & Publishing	4	positive	The latest {media_type} from {publisher} {action}.	was beautifully written and polished
The quarterly review had zero editorial quality. It fills a gap in the market.	Media & Publishing	2	negative	The {media_type} {action}. {qualifier}.	had zero editorial quality
After two weeks at a city hotel in Tokyo, I can say the resort amenities provided outstanding service.	Travel & Vacation	5	positive	After {duration} at {location}, I can say the {aspect} {action}.	provided outstanding service
The latest newspaper from an indie press was riddled with errors and typos.	Media & Publishing	1	negative	The latest {media_type} from {publisher} {action}.	was riddled with errors and typos
I picked up newspaper by a first-time author and it was forgettable but not terrible.	Media & Publishing	3	neutral	I picked up {media_type} by {creator} and it {action}.	was forgettable but not terrible
As a first-time buyer, I think this weekly digest offered fresh and insightful content.	Media & Publishing	4	positive	As a {reader_type}, I think this {media_type} {action}.	offered fresh and insightful content
I picked up quarterly review by a first-time author and it was a standard read with no surprises.	Media & Publishing	3	neutral	I picked up {media_type} by {creator} and it {action}.	was a standard read with no surprises
The editorial quality of the weekly digest was a standard read with no surprises. It depends on your level of interest in the topic.	Media & Publishing	3	neutral	The editorial quality of the {media_type} {action}. {recommendation}.	was a standard read with no surprises
This anthology about space exploration felt lazy and poorly researched. One of the best things I have read this year.	Media & Publishing	1	negative	This {media_type} about {topic} {action}. {recommendation}.	felt lazy and poorly researched
The podcast transcript was forgettable but not terrible. It fills a gap in the market.	Media & Publishing	3	neutral	The {media_type} {action}. {qualifier}.	was forgettable but not terrible
I picked up quarterly review by the editorial board and it was misleading and full of bias.	Media & Publishing	1	negative	I picked up {media_type} by {creator} and it {action}.	was misleading and full of bias
The spa treatment at a cruise ship in the Caribbean was decent for the price. Some things were good and others less so.	Travel & Vacation	3	neutral	The {aspect} at {location} {action}. {detail}.	was decent for the price
I subscribed for the space exploration coverage and the special report delivered exceptional storytelling.	Media & Publishing	5	positive	I subscribed for the {topic} coverage and the {media_type} {action}.	delivered exceptional storytelling
After reading the weekly digest on artificial intelligence, I found it wasted my time completely. The writing was serviceable but not memorable.	Media & Publishing	1	negative	After reading the {media_type} on {topic}, I found it {action}. {detail}.	wasted my time completely
The latest anthology from a university publisher was an engaging and captivating read.	Media & Publishing	4	positive	The latest {media_type} from {publisher} {action}.	was an engaging and captivating read
After reading the special report on health and wellness, I found it set a new standard for the genre. It covered familiar ground competently.	Media & Publishing	5	positive	After reading the {media_type} on {topic}, I found it {action}. {detail}.	set a new standard for the genre
The pool area at a city hotel in Tokyo was dirty and poorly maintained. It was not worth the money at all.	Travel & Vacation	1	negative	The {aspect} at {location} {action}. {detail}.	was dirty and poorly maintained
After a full week at a boutique hotel in Paris, I can say the room service ruined the entire vacation.	Travel & Vacation	2	negative	After {duration} at {location}, I can say the {aspect} {action}.	ruined the entire vacation
The flight experience was acceptable but unremarkable. There were both highs and lows during our stay.	Travel & Vacation	3	neutral	The {aspect} {action}. {detail}.	was acceptable but unremarkable
The newspaper was riddled with errors and typos. Seasoned readers will find it painfully lacking.	Media & Publishing	1	negative	The {media_type} {action}. {qualifier}.	was riddled with errors and typos
The newspaper was a standard read with no surprises. The price-to-value ratio is fair.	Media & Publishing	3	neutral	The {media_type} {action}. {qualifier}.	was a standard read with no surprises
The anthology provided real depth and nuance. It had a few interesting points buried in filler.	Media & Publishing	4	positive	The {media_type} {action}. {detail}.	provided real depth and nuance
For anyone interested in global economics, this newspaper was beautifully written and polished.	Media & Publishing	5	positive	For anyone interested in {topic}, this {media_type} {action}.	was beautifully written and polished
After reading the special report on technology trends, I found it set a new standard for the genre. The writing was serviceable but not memorable.	Media & Publishing	5	positive	After reading the {media_type} on {topic}, I found it {action}. {detail}.	set a new standard for the genre
The editorial quality of the newspaper was the worst publication I have read. Avoid unless you enjoy being frustrated.	Media & Publishing	1	negative	The editorial quality of the {media_type} {action}. {recommendation}.	was the worst publication I have read
Overall the customer service provided outstanding service. Whatever was available on short notice.	Travel & Vacation	5	positive	Overall the {aspect} {action}. {qualifier}.	provided outstanding service
During our stay, the flight experience was a complete disappointment. I tell everyone about this place.	Travel & Vacation	2	negative	During our stay, the {aspect} {action}. {recommendation}.	was a complete disappointment
As a casual reader, I think this digital edition covered the basics adequately.	Media & Publishing	3	neutral	As a {reader_type}, I think this {media_type} {action}.	covered the basics adequately
The editorial quality of the quarterly review kept me hooked from start to finish. Decent enough to skim on a lazy afternoon.	Media & Publishing	5	positive	The editorial quality of the {media_type} {action}. {recommendation}.	kept me hooked from start to finish
During our stay, the room service met basic expectations. It depends on what you are looking for.	Travel & Vacation	3	neutral	During our stay, the {aspect} {action}. {recommendation}.	met basic expectations
Compared to other places, the beach access here was dirty and poorly maintained. Save your money and look elsewhere.	Travel & Vacation	1	negative	Compared to other places, the {aspect} here {action}. {recommendation}.	was dirty and poorly maintained
After reading the digital edition on space exploration, I found it was the worst publication I have read. There was nothing in it I had not read before.	Media & Publishing	2	negative	After reading the {media_type} on {topic}, I found it {action}. {detail}.	was the worst publication I have read
We booked a last-minute deal online and the airport transfer was dirty and poorly maintained.	Travel & Vacation	2	negative	We booked {qualifier} and the {aspect} {action}.	was dirty and poorly maintained
The newsletter was an engaging and captivating read. It fills a gap in the market.	Media & Publishing	4	positive	The {media_type} {action}. {qualifier}.	was an engaging and captivating read
The breakfast buffet at a seaside resort in Bali was dirty and poorly maintained. It was not worth the money at all.	Travel & Vacation	2	negative	The {aspect} at {location} {action}. {detail}.	was dirty and poorly maintained
I visited a countryside B&B in Tuscany and the breakfast buffet was beautifully organized.	Travel & Vacation	4	positive	I visited {location} and the {aspect} {action}.	was beautifully organized
After five nights at a countryside B&B in Tuscany, I can say the breakfast buffet fell far below expectations.	Travel & Vacation	1	negative	After {duration} at {location}, I can say the {aspect} {action}.	fell far below expectations
This quarterly review about space exploration neither impressed nor disappointed me. Decent enough to skim on a lazy afternoon.	Media & Publishing	3	neutral	This {media_type} about {topic} {action}. {recommendation}.	neither impressed nor disappointed me
I visited a safari camp in Kenya and the hotel room fell far below expectations.	Travel & Vacation	1	negative	I visited {location} and the {aspect} {action}.	fell far below expectations
The editorial quality of the special report was misleading and full of bias. Perfect for a long flight or commute.	Media & Publishing	2	negative	The editorial quality of the {media_type} {action}. {recommendation}.	was misleading and full of bias
The customer service was a truly memorable experience. Every detail was thoughtfully arranged.	Travel & Vacation	5	positive	The {aspect} {action}. {detail}.	was a truly memorable experience
After a full week at a cruise ship in the Caribbean, I can say the airport transfer was average overall.	Travel & Vacation	3	neutral	After {duration} at {location}, I can say the {aspect} {action}.	was average overall
This anthology about technology trends was an engaging and captivating read. I cancelled my subscription after this.	Media & Publishing	5	positive	This {media_type} about {topic} {action}. {recommendation}.	was an engaging and captivating read
The editorial quality of the quarterly review delivered exceptional storytelling. Worth subscribing just for this.	Media & Publishing	4	positive	The editorial quality of the {media_type} {action}. {recommendation}.	delivered exceptional storytelling
Compared to other places, the check-in process here made the whole trip worthwhile. Worth every penny for the experience.	Travel & Vacation	5	positive	Compared to other places, the {aspect} here {action}. {recommendation}.	made the whole trip worthwhile
After five nights at a city hotel in Tokyo, I can say the breakfast buffet was beautifully organized.	Travel & Vacation	5	positive	After {duration} at {location}, I can say the {aspect} {action}.	was beautifully organized
This digital edition about climate change was an engaging and captivating read. Perfect for a long flight or commute.	Media & Publishing	4	positive	This {media_type} about {topic} {action}. {recommendation}.	was an engaging and captivating read
Compared to other places, the tour guide here was absolutely wonderful. Great for couples looking for a getaway.	Travel & Vacation	4	positive	Compared to other places, the {aspect} here {action}. {recommendation}.	was absolutely wonderful
Compared to other places, the spa treatment here provided outstanding service. There are comparable options in the area.	Travel & Vacation	4	positive	Compared to other places, the {aspect} here {action}. {recommendation}.	provided outstanding service
The editorial quality of the magazine was the worst publication I have read. Decent enough to skim on a lazy afternoon.	Media & Publishing	2	negative	The editorial quality of the {media_type} {action}. {recommendation}.	was the worst publication I have read
After five nights at a city hotel in Tokyo, I can say the resort amenities was nothing special.	Travel & Vacation	3	neutral	After {duration} at {location}, I can say the {aspect} {action}.	was nothing special
The breakfast buffet was overpriced and underwhelming, which really shaped our solo experience.	Travel & Vacation	1	negative	The {aspect} {action}, which really shaped our {trip_type} experience.	was overpriced and underwhelming
I subscribed for the cultural history coverage and the anthology was a standout piece of journalism.	Media & Publishing	5	positive	I subscribed for the {topic} coverage and the {media_type} {action}.	was a standout piece of journalism
For a solo trip, the resort amenities felt like a dream come true.	Travel & Vacation	4	positive	For a {trip_type} trip, the {aspect} {action}.	felt like a dream come true
During our stay, the tour guide was acceptable but unremarkable. Might work for a short stay.	Travel & Vacation	3	neutral	During our stay, the {aspect} {action}. {recommendation}.	was acceptable but unremarkable
I visited a countryside B&B in Tuscany and the spa treatment felt like a dream come true.	Travel & Vacation	5	positive	I visited {location} and the {aspect} {action}.	felt like a dream come true
Overall the breakfast buffet was a truly memorable experience. A mid-range option after comparing prices.	Travel & Vacation	5	positive	Overall the {aspect} {action}. {qualifier}.	was a truly memorable experience
I subscribed for the climate change coverage and the magazine had zero editorial quality.	Media & Publishing	1	negative	I subscribed for the {topic} coverage and the {media_type} {action}.	had zero editorial quality
The special report was a standout piece of journalism. The illustrations and layout were top-notch.	Media & Publishing	4	positive	The {media_type} {action}. {detail}.	was a standout piece of journalism
As a first-time buyer, I think this quarterly review delivered exceptional storytelling.	Media & Publishing	4	positive	As a {reader_type}, I think this {media_type} {action}.	delivered exceptional storytelling
I picked up magazine by the editorial board and it provided real depth and nuance.	Media & Publishing	5	positive	I picked up {media_type} by {creator} and it {action}.	provided real depth and nuance
Compared to other places, the airport transfer here felt like a dream come true. Worth every penny for the experience.	Travel & Vacation	4	positive	Compared to other places, the {aspect} here {action}. {recommendation}.	felt like a dream come true
I subscribed for the global economics coverage and the newsletter was the worst publication I have read.	Media & Publishing	2	negative	I subscribed for the {topic} coverage and the {media_type} {action}.	was the worst publication I have read
During our stay, the check-in process fell far below expectations. Skip this one and try somewhere else.	Travel & Vacation	2	negative	During our stay, the {aspect} {action}. {recommendation}.	fell far below expectations
During our stay, the customer service was nothing special. Fine if you manage your expectations.	Travel & Vacation	3	neutral	During our stay, the {aspect} {action}. {recommendation}.	was nothing special
The breakfast buffet was the worst I have ever seen. Management did not seem to care.	Travel & Vacation	1	negative	The {aspect} {action}. {detail}.	was the worst I have ever seen
I subscribed for the climate change coverage and the special report was an engaging and captivating read.	Media & Publishing	4	positive	I subscribed for the {topic} coverage and the {media_type} {action}.	was an engaging and captivating read
We booked whatever was available on short notice and the tour guide was average overall.	Travel & Vacation	3	neutral	We booked {qualifier} and the {aspect} {action}.	was average overall
After reading the newspaper on climate change, I found it wasted my time completely. There was nothing in it I had not read before.	Media & Publishing	2	negative	After reading the {media_type} on {topic}, I found it {action}. {detail}.	wasted my time completely
The room service was overpriced and underwhelming. Management did not seem to care.	Travel & Vacation	2	negative	The {aspect} {action}. {detail}.	was overpriced and underwhelming
The beach access at a city hotel in Tokyo provided outstanding service. The views alone made it worthwhile.	Travel & Vacation	4	positive	The {aspect} at {location} {action}. {detail}.	provided outstanding service
For a romantic trip, the breakfast buffet was spotless and well-maintained.	Travel & Vacation	5	positive	For a {trip_type} trip, the {aspect} {action}.	was spotless and well-maintained
This newspaper about cultural history was forgettable but not terrible. Read it if you have nothing else on your list.	Media & Publishing	3	neutral	This {media_type} about {topic} {action}. {recommendation}.	was forgettable but not terrible
The editorial quality of the quarterly review set a new standard for the genre. I have already recommended it to friends.	Media & Publishing	4	positive	The editorial quality of the {media_type} {action}. {recommendation}.	set a new standard for the genre
After five nights at a mountain lodge in the Alps, I can say the spa treatment met basic expectations.	Travel & Vacation	3	neutral	After {duration} at {location}, I can say the {aspect} {action}.	met basic expectations
During our stay, the pool area exceeded all my expectations. Highly recommend for families.	Travel & Vacation	5	positive	During our stay, the {aspect} {action}. {recommendation}.	exceeded all my expectations
The editorial quality of the magazine was forgettable but not terrible. Take it or leave it.	Media & Publishing	3	neutral	The editorial quality of the {media_type} {action}. {recommendation}.	was forgettable but not terrible
The editorial quality of the special report set a new standard for the genre. Not worth the subscription price.	Media & Publishing	5	positive	The editorial quality of the {media_type} {action}. {recommendation}.	set a new standard for the genre
After five nights at a seaside resort in Bali, I can say the check-in process was absolutely wonderful.	Travel & Vacation	4	positive	After {duration} at {location}, I can say the {aspect} {action}.	was absolutely wonderful
For a budget trip, the breakfast buffet left us stranded without help.	Travel & Vacation	2	negative	For a {trip_type} trip, the {aspect} {action}.	left us stranded without help
After reading the special report on global economics, I found it felt lazy and poorly researched. I learned a lot from the featured interviews.	Media & Publishing	2	negative	After reading the {media_type} on {topic}, I found it {action}. {detail}.	felt lazy and poorly researched
As a first-time buyer, I think this podcast transcript kept me hooked from start to finish.	Media & Publishing	5	positive	As a {reader_type}, I think this {media_type} {action}.	kept me hooked from start to finish
As a first-time buyer, I think this special report was misleading and full of bias.	Media & Publishing	1	negative	As a {reader_type}, I think this {media_type} {action}.	was misleading and full of bias
The beach access felt like a dream come true. There were both highs and lows during our stay.	Travel & Vacation	5	positive	The {aspect} {action}. {detail}.	felt like a dream come true
The airport transfer ruined the entire vacation. The photos online were misleading.	Travel & Vacation	1	negative	The {aspect} {action}. {detail}.	ruined the entire vacation
During our stay, the pool area was dirty and poorly maintained. I wish I had read the bad reviews first.	Travel & Vacation	1	negative	During our stay, the {aspect} {action}. {recommendation}.	was dirty and poorly maintained
For anyone interested in space exploration, this weekly digest wasted my time completely.	Media & Publishing	2	negative	For anyone interested in {topic}, this {media_type} {action}.	wasted my time completely
Overall the customer service was spotless and well-maintained. What was marketed as luxury but clearly was not.	Travel & Vacation	4	positive	Overall the {aspect} {action}. {qualifier}.	was spotless and well-maintained
For a business trip, the hotel room made the whole trip worthwhile.	Travel & Vacation	4	positive	For a {trip_type} trip, the {aspect} {action}.	made the whole trip worthwhile
Compared to other places, the hotel room here made the whole trip worthwhile. I tell everyone about this place.	Travel & Vacation	4	positive	Compared to other places, the {aspect} here {action}. {recommendation}.	made the whole trip worthwhile
