review,stars,category
"I ordered a special edition book as a gift two weeks ago, and they just cancelled my order without any explanation. I can't believe how unprofessional this company is. What a waste of time! No way I’m ever buying from them again.",1,Media & Publishing
"I bought a supposed 'bestseller' that turned out to be a complete disaster. The print quality was terrible, and the pages were stuck together. I feel completely ripped off and won’t be buying anything from here again.",1,Media & Publishing
"Absolutely appalling! They advertised a book as ‘in stock’ but after my payment, I received an email saying it would take weeks to ship. This was a gift for a friend, and now I look like a fool. I’m beyond angry.",1,Media & Publishing
Received a poorly printed book that looked like it was made in someone’s basement. Pages were misaligned and the cover was flimsy. I couldn’t believe this was even sold. Really feel cheated.,1,Media & Publishing
"Horrible experience! They sent me the wrong book, and when I tried to return it, they made it impossible. Their policies are ridiculous, and customer support is a joke. I will never be back.",1,Media & Publishing
"I ordered a comic book collection and it arrived damaged. The packaging was terrible, and when I reached out, they refused to issue a refund. I can’t believe how poorly they handle their customers.",1,Media & Publishing
"Absolutely disgusted with this service. I ordered a magazine subscription for my daughter, and after months of waiting, they sent me the wrong issues. I tried contacting customer service multiple times, but they are unresponsive and rude. This company clearly doesn't care about its customers.",1,Media & Publishing
Ordered a limited edition comic book for my son’s birthday. What arrived was a cheap paperback with missing pages! The nerve of these people to sell such garbage. I feel completely ripped off and will never buy from them again.,1,Media & Publishing
"They claim to be a reputable publisher, but the quality of the book I received was abysmal. The cover was damaged, and the pages were all wrinkled. I will NEVER buy from this publisher again, this is just a total waste of money.",1,Media & Publishing
"I ordered a unique art book as a gift, and it arrived weeks late, crammed into a flimsy envelope. It’s completely ruined, and customer service has been useless. They won’t even give me a refund. This is an embarrassing way to treat customers.",1,Media & Publishing
"I am furious! I purchased an eBook, only to find out it was riddled with typos and formatting issues. When I reached out for support, they told me it’s 'just a first edition'—what a joke! I won’t trust them again.",1,Media & Publishing
Ordered an anthology and it arrived two weeks late - the packaging was damaged and half the book was missing! I've reached out multiple times with no resolution. This is the worst service I've ever encountered. Completely unacceptable!,1,Media & Publishing
I ordered a magazine subscription months ago and have yet to receive a single issue. Customer service is a joke; I’ve emailed multiple times and been ignored. I feel completely cheated. Never will I order from them again!,1,Media & Publishing
The book I received was not even close to the description. It was clearly used and falling apart. I'm furious that I wasted money on this trash. Avoid at all costs!,1,Media & Publishing
"I bought a digital book, but it never downloaded to my device. Their support is non-existent. It feels like I’ve thrown my money into a black hole. Absolutely infuriating!",1,Media & Publishing
"I was promised a hardcover book, but they sent me a paperback version instead. It's like they don’t even check their orders. I feel utterly scammed and won't be coming back.",1,Media & Publishing
The puzzles I ordered were missing pieces! How can you even call this a puzzle? Their customer service was no help either. Save your money and buy from somewhere else.,1,Media & Publishing
I tried to cancel my subscription and they just kept charging me anyway! Customer support is unresponsive. I feel completely robbed!,1,Media & Publishing
"I wasted my money on an e-book that won't even download properly. The customer service is a joke, they don’t respond to emails and when they do, they provide no real help. Complete rip-off!",1,Media & Publishing
"The magazine I subscribed to never arrived! After weeks of waiting, I contacted support, and they couldn't care less. This is beyond unacceptable; I’ll never trust them again.",1,Media & Publishing
"This company is a disaster! I ordered a special edition book and it arrived with pages missing. When I reached out for help, they ignored me. Total fraud!",1,Media & Publishing
"Their return policy is a joke! I received the wrong book, and they refuse to give me a refund. I’m furious and will tell everyone to avoid them!",1,Media & Publishing
"Avoid at all costs! I ordered a book that was supposed to ship in two days, but it took three weeks and then was the wrong title. They don’t care about their customers!",1,Media & Publishing
"Absolutely appalled by the service! I ordered a subscription a month ago and it still hasn't arrived. Customer service is non-existent, I've sent multiple emails and not one has been replied to. It's like they took my money and vanished. I feel completely cheated.",1,Media & Publishing
"This publishing company is a complete joke! I ordered a highly-rated cookbook that was supposed to arrive last week, and surprise—it's still not here. They have no tracking information available and just keep passing the buck. I'll never trust them again.",1,Media & Publishing
"Never have I been so disappointed with a service. I tried to cancel my subscription, and they just kept charging me. Now I have to deal with my bank to get my money back. It's ridiculous how they operate!",1,Media & Publishing
"I am completely furious with this publisher. I ordered a book and was given a delivery date that came and went without a word. When I followed up, I was told they couldn’t fulfill my order. Why bother taking my money if you don’t have the item?!",1,Media & Publishing
Absolutely infuriating experience. Ordered a subscription for a magazine and never received a single issue. Customer service is non-existent; they just keep sending automated responses. I feel completely scammed!,1,Media & Publishing
I can't believe I wasted my time and money on this so-called 'best-selling' book. The content was boring and poorly written. It felt like a scam just to sell hype. Never again!,1,Media & Publishing
"The quality of the print was horrendous! Pages were smudged, and the binding fell apart within days. I reached out for a refund, but they just ignored me. Complete waste of money.",1,Media & Publishing
"I was promised an exclusive online course with lots of valuable content, but what I got was a glorified PowerPoint presentation. This is a total fraud. I feel cheated out of my hard-earned cash.",1,Media & Publishing
Ordered a children's book for my son's birthday and it arrived damaged with missing pages. The customer service agent I spoke to was rude and unhelpful. Don't bother with this company!,1,Media & Publishing
"What a nightmare! This publishing company took my order, my money, and then just vanished. No book, no tracking, no response. It feels like I’ve been robbed. Avoid at all costs!",1,Media & Publishing
"I ordered a special edition book as a gift, and they sent me the wrong title entirely! When I contacted them for a swap, I was told I would have to pay for return shipping. Are you kidding me? How is this acceptable? Never again!",1,Media & Publishing
"What a joke! I signed up for their audiobook service and the selection was absolutely pathetic. On top of that, the app kept crashing and I could never get through a chapter. Tried to get help but was met with silence. Total waste of time and money.",1,Media & Publishing
"Ordered a coffee table book with a delivery estimate of 5-7 days. Here I am, three weeks later, and still no book. The tracking info is useless, and their customer service is a black hole. This was supposed to be a special gift, and now I’m left with nothing!",1,Media & Publishing
"I trusted this publisher based on their reputation, but what I received was an absolute disgrace. The pages were misprinted and the binding fell apart after just a few flips. Customer service is non-existent; it’s like they want to ignore the complaints.",1,Media & Publishing
Ordered a magazine subscription that was supposed to include several special issues. Guess what? They never delivered a single one and now they won’t respond to my inquiries. I feel completely ripped off.,1,Media & Publishing
"The book took forever to arrive, and when it did, it was damaged and looked like it had been through a war. Returns are a nightmare; I can’t even find where to contact them for help. This is beyond unacceptable.",1,Media & Publishing
"The quality of the printed material was abysmal. Pages were wrinkled and some were even blank! Tried reaching out to them, but it feels like I’m shouting into a void. I’ll never buy from them again.",1,Media & Publishing
I ordered a calendar that was supposed to be personalized. What arrived was generic and completely wrong. The only response I got was an automated email saying they were 'looking into it.' I feel cheated.,1,Media & Publishing
"This publishing house has terrible distribution. My order just vanished into thin air, and their tracking system is a joke. No updates, no help—just silence. I regret ever doing business with them.",1,Media & Publishing
"The content I received for my subscription was stale and repetitive. It’s like they sent me leftovers from last year! I attempted to cancel, but they make it nearly impossible. This has been a frustrating experience.",1,Media & Publishing
"I ordered an e-book last month, and after paying for it, I never received the download link. I contacted support, and they just sent me a generic response. It’s been weeks! I feel cheated out of my money and will never buy from this publisher again.",1,Media & Publishing
"The print quality of the book I ordered was atrocious! The pages were blurry, and I couldn’t even read half the text. I expected a lot more for the price I paid. Definitely not worth it; I feel completely robbed.",1,Media & Publishing
"I subscribed to their newsletter for exclusive content, but it’s just spam and promotions for their overpriced books! I've tried unsubscribing multiple times, but they keep sending emails. It’s infuriating and feels like they’re scamming their customers.",1,Media & Publishing
Their digital magazine is the worst I’ve ever encountered. It crashes constantly and half the articles won’t load. This is supposed to be a premium service? I’m beyond frustrated and refuse to give them another dime.,1,Media & Publishing
"I bought a supposedly 'limited edition' book only to find out they are still printing it. I feel completely misled and the customer service was unhelpful, acting as if I should just accept it. Total waste of time and money.",1,Media & Publishing
The quality of the article I received was an absolute joke. It read as if it were thrown together last minute and was filled with misinformation. This is supposed to be a reputable publication? I feel cheated and will never trust them again.,1,Media & Publishing
"I ordered prints of my favorite comic series, and they sent me the wrong ones! When I reached out for a return, they ignored my emails. It’s unacceptable, and I feel like I’ve been robbed of my money and time.",1,Media & Publishing
"I purchased a merchandise bundle along with a book, and the items were missing when it arrived. After numerous calls and emails, I just got the runaround and no resolution. It’s a complete scam, and I’m furious.",1,Media & Publishing
"They claimed my order shipped, but after a month of waiting, I find out they never even sent it. Their support team is completely useless; they just read from a script and have no idea what's going on.",1,Media & Publishing
"I tried to cancel my order within 24 hours, and they wouldn’t let me! Now I’m stuck with a book I didn't want while they refuse to process a refund. This company is the worst!",1,Media & Publishing
"After being promised a fast digital download for an eBook, they sent me physical shipping notifications instead. I don't have time for this nonsense; it's just unacceptable!",1,Media & Publishing
"I cannot believe how terrible this company is. I attempted to create a custom publishing project, and their design tools were glitchy and frustrating. I'm left with nothing but anger and disappointment.",1,Media & Publishing
"This company is a complete joke. I ordered a magazine subscription over a month ago and all I've received is empty promises and excuses. Customer service is non-existent; they don’t respond to emails, and the phone line is useless. I feel completely ripped off!",1,Media & Publishing
I can’t believe I trusted this publisher with my first book. They promised marketing support and all I got was a few social media posts that no one saw. I feel cheated and my dreams have been crushed. Do NOT give them your money!,1,Media & Publishing
"I ordered a bestseller that was 'in stock,' but it was never shipped. I received an email saying it was 'delayed,' and then another stating it was out of stock. I feel like they’re just stringing people along. I will never buy from them again!",1,Media & Publishing
"What a complete waste of time and money! I ordered a highly anticipated graphic novel, and it arrived damaged, with pages crumpled and ink smudged everywhere. Tried to contact customer service, but their response was equally disappointing. I feel utterly cheated.",1,Media & Publishing
"The book I ordered for my daughter’s birthday was marked as 'in stock', yet I was informed a week later that it was actually out of print. How is that even acceptable? Now I have no gift and no time to find something else. Avoid this company!",1,Media & Publishing
"I ordered a special edition book that was supposed to be a surprise gift. When it finally arrived, it was the wrong book altogether! Customer service was rude and unhelpful. They clearly don’t care about their customers.",1,Media & Publishing
"I can't believe how misleading this company is! I pre-ordered a novel, only to have it shipped out weeks later—without any notification. Trying to get a refund was just as painful. I’m so done with them.",1,Media & Publishing
"Ordered an academic journal that was promised to be 'next-day delivery'. After several days of waiting, I got an email saying it was on backorder. What's the point of a guarantee if you can’t deliver?",1,Media & Publishing
"Extremely unhappy with my experience. I purchased a novel for a book club that was supposedly in stock, but received an email stating it’s out of print after I paid. They don’t care about customers at all!",1,Media & Publishing
"I ordered a much-anticipated graphic novel for my son, and it arrived torn and damaged. Customer service is a joke; they told me to send it back at my expense. Why should I pay for their poor quality control? Absolutely infuriating!",1,Media & Publishing
"The delivery took forever, and when the book finally arrived, it was the wrong one! I reached out for a refund, and they just kept sending me in circles. This company is a complete scam!",1,Media & Publishing
"I bought a book for my book club, and it arrived with missing pages! Not only did they refuse to replace it, but they also offered zero solutions. I will NEVER buy from them again!",1,Media & Publishing
"Ordered a best-seller weeks ago, and I was assured it would arrive before my event. It didn’t come, and when I checked in, they said it was on backorder. No warning, no assistance—just a huge letdown!",1,Media & Publishing
"I ordered a highly anticipated novel weeks in advance only to be told a day before my birthday that it was backordered. No email, no warning. I feel completely let down and cheated; now I have nothing to give as a gift.",1,Media & Publishing
"This publishing company is a joke! I subscribed to their magazine for monthly content, but after my first issue, it just stopped coming. No refunds, no response, just silence. I wish I could give them zero stars.",1,Media & Publishing
"I booked a once-in-a-lifetime trip to Bali through this company, only to find out they had double-booked my accommodations. After hours on the phone, they offered no solution and left me scrambling for a place to stay. Absolutely infuriating and a total waste of time and money.",1,Travel & Vacation
"This travel agency is the king of disappointment. They promised a luxury cruise package, but we ended up on a rundown ship with terrible service. I felt completely ripped off and will never trust them again.",1,Travel & Vacation
"After booking a ski trip with this company, we were informed days before our departure that the resort was fully booked. They offered a different location that was nowhere near what we wanted. I feel completely cheated and won't be using their service again.",1,Travel & Vacation
"I was sold a package tour that included breakfast, but when we arrived, we were told we had to pay extra. When I complained, customer service just shrugged it off. It’s an absolute scam, and I will warn everyone I know.",1,Travel & Vacation
"This company is a joke! I paid for a premium travel package only to arrive at a rundown hotel that resembled a hostel at best. When I complained, they offered zero help. It's a disgrace, and I would give zero stars if I could.",1,Travel & Vacation
"I was promised a hassle-free reservation system, yet I ended up with a confusing itinerary full of mistakes. I can't stress enough how unorganized and frustrating my experience has been. Never again will I trust this company.",1,Travel & Vacation
"I booked a honeymoon package that was supposed to be romantic and relaxing. Instead, we were thrown into budget accommodations with rude staff and constant noise. I feel completely misled and robbed of my special moment.",1,Travel & Vacation
"I booked a family vacation to Spain with this company and it turned into a nightmare. They sent us to the wrong hotel, and when we complained, the staff laughed at us. Total waste of money, feel completely cheated.",1,Travel & Vacation
"Booked a cruise for my anniversary, but they overbooked and we were left stranded at port. They offered zero compensation and acted like it was our fault. I will never trust this company again!",1,Travel & Vacation
Absolutely the worst booking experience I've ever had. I was promised all-inclusive accommodations but was charged extra for every meal. Customer service? Non-existent! Stay far away from this joke of a company.,1,Travel & Vacation
"I had high hopes for our trip to Greece, but this agency just ruined everything. The hotel was a dump, far from what was advertised, and they refuse to issue a refund. I feel completely robbed.",1,Travel & Vacation
"I cannot stress enough how terrible my experience with this company was. My vacation was booked with incorrect dates, and when I tried to fix it, they just blamed me and refused to help. I will never use them again.",1,Travel & Vacation
"What a joke! I booked a package deal to Bali, but upon arrival, my hotel didn't even have my reservation. They kept my money and gave me no recourse. This company is a scam, avoid at all costs!",1,Travel & Vacation
I booked a week-long vacation through this company only to find out the hotel I reserved was overbooked. They left me scrambling for a place to stay at the last minute. Complete waste of time and money.,1,Travel & Vacation
I attempted to change my travel dates due to a family emergency. Their customer service refused to assist me and insisted I would lose all my money. I've never felt so helpless and furious in my life.,1,Travel & Vacation
"My hotel reservation was mysteriously deleted the day before my trip. Customer service just shrugged and said, 'Sorry, things happen.' Honestly, the worst company I've ever dealt with!",1,Travel & Vacation
"They misled me into thinking I was booking a family-friendly resort. Upon arrival, we were told it was adults only. No support from customer service as they just brushed off my complaints.",1,Travel & Vacation
"I booked a vacation package to Thailand with them and was promised a beachfront resort. Upon arrival, I found I had been placed in a dingy motel miles away from the beach. Their customer service just kept repeating there's nothing they could do. Complete rip-off!",1,Travel & Vacation
"Absolutely appalling service! My cruise was scheduled to depart, but they informed me my reservation was 'lost' and would not take responsibility. I was left stranded at the port. I will never trust this company again!",1,Travel & Vacation
"I can't believe how unprofessional this travel agency is! My hotel reservation was non-existent upon arrival, and they simply refused to issue a refund. I feel completely cheated out of my hard-earned money.",1,Travel & Vacation
"Terrible experience! I booked a holiday package and they misled me about the included amenities. Upon arrival, I realized I had been charged extra for everything. It's like they set me up to fail. Absolutely disgraceful!",1,Travel & Vacation
"I was promised a luxury getaway but ended up in a filthy, outdated hotel. Their 'customer support' is a joke, and they refuse to acknowledge their misleading advertisements. This is the worst travel company I have ever dealt with!",1,Travel & Vacation
Do NOT book with this company! I had to scramble for alternative accommodations after they canceled my reservation with zero notice. Their lack of communication and accountability is infuriating!,1,Travel & Vacation
"This was the worst experience I've had with a travel company. Our booked flights were inexplicably canceled just days before departure, and the customer service was unhelpful and rude. I feel utterly cheated and stranded.",1,Travel & Vacation
"I wouldn't recommend this tour company to anyone. The itinerary was a complete lie; we visited only two of the advertised attractions, and the bus was overcrowded and filthy. Absolute waste of money.",1,Travel & Vacation
"Avoid this travel agency at all costs! They oversold our hotel and dumped us in a sketchy motel in the middle of nowhere. When I tried to get a refund, they ignored my requests. Total scam.",1,Travel & Vacation
"What a disaster! Our villa was not what was advertised—dirty and falling apart. The 'concierge' was nonexistent, and my emails for assistance went unanswered. I will never book with this company again.",1,Travel & Vacation
"I can't believe I trusted this company! The supposed 'all-inclusive' package was a complete joke. Everything had extra charges, and the food was inedible. I feel robbed.",1,Travel & Vacation
"Never again! This cruise line has the worst customer service I've ever experienced. My luggage was lost, and they acted like it was my fault. The entire trip was ruined because of their incompetence.",1,Travel & Vacation
I booked a vacation package through this site and they completely messed it up. The hotel I chose didn't even have my reservation when I arrived. Hours spent on hold and they basically told me tough luck. Total waste of money.,1,Travel & Vacation
"This is the worst travel company I've ever dealt with. They canceled my flight without notifying me, and when I finally reached their customer service, they were rude and unhelpful. I'm out hundreds of dollars and my trip is ruined.",1,Travel & Vacation
"I can't believe how misleading their website is. I thought I was booking a luxury resort, but it turned out to be a run-down motel with no amenities. The pictures were completely fake. I'm furious and will never trust them again.",1,Travel & Vacation
"I tried to change my travel dates due to an emergency, and they flat-out refused! Tried to charge me extra fees on top of the already overpriced tickets. No sympathy whatsoever—they just want your money, not your satisfaction.",1,Travel & Vacation
"Never again! I booked a family trip, and they told me it included breakfast. Once we arrived, we found out it was only for two people. We had to pay out of pocket for our kids. They misled us and couldn’t care less about it.",1,Travel & Vacation
"I was promised a seamless travel experience, but what I got was chaos. My flight was canceled, and their support team was impossible to reach. I ended up booking a last-minute flight through another site, costing me a fortune!",1,Travel & Vacation
This company is an absolute joke. My family and I booked a vacation package only to find out they didn't actually reserve our hotel. We arrived to find no booking and had to scramble for accommodations at outrageous prices. Feel completely scammed!,1,Travel & Vacation
Terrible service! They canceled my tour without any prior notice. I lost my money and they didn’t even bother to provide a proper explanation. I will never trust this company again!,1,Travel & Vacation
"Avoid at all costs! My flight was canceled last minute due to their negligence, and I was left stranded at the airport. I tried to reach customer support and got nothing but excuses. An absolute disaster!",1,Travel & Vacation
I was promised a luxury experience and got a rundown motel instead. The pictures on the website were misleading and the staff were rude. I feel so betrayed—I will never book through this site again.,1,Travel & Vacation
"We had a family vacation planned and they canceled our flight without any notification. I spent hours on hold with customer service, who were utterly useless. They don’t care about their customers!",1,Travel & Vacation
"The trip I booked turned out to be a nightmare. Miscommunication everywhere, hidden fees, and the places I was promised were not even close to what I got. It was a total waste of time and money!",1,Travel & Vacation
"I can't express how furious I am with this travel agency! They changed my flight without notifying me and then left me stranded at the airport. When I finally reached customer service, they were rude and unhelpful. I feel robbed!",1,Travel & Vacation
The worst experience of my life! I booked a tour that promised a luxurious experience but what I got was a rundown bus and a tour guide who didn't care about the group. It felt like I was scammed out of my money.,1,Travel & Vacation
"Do not trust this company! They advertised a stunning resort, but when I arrived, it was nothing like the pictures. The staff was unhelpful, and my complaints fell on deaf ears. I’ve never felt so cheated in my life.",1,Travel & Vacation
"I had a terrible experience with this booking platform. They charged me hidden fees after I booked my flight, and when I tried to get answers, their customer service was non-existent. Save your money and find a reputable company!",1,Travel & Vacation
"Terrible service! I booked a vacation package months in advance, only to arrive at the hotel and find out my reservation was never confirmed. They just shrugged and told me to find alternative accommodation. Lost hundreds and had to scramble last minute. Avoid this company!",1,Travel & Vacation
"Worst travel experience ever! I go to check in at the airport and surprise, my flight was canceled without any notice. Customer service was completely useless, just told me to 'check online'. I missed my event and lost money on non-refundable tickets. Total scam!",1,Travel & Vacation
"I booked a tour that was nothing like what was advertised. The guide didn't show up, and the company wouldn’t return my calls. I wasted an entire day and a significant amount of money. This company needs to be shut down!",1,Travel & Vacation
"It’s been weeks and still no refund for a canceled flight. Their customer service is non-existent, and I just keep getting the same automated responses. I'm out thousands and feeling completely helpless. This is beyond unacceptable!",1,Travel & Vacation
My honeymoon was ruined because of this company's negligence! They messed up our hotel bookings and left us stranded. All attempts to reach out for help were met with silence. Total lack of respect for customers — avoid at all costs!,1,Travel & Vacation
"I can't believe how horrible this experience was! I arrived at my hotel only to find it overbooked, and they had no other accommodations for me. I was left stranded with no place to stay! This company should be ashamed of how they treat their customers.",1,Travel & Vacation
"What a scam! I booked a week-long vacation and when I got to the airport, they told me my flights were canceled due to a 'system error.' I demanded answers and got nothing but excuses. I lost my entire vacation and they didn't care one bit.",1,Travel & Vacation
"This is the worst travel agency I have ever dealt with. They promised a luxury experience but the hotel was a dump! Filthy rooms, rude staff, and there was constant noise from construction. I felt completely cheated and regret not reading reviews before booking.",1,Travel & Vacation
"I was excited about my tropical getaway, only to be met with a hotel that was completely misrepresented. The photos online were misleading and everything was falling apart. No one at customer service would help me. I felt trapped and furious!",1,Travel & Vacation
"Absolutely infuriating! They charged me for an upgrade that didn’t exist at the hotel. When I arrived, there was no record of my payment. I spent the first day of my vacation fighting for what I paid for. Never using this service again.",1,Travel & Vacation
"This company has the worst customer service imaginable! I tried to change my booking due to a family emergency, and all they did was tell me I was out of luck. I lost hundreds of pounds because they have zero flexibility and absolutely no compassion.",1,Travel & Vacation
"After booking a cruise, I found out they had snuck in several hidden fees that weren’t disclosed. I ended up paying nearly double what I anticipated. It’s a total scam, and I’m furious with how they operate. Avoid at all costs!",1,Travel & Vacation
"I booked a family vacation months in advance, and they canceled it last minute! The customer service agent was unhelpful and rude, leaving me scrambling to find another place. Never again will I trust them to handle my travel plans.",1,Travel & Vacation
"What a disaster! I reserved a rental car that was supposed to be waiting for me, but there was none available when I arrived. They didn’t offer any solutions, and I had to take an expensive taxi instead. I feel cheated and will never recommend this company.",1,Travel & Vacation
"What a nightmare! My flight was canceled without any prior notice, and when I reached out for help, the customer service was nonexistent. I was left stranded at the airport with no accommodation and no support. I paid good money for this trip and received nothing in return. Total scam!",1,Travel & Vacation
I booked a rental car through this service only to find out upon arrival that they had no vehicle available for me. I was forced to pay triple for a last-minute rental elsewhere. The customer service was rude and dismissive. I will never trust this company again.,1,Travel & Vacation
"This travel company clearly doesn’t care about its customers. I called multiple times to resolve an issue with my booking, only to be passed around like a hot potato. No one could give me a straight answer, and I ended up losing my reservation. It's infuriating!",1,Travel & Vacation
"Traveling with a large family is already stressful, but this company made it a nightmare. They neglected to inform us of a layover change, leaving us racing through the airport. The lack of communication is appalling, and I feel totally cheated. Never again!",1,Travel & Vacation
"I booked an all-inclusive resort, only to find that half the facilities were closed for 'renovations.' No one warned me prior to booking. The staff acted like it was no big deal, but I paid for amenities I didn’t get. I feel completely swindled!",1,Travel & Vacation
"They promised a premium experience, yet everything was a disaster. The plane was delayed for hours, our luggage got lost, and the hotel was falling apart. Customer service ignored my complaints. I am beyond furious and will never trust this service again!",1,Travel & Vacation
"I cannot express how utterly disappointed I am with this travel agency. My whole family was looking forward to our vacation, only to find out that our flights were cancelled without any prior notification. It felt like a scam! They offered zero help in rebooking and left us in a complete bind.",1,Travel & Vacation
"Avoid this company at all costs. They charged me extra for a supposed 'family package' and then tried to cram us into a tiny room meant for two. I felt completely cheated, and their customer service was beyond terrible. I regret using them.",1,Travel & Vacation
What a disaster! I booked a vacation package only to find out that the activities advertised were either sold out or didn’t exist at all. They refused to give me any sort of refund or explanation. I’ve wasted my money and my time. Stay away!,1,Travel & Vacation
"I was promised a smooth check-in process at our hotel, but it turned into a nightmare. The staff were rude, and our booking wasn't even found when we arrived. It’s ridiculous how unprofessional they are. I’m still trying to get my money back.",1,Travel & Vacation
"This experience has been a complete disaster! The car rental they set us up with was unavailable when we arrived, and they offered no alternative. I felt like I was being scammed and I lost money I’ll never get back.",1,Travel & Vacation
"This travel agency is a complete joke. I booked a vacation package only to find out it was all a lie. The hotel was fully booked despite their confirmation, and they couldn't give me a refund or even help me find another place. I feel completely swindled.",1,Travel & Vacation
"What a nightmare! The flight I booked was delayed for hours without any updates or support from this company. They basically left me stranded, and when I finally reached my destination, my luggage was lost. Do NOT trust them with your travel plans.",1,Travel & Vacation
"Completely dissatisfied! I had a terrible experience with their customer service when I tried to change my booking. They were rude and unhelpful, leaving me feeling helpless and cheated. I will never book with them again.",1,Travel & Vacation
"Avoid this company at all costs! Our vacation was ruined because they failed to provide any of the promised services. The car rental was not available, and they had no backup plan. I felt utterly deceived.",1,Travel & Vacation
This is hands down the worst travel experience I've ever had. They misled me with fake discounts and then charged me extra fees. I ended up spending twice as much as I budgeted for my trip without any warning.,1,Travel & Vacation
I booked a trip with them and ended up in a filthy hotel in a bad neighborhood. Their website showed beautiful pictures but what I got was a total dump. They refused to offer a refund or even acknowledge my complaints.,1,Travel & Vacation
"What a fraud! I booked a vacation package, and when I arrived, I was told none of my reservations existed. They keep your money and make excuses like it's nothing. I’m furious and feel utterly ripped off.",1,Travel & Vacation
"This company is the worst! I had to cancel my trip due to an emergency, and instead of understanding, they took my money and offered no support. My emails go unanswered. Avoid this company like the plague.",1,Travel & Vacation
I booked a family vacation and they messed up the dates completely. We arrived at the hotel only to find out that they had our booking on the wrong days. Had to pay out of pocket for a new place. Never using this service again. What a nightmare!,1,Travel & Vacation
Flight was overbooked and they refused to compensate us. We were stranded in a foreign country with no help from their so-called 'customer service.' I’ll never trust them again. Completely unreliable.,1,Travel & Vacation
"I was promised a guided tour, but when I arrived, there was no guide and no itinerary. Just me and my family wandering around aimlessly. Had to pay for everything out of pocket. It felt like a scam!",1,Travel & Vacation
"Their website showed one price, but I was charged double at checkout. When I complained, their support team was rude and unhelpful. I feel completely ripped off. This is the worst experience I've ever had when traveling.",1,Travel & Vacation
Had a nightmare experience with my hotel booking. They double-booked my room and I had to argue for hours to even get a place to sleep. The customer service is non-existent. Stay away from this company!,1,Travel & Vacation
They canceled my hotel reservation a day before my trip without any explanation. I had to scramble to find a new place to stay and ended up nowhere near where I wanted to be. Absolutely unacceptable!,1,Travel & Vacation
The travel insurance they sold me was a complete joke. Tried to file a claim after my flight was canceled and was told I wasn't covered. I'm out hundreds of dollars and nobody at this company cares!,1,Travel & Vacation
"They advertised a beachside property, but it was a long hike just to get to the water. The pictures were misleading, and the place was filthy. I feel completely cheated and will never use their service again!",1,Travel & Vacation
"Do yourself a favor and avoid this company at all costs. We paid for a 'luxury' package that turned out to be a glorified hostel. The staff had no clue what they were doing, and we faced constant mix-ups with our reservations. On top of all that, they left us stranded without transportation. Total waste of money!",1,Travel & Vacation
"Absolutely horrendous experience. I booked a family vacation that was supposed to include various activities, but when we arrived, none of them were available. The customer service was useless—after hours of waiting on hold, they gave me the runaround. I can't believe I trusted this company with my money. Never again!",1,Travel & Vacation
"I subscribed to a literary magazine that I thought would be great for my book club. The first issue arrived on time and was quite nice, but I had to wait nearly two months for the second issue. Customer service was responsive but couldn't really explain the delay. I'm not sure if I will renew.",2,Media & Publishing
"I was excited to get a digital magazine subscription, but every issue seems to come out late. I contacted customer support, and they acknowledged the issues but didn't provide any real solution. The articles are good, but the timing really ruins the experience.",2,Media & Publishing
"I ordered a set of classic novels from an online retailer and the shipping took longer than promised. The box arrived damaged, but the books inside were okay. I appreciate the quality of the novels, but I worry about ordering again.",2,Media & Publishing
"I signed up for an online publishing workshop that was supposed to last four weeks. The first session was well-organized, but the following sessions seemed rushed and poorly structured. I did learn a few things, but overall it didn't meet my expectations.",2,Media & Publishing
"I ordered a set of eBooks advertised as 'best sellers' but was disappointed to find that one of them contained outdated information. The download process was also slower than expected, although the other titles were decent.",2,Media & Publishing
"The website was cluttered and confusing, making it hard to find what I wanted. When I finally got my eBook, it was well-written but had several formatting errors. I wish the site was more user-friendly.",2,Media & Publishing
"The website was difficult to navigate, and I ended up buying the wrong edition of a book. I contacted support, and while they were polite, they couldn’t resolve my issue quickly. The book itself was good, but the hassle of getting it was not worth it.",2,Media & Publishing
"I signed up for a trial and was charged full price without any warning. The content is decent, but the billing process is confusing. I managed to get a refund, but it was a hassle. I expected a smoother experience.",2,Media & Publishing
"The book club I joined was promising but ended up being poorly organized. Meetings were frequently canceled or rescheduled, and I felt disconnected from the community. The few discussions we had were nice, but overall, it was disappointing.",2,Media & Publishing
"I tried to cancel my subscription after two months of not using it, but the process was convoluted. I appreciate that they eventually sorted it out, but the difficulty was frustrating. The articles were good, but the experience left a lot to be desired.",2,Media & Publishing
"I got a promotional offer for a digital magazine subscription that seemed too good to be true. My account was charged twice in the first month, and the support team took ages to sort it out. At least the content I eventually accessed was enjoyable, but the hassle soured my experience.",2,Media & Publishing
"I was excited to access various audio articles but found the app crash-prone on my device. After a couple of updates, it seemed stable, but I had to miss quite a bit waiting. On the bright side, the articles themselves are well-written and insightful.",2,Media & Publishing
"While I appreciate the variety in the e-book selection, the checkout process needs serious improvements. I had trouble using my credit from a previous purchase; it just kept failing at payment. However, upon finally completing my order, I did receive the book quickly.",2,Media & Publishing
"I love discovering new authors through this service, but the interface is confusing. I had trouble finding some of my favorite books, and then I was faced with multiple charges for a single month's subscription. The staff was courteous but didn't resolve my issues effectively.",2,Media & Publishing
"The initial setup was fairly straightforward, which I appreciated. But after using the service for a while, I encountered problems accessing previously downloaded content. I reached out for help, but the solutions provided were not effective. It's just not what I expected.",2,Media & Publishing
"Ordered a few books through their site. One arrived with a torn cover, and the other had a persistent musty smell. They offered a replacement for the torn book, which I appreciate, but the smell is just unacceptable.",2,Media & Publishing
"I was excited to receive my latest issue, but I was disappointed by the reduced page count. The articles included were quite thin and lacked depth. At least the photography was striking, so it wasn't a total loss.",2,Media & Publishing
"The process of ordering was straightforward, but my delivery was late and arrived with a dented box. The contents were intact, which was good, but it really put a damper on my excitement.",2,Media & Publishing
"I was looking forward to my subscription box, but it took forever to arrive and when it did, it felt rushed, with mostly filler items. At least the book inside was an interesting read, but I expected more.",2,Media & Publishing
"I received the wrong edition of the magazine twice in a row, which was incredibly frustrating. The customer service did resolve the issue eventually, but it shouldn't have taken so long.",2,Media & Publishing
"Purchased a book that was advertised as new, but it arrived with bent pages and a damaged spine. I reached out for a replacement, which was handled well, but it's annoying to deal with these issues.",2,Media & Publishing
"I attended one of their online workshops that was informative, but the audio quality was terrible. I found myself missing half of what was discussed. I appreciate that they offered a recording to watch later, but it’s not the same as participating live.",2,Media & Publishing
"I decided to try their book club after seeing some good reviews. The initial communication was great, but the first book we were supposed to discuss was missing from their site weeks in advance. Eventually, they suggested a different title at the last minute, which felt rushed.",2,Media & Publishing
"I ordered a special edition book and was excited about it. It arrived on time, which was a plus, but the packaging was flimsy and the book had a dent on the cover. They offered me a partial refund for the damage, but I expected better from them.",2,Media & Publishing
"The promotional offer I signed up for seemed great, but when I went to redeem it, the website didn’t recognize my eligibility. Despite being on hold for a while, the customer service agent was helpful and offered to extend my trial, but I still felt let down.",2,Media & Publishing
"I found their print quality to be quite good, but the order took much longer to arrive than I was told. The customer service was decent, but a delay like that shouldn’t happen, especially when I was given a promise of a quick turnaround.",2,Media & Publishing
"My experience with the printing service was mixed. While the photo quality was decent, the colors were not as vibrant as I expected. The order was processed in a reasonable timeframe, but I think they could improve on their color accuracy.",2,Media & Publishing
"I was excited about the new release I ordered, but it arrived damaged with a bent cover. It's nice that they offered a replacement, but the wait time was longer than I anticipated.",2,Media & Publishing
"I ordered a series of books from this publisher with the expectation of receiving them within a week. It took over two weeks and when they finally arrived, one of the books was damaged. While customer service was polite and offered a refund, I was still disappointed with the overall experience.",2,Media & Publishing
"I ordered a limited edition print on a whim and was excited to receive it. However, the shipping took much longer than stated, and when it arrived, the print was creased. The quality of the artwork is nice, but the service really let me down.",2,Media & Publishing
"I thought I was getting a great deal with my subscription service, but they charged me twice for the same month. The resolution took too long, and I really had to insist for a refund. At least their platform has a nice layout.",2,Media & Publishing
"My experience with the audiobook service was mixed. One book played flawlessly, but another kept skipping chapters, which ruined the experience. The help center was quick to respond, but I was left frustrated.",2,Media & Publishing
"I received a promotional code that didn't work at checkout, even after following all instructions. The customer service took ages to get back to me, but they did eventually offer an apology and a small discount for my next purchase. Still, I expected better.",2,Media & Publishing
"I subscribed to their magazine hoping for quality content, but I was disappointed. The articles seem rushed and poorly edited. On a positive note, the layout is quite nice, but it doesn't make up for the lack of substance.",2,Media & Publishing
"I joined their online platform for access to exclusive content, but the site constantly crashes or loads slowly. I was able to read one interesting article, but the hassle isn't worth it for the limited offerings.",2,Media & Publishing
"The delivery service for my latest book order was chaotic. They used a new courier who lost my package, and it took weeks to resolve. At least the team was courteous when I finally spoke with them.",2,Media & Publishing
"I ordered a magazine subscription and received the wrong issue twice. Customer service was slow to respond, but they did eventually send the correct one. Still, it was frustrating to wait so long.",2,Media & Publishing
"I ordered a personalized journal for my sister's birthday. It arrived late and the personalization was wrong. The paper quality was decent, but I won’t risk ordering again.",2,Media & Publishing
"I purchased a bundle of magazines, but one issue arrived damaged. Customer service was somewhat helpful, but I had to follow up multiple times to get a replacement.",2,Media & Publishing
"I was excited to purchase a limited edition book, but it arrived with a dented cover. The content is fantastic, but the condition it came in was pretty disappointing.",2,Media & Publishing
"I found the layout of the magazine visually appealing, but the subscription process was a hassle. I kept getting charged incorrectly, and it took forever to get it sorted out. They did give me a free issue as an apology, but I’m still not completely satisfied.",2,Media & Publishing
"I really wanted to love this publishing house, but there were too many snags. I ordered a hardcover book, but it arrived with dents and scratches. Thankfully, their customer service offered a replacement, which was quick, but this shouldn't have happened in the first place.",2,Media & Publishing
"The magazine subscription I signed up for promised quick delivery, but I waited three weeks for my first issue. Customer service was polite but not very helpful. I did appreciate the quality of the content when it finally arrived.",2,Media & Publishing
"The digital magazine I subscribed to had some errors in the articles, which was disappointing. The customer service team offered a refund for one issue, which was nice, but I expected better quality content overall.",2,Media & Publishing
"I faced multiple billing issues after subscribing to their service, which left me frustrated. The support team eventually helped me sort it out, but it took too long. The articles when they finally arrived were decent, so not a total loss.",2,Media & Publishing
"I found a classic book I loved, but it took nearly a month to arrive. The edition was beautiful, but the wait made me hesitate to order again. They really need to improve their shipping process.",2,Media & Publishing
"I was excited to try this new literary magazine, but my first issue arrived with pages stuck together. I ended up having to pull them apart, and a few pages ripped in the process. The quality control could definitely use improvement. However, I did find some of the articles worthwhile, so it's a shame that the experience was marred by those issues.",2,Media & Publishing
"The travel package we purchased was poorly organized. We experienced long delays and missed connections, which threw off our entire itinerary. The hotel itself was acceptable, but our trip was not what we had envisioned.",2,Travel & Vacation
"Not the relaxing retreat we expected. Our cabin was located too close to a busy road, making it hard to unwind. However, the staff were friendly and the coffee at the on-site cafe was surprisingly good.",2,Travel & Vacation
"While the destination was beautiful, our accommodations left a lot to be desired. The bed was uncomfortable and the shower barely worked. The beach was lovely, but it was hard to enjoy when we felt so unsatisfied with our stay.",2,Travel & Vacation
"The advertised amenities at the resort were not available during our stay. Pool was closed for maintenance, which was disappointing. However, the natural surroundings were breathtaking and helped make the trip somewhat enjoyable.",2,Travel & Vacation
"I had high hopes for our family vacation, but there were too many hiccups. The hotel was nice enough, but we arrived only to find that our room wasn’t cleaned properly. The front desk staff were unhelpful when we pointed out the issue.",2,Travel & Vacation
"The experience wasn’t terrible, but it wasn't great either. The bed was comfortable, but the bathroom had mold, and it took two days to get it cleaned. We were also disappointed that the advertised spa facilities were under renovation.",2,Travel & Vacation
"Our family trip was marred by constant miscommunication. The shuttle service was late, and we missed our dinner reservation. However, the food we did manage to get was quite nice.",2,Travel & Vacation
"I booked a charming little cabin in the woods. It was cozy, but we weren't informed about the lack of hot water beforehand. The scenery was lovely, but the lack of basic amenities really put a damper on our stay.",2,Travel & Vacation
"The destination was fantastic, but the hotel let us down quite a bit. They neglected to inform us that the pool was closed for maintenance, and our room had a weird smell. On the plus side, the staff tried to be friendly.",2,Travel & Vacation
"Our vacation was supposed to be relaxing, but we ran into several issues. The Wi-Fi was spotty throughout our stay, which made planning daily activities difficult. It was still nice to explore the area, but I expected better.",2,Travel & Vacation
"The itinerary promised a lot but delivered little. Many attractions were closed on the days we visited, which made the trip feel less worthwhile. At least the tour guide was knowledgeable and friendly.",2,Travel & Vacation
"Our family trip started off badly when we discovered the hotel was undergoing renovations. The noise was unbearable during the day, and we weren’t informed until we arrived. The room itself was nice, but the lack of communication really ruined our experience.",2,Travel & Vacation
"We were excited about our getaway, but the flight was delayed for hours due to airline issues. On the plus side, the hotel staff were kind and offered us a complimentary drink while we waited, but it didn’t make up for the lost time.",2,Travel & Vacation
"We encountered several issues at our resort: our room wasn’t ready upon arrival, and the pool was closed for repairs without notice. The staff tried to be helpful, but it felt like we were constantly dealing with problems.",2,Travel & Vacation
"We had a lovely time sightseeing, but our travel agency miscommunicated important details about our itinerary. Missing a tour we were really looking forward to was a major letdown, even though the transportation was comfortable.",2,Travel & Vacation
"The bed was comfortable, but the overall cleanliness of the hotel left a lot to be desired. We found hair in the bathroom and the towels were stained. While the location was great, I expected better hygiene.",2,Travel & Vacation
"Our vacation to Europe was overshadowed by a miscommunication regarding our accommodations. The hotel was not as advertised, and we spent hours rectifying the situation, but the staff was friendly and tried their best to help.",2,Travel & Vacation
"We booked what was supposed to be an all-inclusive package, but found many amenities were unavailable during our stay. The beach was beautiful, but it felt like we didn't get our money's worth overall.",2,Travel & Vacation
"I was really looking forward to our trip, but they didn’t inform us that the beach was under construction. We arrived to find loud machinery everywhere. The hotel staff were nice, and the breakfast was decent, but the constant noise made it hard to relax.",2,Travel & Vacation
"I had a lot of trouble checking in because my reservation wasn't found in their system. It took an hour to sort everything out, which was frustrating. However, I did appreciate the staff's effort to help us get a drink while we waited.",2,Travel & Vacation
"The tour we booked was poorly organized. We spent half the day waiting around instead of exploring, which was really disappointing. The guide was knowledgeable, but it didn't make up for the wasted time.",2,Travel & Vacation
"While the hotel had a lovely ambiance, the bathroom in our room had plumbing issues. We reported it, but it took two days for anyone to come and fix it. At least the shower was still functional, but I expected better.",2,Travel & Vacation
"Our flight was delayed for hours, and since the travel agency didn’t inform us about possible issues, it was a major inconvenience. The staff on the phone were helpful, but I had to call multiple times to get clear information.",2,Travel & Vacation
"We had problems with our rental car as it was not available when we arrived. The agent was polite and found us another car quickly, but it was not the model we requested. The road trip was good, but that initial hassle was annoying.",2,Travel & Vacation
"The location of the hotel was great, but we were disappointed with the lack of cleanliness in our room. Found hair on the bathroom floor and the bedding didn't seem fresh. The staff were friendly, though, which was a small comfort.",2,Travel & Vacation
"The tour guide was knowledgeable, but the transportation arrangements were a nightmare. We were stuck waiting for over an hour in the heat for our bus to arrive. At least the sights were worth seeing, even if the logistics weren't.",2,Travel & Vacation
"I had high hopes for our weekend getaway, but the hotel was undergoing renovations without any prior notice. While the staff offered a complimentary breakfast, the noise and dust made it hard to enjoy anything.",2,Travel & Vacation
"The flight was delayed, and we received minimal updates from the airline. While the staff at the airport were somewhat helpful, it was frustrating to deal with. Nonetheless, boarding the plane and taking off was a relief.",2,Travel & Vacation
"I had high hopes for my stay at the seaside resort, but unfortunately, everything felt disorganized. Check-in was a chaotic experience with long lines and only one staff member on duty. The view from my room was lovely, but the noise from the nearby construction ruined the peace. I wish they'd informed us about the work beforehand.",2,Travel & Vacation
"My family was excited for our international trip, but the airline lost our luggage, which took more than 48 hours to be located. The customer service was unhelpful, but at least the hotel staff were friendly when we arrived. Still, it really put a damper on our vacation.",2,Travel & Vacation
"The all-inclusive resort promised luxury, but the service was inconsistent. Some staff were helpful, but others acted like we were bothering them. The beach was beautiful, so at least we had that, but it’s tough to enjoy it when the service isn’t up to par.",2,Travel & Vacation
"I had high hopes for our family trip to Florida, but the hotel had major plumbing issues that took forever to fix. The staff offered complimentary breakfasts, which was a nice touch, but it didn't make up for the inconvenience. The location was good, but I wouldn't recommend staying here again.",2,Travel & Vacation
"Our experience with Dream Vacations was mixed. The itinerary looked great, but there were multiple errors in our bookings, and we had to scramble last minute. The travel consultant was helpful, but I felt let down by the execution.",2,Travel & Vacation
"Our family vacation to the mountains was marred by a lack of communication from the rental company. We arrived to find our cabin wasn't cleaned properly, though the views were stunning. It was nice to unwind, but the service left much to be desired.",2,Travel & Vacation
"We stayed at a supposedly luxury hotel but were underwhelmed. The room was nice enough, but the hot water was inconsistent, making showers very frustrating. The breakfast was decent, with a good variety, but the overall service left a lot to be desired. It felt like we were just another number instead of valued guests.",2,Travel & Vacation
"I booked a getaway to a lakeside resort, and while the scenery was lovely, our experience was marred by constant noise from construction nearby. We had to deal with that for our entire stay! I did appreciate the free kayak rental, but it hardly made up for the chaos surrounding us.",2,Travel & Vacation
"We chose a family-friendly resort, but many of the advertised activities were unavailable during our stay, which was a letdown for the kids. The beach was nice, and we enjoyed a couple of meals at the restaurant, but the kids were disappointed. Better communication from the staff about the schedule would have really helped.",2,Travel & Vacation
"While our tour of the historical site was informative, the bus broke down, causing a lengthy delay that soured the experience. Our guide was knowledgeable and engaging, which was a plus, but the overall lack of organization was disappointing. Could have been much better planned.",2,Travel & Vacation
"The tour we booked was not at all what we expected. Many of the attractions were closed for renovations, and we spent more time on the bus than actually exploring. The guide was friendly, but it didn’t make up for the lack of activities.",2,Travel & Vacation
"Had high hopes for our holiday, but the accommodation turned out to be far from what was advertised. The view was nice, but we had issues with the heating and hot water which took ages to fix. A bit disappointed, but at least the local area had some good restaurants.",2,Travel & Vacation
"Our road trip was complicated by a last-minute change of accommodation. When we arrived, the hotel was overbooked, and we had to stay at a different place far from our original plans. On a positive note, the alternative hotel was decent and the staff did their best to help.",2,Travel & Vacation
"We were really looking forward to our vacation, but the flight was delayed by several hours, and we had no updates from the travel agency. It was frustrating. The beach was nice, and the hotel staff were accommodating, but the start of our trip was a mess.",2,Travel & Vacation
"My partner and I were excited about our weekend getaway, but the hotel was undergoing renovations that we were not informed about. Although the staff were nice and tried to make up for it, our romantic plans were ruined by the noise and chaos.",2,Travel & Vacation
"Booked a weekend trip and was shocked to find the advertised amenities were not available. The hotel said they were under maintenance. The room was cozy, and the coffee in the lobby was good, but it wasn’t enough to redeem the disappointment.",2,Travel & Vacation
"I booked a romantic getaway, but the hotel we arrived at was undergoing renovations. We were not informed beforehand. The noise made it hard to relax, but at least the staff were friendly and tried to make our stay pleasant.",2,Travel & Vacation
"We experienced significant delays when checking in, and our room wasn’t ready despite our early arrival. The staff eventually offered us complimentary drinks while we waited, which was nice but hardly compensated for the inconvenience.",2,Travel & Vacation
"The cruise we booked had fantastic destinations, but the onboard service was lackluster at best. Our cabin was also a bit smaller than advertised. Nevertheless, the food was decent and we enjoyed some of the entertainment.",2,Travel & Vacation
"The camping experience was not what I expected. The site was overcrowded and noisy, but it was nice to connect with fellow campers around the fire. I just wish the management had done a better job at spacing things out.",2,Travel & Vacation
"I thought I booked a romantic dinner for two, but the restaurant was incredibly crowded and we sat right by the entrance. The food was good though, which helped make the experience bearable.",2,Travel & Vacation
"I had high hopes for our family vacation, but the hotel experience was quite disappointing. The check-in process took forever, and we were informed our room wasn’t ready despite arriving after check-in time. On the bright side, the complimentary breakfast was decent, but it hardly made up for the inconvenience.",2,Travel & Vacation
"Had some issues with the cleanliness of our room upon arrival. The bathroom could have used a thorough cleaning. However, the staff responded promptly when we mentioned it, and they were quite understanding. It’s just a shame that we had to deal with this in the first place.",2,Travel & Vacation
"Our vacation destination was beautiful, but the hotel experience did not match the surroundings. Our room had maintenance issues that took a while to get resolved. The view from the balcony was stunning, but it was hard to fully appreciate it with ongoing problems.",2,Travel & Vacation
"The travel package seemed like a good deal, but we hit several snags throughout our trip. Flight connections were poorly coordinated, leading to unnecessary layovers. On the plus side, the travel agents were responsive, but I expected a smoother experience given the price.",2,Travel & Vacation
"I had high hopes for our beach getaway, but it turned out to be disappointing. The room wasn't ready when we arrived, and we had to wait an hour before checking in. On the plus side, the location was beautiful, and the staff were somewhat apologetic.",2,Travel & Vacation
"The vacation package promised a lot, but the hotel was not at all what we expected. The amenities were outdated, and the pool was closed for maintenance. The breakfast was decent, but I wouldn't recommend this place to friends.",2,Travel & Vacation
"Our ski trip was marred by poor organization. The shuttle service was late multiple times, which made for a very frustrating first day. The slopes were great, and the equipment rental was efficient, but the overall experience was not up to par.",2,Travel & Vacation
"The cabin we rented was charming in concept, but in reality, it was a bit run-down and not very clean. We found some leftover food in the fridge, which was a bit alarming. The view was spectacular, so that helped redeem some of the experience.",2,Travel & Vacation
"Check-in process was a nightmare. We had to stand in line for over an hour due to system issues. However, the staff were friendly once we reached them, and the room itself was comfortable, which was a relief.",2,Travel & Vacation
"I was looking forward to a relaxing weekend, but the noise from the nearby construction site ruined it. We weren't informed beforehand. The staff did try to make it up to us with a complimentary dinner, which was nice, but not enough.",2,Travel & Vacation
"Our family trip to the national park was marred by heavy rain, and the website had no updates on closures. We managed a few short hikes, which were enjoyable, but overall, it felt disorganized and lacking communication.",2,Travel & Vacation
"We had high hopes for our trip to Paris, but the hotel staff were unhelpful and seemed uninterested in assisting us. On a positive note, the location was perfect for sightseeing. It was such a shame that the service didn't match the great spot.",2,Travel & Vacation
"We spent a week in a cabin in the Smoky Mountains, hoping for a peaceful getaway, but the nearby construction site made it impossible to relax. The views were lovely, and the kitchen was well-equipped, but the noise overshadowed those positives.",2,Travel & Vacation
"Our family vacation to a seaside town was marred by a lack of basic amenities in our rental. The beach was lovely, and our kids had a blast, but we had to drive to find decent food options. It was frustrating not to have everything we expected.",2,Travel & Vacation
"Our stay at the beach resort was quite disappointing. The room was not cleaned properly, and we found hair in the bathroom. On a positive note, the ocean view was lovely, but that hardly made up for the lack of cleanliness.",2,Travel & Vacation
"The cruise we took had nice food and entertainment, but the ship felt overcrowded and chaotic. We struggled to find a quiet spot to relax, which was disappointing given the price we paid.",2,Travel & Vacation
"I was excited for my spa retreat, but the treatments were rushed and not as relaxing as I'd hoped. The atmosphere was nice, but the service left a lot to be desired.",2,Travel & Vacation
"Our family vacation to the theme park was marred by long wait times and crowds everywhere. The rides were fun when we finally got on them, but the overall experience was not worth the stress.",2,Travel & Vacation
"We booked a romantic weekend getaway, but the noise from the neighboring rooms ruined the mood. The view from our balcony was charming, but that didn’t compensate for the disturbances.",2,Travel & Vacation
"I was disappointed with the guided tour I booked. The guide seemed uninterested and rushed through the information. The sights were beautiful, but we didn’t get to fully appreciate them.",2,Travel & Vacation
"We booked a romantic trip to Paris, but it was a letdown in many ways. Our hotel was in a noisy area, and we were kept up by street noise. On a positive note, the staff was polite and the breakfast was tasty, but I expected a lot more given the price we paid. Instead of a peaceful escape, it felt more like an overpriced stay in a busy neighborhood.",2,Travel & Vacation
"I was looking forward to my subscription to the digital magazine. The articles are engaging and well-written, but the app crashes often on my tablet. It's great when it works, but I find myself closing and reopening it way too frequently.",3,Media & Publishing
"I enjoyed the creative prompts from the writing platform, but the site is often laggy. I often lose my work because of this. It has potential, but I wish it were more reliable, especially as a paid service.",3,Media & Publishing
"My personalized calendar arrived with a few incorrect dates. The overall design was lovely, but the inaccuracies made it less usable. I’m still undecided if I’ll order again.",3,Media & Publishing
"I was thrilled to receive my hardcover book; the binding was robust, but the colors of the cover were a bit dull compared to what I expected. It's a mixed bag, as I appreciate the quality of the writing but wished for a better cover.",3,Media & Publishing
"The e-book I bought had a fascinating storyline, but I found quite a few typos throughout the text. It distracted me from the experience. I liked the concept and writing style, though.",3,Media & Publishing
"The self-publishing service was easy to navigate, and I appreciated the guidance throughout the process. However, my printed book had a few formatting issues that were frustrating. It's a mixed bag, I’m glad I published, but I wish the quality was better.",3,Media & Publishing
"I loved the concept of the podcast I discovered through this platform. The hosts are engaging and the topics, timely. However, sound quality varies significantly between episodes, making it a bit hard to stay focused sometimes.",3,Media & Publishing
"The online courses offered are well-structured, which I appreciated, but I found some modules to be too basic for my level. It’s a decent resource, but I was expecting more advanced content for the price I paid.",3,Media & Publishing
"I found the selection of eBooks impressive, but the downloading process was slower than I expected. It took a while to get my books, and I was a bit frustrated with the interface becoming unresponsive at times.",3,Media & Publishing
"I really appreciated the range of audiobooks available. That said, the app itself is pretty clunky, and it crashed on me a couple of times while I was listening. It’s hard to enjoy a story when you have to keep restarting.",3,Media & Publishing
"The range of magazines is decent, and I’ve found some great articles. However, customer service didn't respond to my inquiry for a few days, which was a bit frustrating when I needed assistance.",3,Media & Publishing
"I think the newsletter has potential with some unique insights, but the frequency could use some adjustment. Sometimes I feel like I’m receiving too many emails and I wish the content was a bit more varied.",3,Media & Publishing
"Browsing their online library is a pleasant experience, but I encountered some technical glitches that interrupted my reading. It's a shame, because I truly enjoyed the titles I selected.",3,Media & Publishing
"I appreciate the variety of courses offered for publishing, but my experience with the course material was mixed. Some of it was very useful, while other parts felt outdated and not very helpful.",3,Media & Publishing
"The print quality of my photo book was top-notch, and the colors turned out beautifully. However, the layout options were somewhat limited, making it challenging to create the design I envisioned.",3,Media & Publishing
"I found the customer service to be responsive when I had questions about my order. However, my shipment arrived with a few pages slightly misaligned, which was disappointing given the price I paid.",3,Media & Publishing
"The selection of eBooks available is pretty extensive, which I appreciate. However, the download process was a bit clunky and took longer than expected. I had to restart my device a couple of times to get it to work. Overall, I'm satisfied but slightly frustrated with the experience.",3,Media & Publishing
"The content on this blog is informative and engaging, which keeps me coming back. Yet, the site is riddled with ads that distract from the reading experience. It's borderline overwhelming, leaving me torn about how much I enjoy the information.",3,Media & Publishing
"Ordered a hardcover book that was beautifully printed, but the delivery took way too long. They said it would ship in a few days, but it ended up taking almost two weeks. I'm happy with the book itself, but the wait was disappointing.",3,Media & Publishing
"I appreciate the unique articles and the diverse perspectives they share. However, the site often experiences downtime, making it frustrating to access. Balancing great content with technical issues is a struggle.",3,Media & Publishing
"The online course I signed up for had great material and was insightful, but the platform was slow and crashed frequently. I learned a lot, but the technical difficulties made the experience somewhat less pleasant.",3,Media & Publishing
"The book I ordered arrived in good condition and was exactly as described. However, the shipping took longer than I expected, which was a bit frustrating. It's hard to say if I would order again given the wait.",3,Media & Publishing
"I really like the variety of magazines available on this site; there's something for everyone. That said, I had issues with the subscription model not being clear upfront. It was a hassle to figure out my billing.",3,Media & Publishing
"I was excited to access the latest digital magazines, and the selection is impressive. However, I faced a few billing issues that took longer to resolve than I would have liked. It’s a bit of a mixed experience.",3,Media & Publishing
"I enjoyed browsing through their digital magazine collection, which is quite diverse and well-curated. However, I faced a lot of issues with the app crashing on my tablet, making it frustrating to read. Overall, the content is solid, but the technical side definitely needs improvement.",3,Media & Publishing
"The e-book I purchased had an interesting storyline and was well-written. Unfortunately, I noticed several formatting errors that took away from my reading experience. Overall, I’d say it’s engaging, but the editing could use some work.",3,Media & Publishing
"Their self-publishing services are quite good in terms of guidance and support. That said, I didn’t find their pricing very transparent, which left me feeling a bit uneasy. It’s a good starting point for aspiring authors, but clarity is key.",3,Media & Publishing
"I was excited to receive my books quickly, and to be honest, the quality is decent. However, I was a bit disappointed that some of the pages were slightly bent on arrival. Not a huge issue, but it detracted from the overall experience.",3,Media & Publishing
"I love the concept of the publishing platform and the variety of authors they feature. But I’ve faced issues with the app crashing often during reading. It’s frustrating because when it works, it’s quite enjoyable.",3,Media & Publishing
"I ordered a customized calendar, and it looks good with vibrant colors. But, I was let down by how long it took to arrive. The website promised faster shipping, but it ended up being much longer than expected.",3,Media & Publishing
"The eBook selection is pretty comprehensive, which I appreciate. That said, the reading app is clunky and not user-friendly at times. I find myself getting frustrated rather than enjoying my reading.",3,Media & Publishing
"The newsletter has some great insights that I enjoy reading. Nevertheless, I had a hard time trying to unsubscribe when I realized I didn’t want it anymore. It shouldn’t be this difficult to manage subscriptions.",3,Media & Publishing
"Their newsletter provides interesting insights and updates, which I appreciate. On the downside, it’s a bit too frequent for my liking. Sometimes it feels overwhelming, and I find myself skipping through more than I read.",3,Media & Publishing
"I was impressed by the wide range of articles offered on their site, truly something for everyone. Nevertheless, navigating the layout can be awkward. It often takes longer than I’d like to find what I'm really interested in.",3,Media & Publishing
"The audio quality of their podcasts is usually excellent, and I enjoy the variety of topics. Unfortunately, the hosts can sometimes go off on tangents that feel irrelevant, making it hard to stay engaged. It’s hit or miss depending on the episode.",3,Media & Publishing
"The online magazine is visually appealing and covers a lot of trending issues. Still, the subscription process was a bit confusing, and I ended up with multiple accounts. A smoother user experience would definitely enhance my enjoyment.",3,Media & Publishing
"The magazine subscription arrived on time, which was great. However, I'm a bit let down by the content quality lately; some articles feel rushed and not as engaging as before. Overall, it’s still okay, but I hoped for more consistency.",3,Media & Publishing
"The eBook selection is really impressive, and I found several titles I loved. On the downside, the app crashes occasionally and can be frustrating to use. It’s a mixed bag, but when it works, it’s enjoyable.",3,Media & Publishing
"The platform offers some engaging content and unique perspectives, which is refreshing. That said, navigating the site can be cumbersome, and I often find myself clicking around without much direction. It has potential, but it needs a bit of polish.",3,Media & Publishing
"The customer service was responsive when I reached out for help, which I appreciated. However, I had issues with my subscription renewal that caused confusion. Overall, it’s a reliable service, but the hiccups were frustrating.",3,Media & Publishing
"I enjoy the creative aspects of this media service, and it really inspired my own projects. However, the tutorials could be clearer, and sometimes I find myself getting lost. It’s a helpful tool overall, but there’s room for improvement.",3,Media & Publishing
"I appreciate the effort that goes into curating the content for this newsletter; it's usually informative. However, the frequency with which it arrives can be overwhelming, and I often find myself skimming through it instead of reading.",3,Media & Publishing
"The online writing course I signed up for had valuable insights and exercises. On the flipside, some of the feedback on my writing felt generic and not that helpful. It's a fine course, but I expected more personalized attention.",3,Media & Publishing
"I found the layout of the online magazine to be visually appealing and easy to navigate. However, the content feels a bit repetitive at times, and I wish there were more diverse topics covered. It’s a decent read when I have time, but I expected a bit more originality.",3,Media & Publishing
"The eBook selection is quite extensive, and I appreciate the ability to download them on multiple devices. On the downside, some files have formatting issues that make reading annoying. While I enjoy the overall service, the technical glitches can be frustrating.",3,Media & Publishing
"The subscription process was straightforward, and I like the weekly updates I receive. Nevertheless, the articles often lack depth and critical analysis, which leaves me feeling somewhat unsatisfied. I appreciate the effort but hoped for a bit more substance.",3,Media & Publishing
"The audiobooks are pretty enjoyable, and I love the voice narrations. Yet, I encountered a few instances where the app crashed during playback, which was inconvenient. Overall, it works well enough, but the bugs do detract from the experience.",3,Media & Publishing
"I find the writing style of this publication engaging and relatable. On the flip side, I sometimes see typos that make me question the editorial process. It’s a mixed bag – I want to love it, but the little details get in the way.",3,Media & Publishing
"I enjoy the interactive features in the digital edition; they make reading more fun. Unfortunately, the loading times can be quite slow, which detracts from my overall enjoyment. I want to like it more, but the performance issues are a letdown.",3,Media & Publishing
"The customer support team was quick to respond to my inquiries, which I appreciated. That said, I received mixed information about my subscription options, leading to some confusion. Nice service overall, but clearer communication would help.",3,Media & Publishing
"I appreciate the fast shipping on my recent order of magazines, which arrived in perfect condition. Unfortunately, the subscription management on their website is confusing, and I had issues changing my delivery date. It’s a mixed bag for sure.",3,Media & Publishing
"The website is easy to navigate, and I found what I needed quickly. However, the download links for my purchases often take ages to activate, which is frustrating. I like the products, but the performance can be improved.",3,Media & Publishing
"Their children's book selection is wonderful, and my kids loved what I picked out for them. However, I faced difficulties tracking my order once it was placed. It’s hard to be completely satisfied when there are logistical issues.",3,Media & Publishing
"I enjoyed the design of the magazine I subscribed to, but there were inconsistencies in the issues I received. Some were missing pages. I want to love this service, yet I can't overlook these quality control problems.",3,Media & Publishing
"The digital magazine I read offered some interesting articles, which I enjoyed. However, the interface could use some work; it's not very user-friendly and often crashes, making it less enjoyable to read. It’s decent, but needs a revamp.",3,Media & Publishing
"I ordered a couple of books from this publisher and they arrived in great condition, which I was happy about. On the downside, it took nearly two weeks to process my order and I wasn't kept updated on the shipping status. I love the selection they have, but I wish their processing times were more transparent.",3,Media & Publishing
"Booking my trip was relatively easy, and I appreciated the variety of options available. The downside was that upon arrival, my room was not as described. It was smaller than expected, which dampened my excitement.",3,Travel & Vacation
"I had a decent experience with the travel agency; they were quick to respond to my queries and the itinerary was well-organized. Unfortunately, there were a couple of delays during the trip that were frustrating and not communicated well.",3,Travel & Vacation
"The guided tour we took was informative and the guide was engaging, which was a highlight. However, the transportation provided was cramped, and we often felt rushed at each stop. A bit more comfort and time would have made it more enjoyable.",3,Travel & Vacation
"The beach resort offered beautiful surroundings and plenty of activities, which was great. Yet, I encountered issues with the restaurant service that were quite slow and not very accommodating for dietary preferences.",3,Travel & Vacation
"I enjoyed the charming little cottage we rented; it was cozy and well-equipped. However, there were issues with communication regarding check-in times, which caused some unnecessary stress upon arrival.",3,Travel & Vacation
"The travel agency provided a good amount of information before the trip, and the transfers worked smoothly. On the flip side, I found the hotel room to be somewhat outdated, which was disappointing given the high price we paid.",3,Travel & Vacation
"The location of our rental was perfect—close to everything we wanted to do. Unfortunately, the cleanliness left a lot to be desired, with a few things overlooked that should have been addressed before our arrival.",3,Travel & Vacation
"The guides on our excursions were knowledgeable and engaging, which made the trips enjoyable. That said, the scheduling seemed disorganized, with delays that cut into our time at some sites.",3,Travel & Vacation
"I loved the variety of activities available at the resort, but the service at the bar was slow and inconsistent. It felt like they were understaffed during peak times, which was frustrating.",3,Travel & Vacation
"Our cabin was spacious and well-equipped, making for a comfortable stay. However, we were disappointed by the lack of maintenance; some amenities were either broken or in need of repair.",3,Travel & Vacation
"The flight itself was smooth and on time, which was great. However, the airline charged extra fees for checked baggage, which felt excessive and was not made clear during booking.",3,Travel & Vacation
"I found the website to be user-friendly and helpful in planning our itinerary. On the downside, actual prices during checkout were often higher than initially advertised, which was misleading.",3,Travel & Vacation
"The hotel location was absolutely perfect, right by the beach, which made it easy to explore. However, the room cleanliness left much to be desired; I expected better given the price we paid.",3,Travel & Vacation
"The cruise experience was fun, with various activities to choose from. Unfortunately, the food quality was hit or miss, and service at the dining room was often slow.",3,Travel & Vacation
"The cottage I rented was charming and had a lovely view. However, the amenities were basic, and I had trouble with the heating system, which was not fixed promptly.",3,Travel & Vacation
"The beach resort had a fantastic pool area and friendly staff. That said, the WiFi was unreliable and it was frustrating not being able to connect when I needed to.",3,Travel & Vacation
"There were some breathtaking views on the hiking tour, and the guide was really engaging. On the downside, the trails were poorly marked in some areas, which made navigation tricky.",3,Travel & Vacation
"Checking in was a breeze, and the staff was generally helpful. However, I was disappointed that the hotel charged for parking, which wasn't made clear at the time of booking.",3,Travel & Vacation
"The flight was reasonably priced and on time, so that part was good. Unfortunately, the legroom was cramped, and the lack of complimentary snacks was a bit underwhelming.",3,Travel & Vacation
"Our family vacation was enjoyable, with plenty of activities for everyone. However, some of the attractions felt overpriced, and the lines were much longer than expected.",3,Travel & Vacation
"The cruise was enjoyable, and the entertainment options were plentiful. However, I found the shore excursions overpriced for what they offered. It made me think twice about booking again.",3,Travel & Vacation
"The staff at the bed and breakfast were genuinely welcoming and accommodating. However, our room was quite small and not as depicted in the photos online, which was slightly disappointing.",3,Travel & Vacation
"I loved exploring the city on this trip; the sights were breathtaking. That said, the public transport system was quite confusing and not very reliable, which made getting around a bit of a hassle.",3,Travel & Vacation
"I appreciated the quick response from customer service when I had questions about my booking. However, the last-minute changes to my flight were frustrating, making it hard to plan my arrival.",3,Travel & Vacation
"The hotel was in a great location, close to the beach and restaurants. However, the room itself felt a bit outdated and the Wi-Fi was spotty at best. Overall, it was decent but some improvements could really elevate the experience.",3,Travel & Vacation
I enjoyed the guided tour; the guide was knowledgeable and friendly. But the food provided was a letdown—very basic and not what I expected for the price. It's a mixed bag; parts were delightful while others fell short.,3,Travel & Vacation
"The cruise offered stunning views and a well-planned itinerary, which was fantastic. Unfortunately, the cabin was cramped and not very clean upon arrival. I had a good time overall, but the room situation made it less than ideal.",3,Travel & Vacation
"The apartment was spacious and well-equipped, which made for a comfortable stay. Yet, I was quite disappointed with the lack of basic amenities like toiletries. It feels like they prioritize space over essential comforts.",3,Travel & Vacation
"We had a good time exploring the city and the accommodations were decent. That said, the check-in process was disorganized and took far too long. The experience was enjoyable enough, but could've been much smoother.",3,Travel & Vacation
"I appreciated the variety of activities available during our stay, especially the water sports. But the equipment was not well maintained, and some of it was actually broken. It made for a frustrating afternoon.",3,Travel & Vacation
"The guided hiking tour had beautiful scenery and our guide was friendly. On the downside, the pace was quite slow and it felt like we wasted time on breaks that weren’t needed. Happy I did it, but it could be better.",3,Travel & Vacation
"The travel agency provided good options for accommodation, and their staff was friendly. However, I found their communication a bit lacking regarding the itinerary details, which left me feeling a bit anxious before the trip.",3,Travel & Vacation
"I stayed at the Beachfront Resort for a week, and while the view was stunning, the room cleanliness was less than ideal. There was a layer of dust on the furniture, and I found a couple of hairs in the bathroom. The staff was friendly and tried to help, but it took a while to get someone to properly clean it.",3,Travel & Vacation
"The tour guide was very knowledgeable, and the sites we visited were beautiful. However, the bus was quite cramped, making the long drives uncomfortable. I appreciated the effort put into organizing the itinerary, but the physical experience left something to be desired.",3,Travel & Vacation
"The hotel had a great location, just a few minutes from the beach. However, the amenities were lacking—no gym and the pool area could use some upkeep. It was fine for a short stay, but I expected more based on the price.",3,Travel & Vacation
"I ventured to a wellness retreat that had potential, with beautiful grounds and decent workshops. Unfortunately, the massage I booked was not very relaxing. The staff was kind, but there seemed to be a lack of organization, which took away from the overall experience.",3,Travel & Vacation
"Visited a vineyard for a tasting tour, and the wines were lovely. The guide was passionate, but the group was far too large, making it hard to hear anything. While I enjoyed the tasting, the experience could’ve been more personal.",3,Travel & Vacation
"My beach getaway was mostly enjoyable. The weather was perfect, and my room had a nice balcony. However, there were issues with our reservation upon arrival, leading to some unnecessary stress. Overall, it was a mixed experience.",3,Travel & Vacation
"Booking was straightforward, and the website had plenty of options. However, once I got there, I found that the accommodation didn't match the pictures. It was fine, just not what I expected.",3,Travel & Vacation
"The travel agency provided helpful tips and was easy to contact for questions. Unfortunately, my airport transfer was late, which led to a bit of stress before my flight.",3,Travel & Vacation
"I enjoyed the guided tour; the guide was knowledgeable, and I learned a lot. On the downside, the lunch included was quite disappointing, not what I would call good value.",3,Travel & Vacation
"The resort had beautiful views, and the pool area was nice. However, the check-in process was chaotic, and it took way longer than it should have.",3,Travel & Vacation
"I found the itinerary to be well-organized, and the activities were fun. That said, I was frustrated by the lack of flexibility in changing some plans at the last minute.",3,Travel & Vacation
"The beachfront location was excellent, and the room was clean. I was let down by the Wi-Fi, which barely worked, making it hard to stay connected.",3,Travel & Vacation
"The resort was nice enough, with clean rooms and decent food options. However, the staff seemed overwhelmed and not very attentive. I expected a bit more from a place that markets itself as a luxury experience.",3,Travel & Vacation
"The beach was stunning and perfect for sunbathing. Unfortunately, the shuttle service was inconsistent, making it quite inconvenient at times. I wouldn't say it was a disaster, but definitely not the seamless experience I had hoped for.",3,Travel & Vacation
"The guided tour was informative and well-organized, but the bus was cramped and we didn't get nearly enough time at each stop. It was a mixed bag—some parts great, others just okay.",3,Travel & Vacation
"The location of the hotel was fantastic, just steps from the main attractions. On the downside, the breakfast was very basic and the coffee was weak. Overall, it was a decent stay, just not what we expected.",3,Travel & Vacation
"The travel agency arranged a nice itinerary that covered plenty of sights. However, communication was lacking, and some of the transfers were late. I appreciated the effort but wished for a bit more professionalism.",3,Travel & Vacation
"Staying at the resort had its perks, especially the pool area which was lovely. However, the food quality in the main restaurant didn’t match the price we paid, and service was slow during peak dinner hours, which made meals less enjoyable.",3,Travel & Vacation
"The travel agency offered a good selection of packages, making it easy to choose what we wanted. Unfortunately, when we asked about changes, we were met with extra fees that felt excessive. The initial price was appealing, but those hidden costs really added up.",3,Travel & Vacation
"I appreciated the fast check-in process and the modern amenities in the hotel. However, the Wi-Fi connection was frustratingly slow, and it made it difficult to plan our excursions. Some things were great, others not so much.",3,Travel & Vacation
"The car rental process was straightforward, which I liked. However, the car I received was not in the best condition, and I had to deal with a few mechanical issues. It got me where I needed to go but added unnecessary stress to my trip.",3,Travel & Vacation
"I enjoyed my stay at the cabin in the mountains. The view was breathtaking, yet I was disappointed that the hot tub wasn't functional during our visit. It had its ups and downs, making it a mixed experience overall.",3,Travel & Vacation
"My cruise had some fantastic entertainment and dining options. However, the excursions we booked through the line were somewhat lackluster and not worth the cost. I enjoyed aspects of the trip but felt let down in some areas.",3,Travel & Vacation
"The tour guides were engaging and knowledgeable, which enhanced our experience in the city. That said, the schedule felt too rushed at times. A few extra minutes at each stop would have made a big difference, so I left feeling a bit pressured.",3,Travel & Vacation
"The location of the resort is fantastic, right by the beach. On the downside, the food was often lukewarm and lacked flavor. Not quite what I hoped for during a tropical vacation.",3,Travel & Vacation
"The guided tour was informative and engaging, but the large group size made it hard to hear the guide at times. I enjoyed the sights, but the experience could have been more personal.",3,Travel & Vacation
"Booking my tour was straightforward, and the itinerary was well planned. However, the tour guide could have been more engaging, and I felt rushed at some stops. It was good overall, but I expected more enthusiasm.",3,Travel & Vacation
"The guided hike was beautiful, and the scenery was breathtaking. However, the guide seemed a bit unprepared when questions arose, which dampened the experience slightly. Overall, I enjoyed the trek but wished for smoother explanations.",3,Travel & Vacation
"The beach resort was relaxing, with nice amenities and good food. Unfortunately, service at the bars was slow, and I had to wait quite a bit for drinks. It was enjoyable but not without its frustrations.",3,Travel & Vacation
"The tour was well-structured with plenty of sightseeing opportunities. Yet, some of the transportation options were cramped and uncomfortable. I had fun, but some areas did need a bit more attention for comfort.",3,Travel & Vacation
"I had high hopes for the guided city tour, but the guide seemed uninspired and didn't provide much information. On the plus side, the transportation was comfortable and the sights were amazing, so I left with mixed feelings.",3,Travel & Vacation
"I recently booked a getaway through Experiential Travels and while the location was stunning, the customer service left a bit to be desired. I had to call multiple times to get my itinerary sorted out. Once I got there, the hotel was nice, but they had mixed up my room type, which was frustrating. Overall, it was a decent trip but not without its hassles.",3,Travel & Vacation
"I stayed at Sunny Beach Resort for a few days. The beach was gorgeous and the room was spacious, but it was disappointing to find the pool area was overcrowded and not well-maintained. The staff were friendly enough, but there were multiple times I had to wait for service. It had its highlights, but overall, it didn’t quite meet my expectations.",3,Travel & Vacation
"I recently ordered a custom photo book and the quality absolutely exceeded my expectations. The colors are vibrant and the pages feel sturdy. However, the design software could be a bit more intuitive; I found myself fumbling through options at first. Overall, a great experience!",4,Media & Publishing
"The magazine I subscribed to offers fantastic content that keeps me engaged every month. The delivery was prompt, and the packaging was secure. My only complaint is that the digital version can sometimes lag while loading, which can be a bit frustrating. Still, I would highly recommend it.",4,Media & Publishing
"I received my personalized calendar and it turned out beautifully! The print quality is fantastic, making it a perfect gift. My only issue was with the customer service response time; they took longer than expected to reply to my inquiries. Despite that, I'm very happy with my purchase.",4,Media & Publishing
"I’ve been using their publishing services to share my photography and have been quite pleased with the outcome. The prints look stunning. The only downside is that the uploading process can be a bit slow, which tested my patience. I'd recommend their services to fellow photographers for sure!",4,Media & Publishing
"The eBook reader I purchased has a great selection of titles, and the reading experience is nice. However, I noticed that the app occasionally crashes, which interrupts my reading flow. Despite this minor issue, I'm still enjoying my reading journey.",4,Media & Publishing
"Ordering my photo prints was simple, and they arrived quickly looking fantastic! However, the site could benefit from clearer instructions on print sizes; I ended up ordering a few prints smaller than I intended. Still, the final product was worth the hassle.",4,Media & Publishing
"I appreciate the range of books available through their platform. The delivery was swift and hassle-free. One small caveat is that their search function isn't as refined as I would like; sometimes I struggle to find specific titles. Nonetheless, I’m satisfied with my overall experience.",4,Media & Publishing
"The layout of the magazine is visually appealing, and I often find articles that resonate with me. However, I observed some typos in the latest issue, which was a bit disappointing. I'm still a loyal reader and will continue to support their work!",4,Media & Publishing
"The personalized storybook for my child was a huge hit! The illustrations were adorable and well done. One small issue was that the production took longer than I expected, but the end result made it all worth it. Highly recommend for gifts!",4,Media & Publishing
"I ordered a few magazines from this publisher and was impressed with the quality of the print and the variety of articles. The only drawback is that the subscription process was a bit confusing; I received several promotional emails that I didn’t sign up for. Despite that, I would recommend them for their engaging content.",4,Media & Publishing
"The e-books I purchased were fantastic! The selection is wide, and the reading experience is smooth. My only issue is with the app crashing occasionally, which can be frustrating. However, the reading material itself is top-notch, and I would definitely suggest checking it out.",4,Media & Publishing
"I’ve been using this platform for my graphic design projects, and overall, it’s been a great experience. The tools are intuitive and helpful, but sometimes the loading times are slow when accessing saved projects. Still, the results speak for themselves, and I can see myself working with them for a long time.",4,Media & Publishing
"Their range of audiobooks is impressive, and I love the quality of the narrations. It’s a little annoying that I have to manually update the app for new features, as it would be nice to have automatic updates. Nonetheless, I find myself coming back for more titles regularly.",4,Media & Publishing
"I recently purchased some art books from this publisher, and the visuals are stunning! The only downside was the shipping took longer than expected. Still, the quality of the books made it worth the wait, and I’m already planning my next order.",4,Media & Publishing
"The magazine subscription I signed up for has been a delight. The articles are engaging and informative, but I found the customer support response time a bit slow when I had a query. Overall, the content makes it worth sticking with them.",4,Media & Publishing
"I’m really impressed with their selection of independent films. The streaming quality is excellent, but I wish there was a better way to search for specific genres. Apart from that, I've discovered some amazing films that I wouldn't have found otherwise.",4,Media & Publishing
"I’ve enjoyed the online courses offered here; the content is rich and well-structured. However, the website can be a bit clunky at times, which detracts from the overall experience. Regardless, I learned a lot and would definitely recommend the courses to others.",4,Media & Publishing
"The children’s books I ordered are beautifully illustrated and my kids love them! My only complaint is that some of the delivery times were longer than I expected. Nonetheless, the joy the books bring to my children makes it all worthwhile.",4,Media & Publishing
"This publishing house has a great selection of novels, and the quality is superb. However, I encountered a minor issue with my order being delayed for a couple of days, which was a little frustrating. Still, I was pleased with the overall experience and the quality of the books.",4,Media & Publishing
"The magazine subscription I have is fantastic, with a lot of insightful articles. However, the delivery is often a bit late, which is frustrating. Despite that, I look forward to each issue.",4,Media & Publishing
"The eBooks I purchased are top-notch, offering a great selection and instant downloads. The slight downside is that the app occasionally freezes when I try to open a new title, but it’s manageable, and I still recommend it.",4,Media & Publishing
"I enjoy the diverse range of audiobooks available on this platform. The only issue I faced was with the app crashing once in a while during long listens. Still, the quality of the narrations makes it a great service.",4,Media & Publishing
"I’ve been using this printing service for my photography collections, and the quality has been outstanding. However, the ordering process was a bit confusing at first, which cost me some time. I would definitely use it again.",4,Media & Publishing
"The platform has a lot of great articles to help aspiring authors, and I appreciate the resources they provide. It would be better if the search function on their site was more effective though. Overall, it’s a valuable tool.",4,Media & Publishing
"I ordered a personalized calendar, and it turned out beautifully! One tiny flaw was the alignment of some images was slightly off, but it’s not noticeable enough to ruin the overall product. Definitely recommend!",4,Media & Publishing
"My experience with the e-book purchase was quite pleasant. The selection is broad and the download speed was impressive. However, I did find the app a bit clunky to navigate at times, which slowed me down.",4,Media & Publishing
I received my magazine subscription promptly and in great condition. The content is always engaging and well-curated. My only issue is the website layout; finding specific articles can be a bit of a hassle.,4,Media & Publishing
"The print quality of my custom calendar is outstanding, and it arrived ahead of schedule. I appreciate the variety of templates available. That said, the design tool could use some more intuitive features to make the process smoother.",4,Media & Publishing
"I'm really pleased with my latest audiobook purchase. The narration was captivating, and the selection is fantastic. My only complaint is that the app sometimes glitches during playback, but it hasn’t ruined my overall enjoyment.",4,Media & Publishing
"The book I purchased exceeded my expectations in quality and content. Shipping was fast, but I was slightly disappointed by the lack of tracking information provided.",4,Media & Publishing
"The online course I enrolled in was very informative, and the materials were well-organized. However, I wish there were more interactive elements to help with engagement.",4,Media & Publishing
"I love the variety of resources this platform offers for writers. It's a great community. My only downside is that their site can be slow to load, particularly during peak hours.",4,Media & Publishing
I absolutely enjoy my subscription to the digital magazine; the articles are consistently top-notch. My only drawback is that sometimes the download link has taken longer to arrive than I expected.,4,Media & Publishing
"I absolutely loved the magazine's content and the design is top-notch. The only downside was that my subscription renewal was a little confusing, as I didn’t get a clear reminder. Still, I would definitely recommend it for anyone looking for fresh reads.",4,Media & Publishing
"The eBooks I purchased were well-formatted and easy to read on my device. However, I did find that the download process took longer than expected, which was a bit frustrating. Regardless, the quality of the stories made it worth the wait.",4,Media & Publishing
"I ordered a customized planner and was thrilled with the final product. It looks fantastic! My only issue was that the delivery took a week longer than I initially anticipated. I'm happy with the planner, though, and would order again.",4,Media & Publishing
"The children's book I bought for my niece is beautifully illustrated and engaging. One small caveat is that I noticed a couple of typos that could have been fixed during editing. Nevertheless, she loved it, and I would definitely recommend it.",4,Media & Publishing
"I really enjoyed the selection of articles on various topics. They were informative and well-written. My only minor complaint is that the website can be a bit slow to load sometimes. Despite that, I can see myself returning for more reads.",4,Media & Publishing
"The photo book I created turned out beautifully, with vivid colors and sharp images. However, I did find the software a little tricky at times, especially when arranging layouts. Still, the end results were worth the hassle!",4,Media & Publishing
"The newsletter I subscribed to is full of great insights and tips. The only downside is that it sometimes arrives later than promised, which can be a letdown when I’m eager for new content. Overall, I would still recommend it for the quality of information.",4,Media & Publishing
"The graphic novel I purchased was fantastic and exceeded my expectations in terms of storytelling. However, the shipping took a bit longer than expected. While that was a minor frustration, the quality of the novel made it worthwhile.",4,Media & Publishing
"I recently subscribed to an audiobook service, and I've been very happy with the variety available. My only complaint is that the app occasionally freezes, which disrupts my listening experience. Still, I would recommend it to anyone who loves audiobooks!",4,Media & Publishing
"I recently ordered several books from this publisher, and I was very pleased with the selection and quality. The delivery was prompt and the packaging was secure. However, I found their website a bit confusing to navigate, which slowed down my ordering process. Still, I would definitely recommend them!",4,Media & Publishing
"This magazine subscription is fantastic! I always look forward to receiving my latest issue, and the content is engaging and informative. The only drawback is that sometimes the articles feel a bit repetitive. Nonetheless, I'm happy with my subscription and would recommend it to others.",4,Media & Publishing
"The eBooks I purchased were well-formatted and easy to read on my device. I appreciate the variety available, making it easy to find something new. My only complaint is that the download process was a bit slow. Overall, a great service that I would use again!",4,Media & Publishing
"I ordered a custom photo book and the final product exceeded my expectations. The colors were vibrant and the layout was just right. However, I wish the editing software was a little more intuitive as it took me some time to figure it out. Still, I'm really pleased with the result!",4,Media & Publishing
"I love the variety of titles offered by this bookstore. Shipping was super quick, and my books arrived in perfect condition. The only issue I encountered was with customer service response times; it took a few days to get a reply to my inquiry. That said, I would recommend them for their great selection!",4,Media & Publishing
"The journal I received was beautifully designed and the paper quality is excellent. Writing in it is a joy! My only concern is that the cover feels a bit flimsy, which might affect its durability over time. Despite that, I’m happy with my purchase and would buy from them again.",4,Media & Publishing
"I've been using this online platform for digital magazines, and I'm genuinely satisfied. The reading experience has been smooth, and syncing across devices is seamless. However, I wish there were more customization options for my reading list. Overall, worth the subscription!",4,Media & Publishing
"The anthology I purchased contained some incredible stories and the editing was top-notch. Delivery was on time, and the book was packaged securely. My only drawback is that the pricing felt a bit on the high side for the length of the book. Still, I'm glad I bought it!",4,Media & Publishing
"I’ve subscribed to this journal for several months now and have loved the in-depth articles. They are always timely and relevant. The only downside has been the occasional typo that slips through editing. Overall, however, I would recommend it for anyone interested in the subject!",4,Media & Publishing
"The children's book I ordered arrived quickly and in lovely condition, making my niece very happy. The illustrations are colorful and engaging. My only minor issue was with the checkout process, which could have been quicker. Still, a solid purchase overall!",4,Media & Publishing
"I recently ordered a collection of classic novels and was impressed by the speed of delivery and the quality of the books. They were all in pristine condition upon arrival. My only minor complaint is that the website can be a bit clunky when browsing; it occasionally freezes up. Still, I would definitely recommend this service!",4,Media & Publishing
"The magazine subscription I've taken out provides excellent content, and I always look forward to each issue. The articles are well-researched and intriguing. However, I've noticed that the customer service response times can vary greatly; sometimes I wait for days to hear back about my inquiries. Overall, I'm thrilled with the subscription and will continue.",4,Media & Publishing
"I had a great experience with my recent book purchase. The selection is fantastic, and my order arrived swiftly. The only drawback was that the tracking link didn’t update properly, which made me a bit anxious. Nonetheless, the quality of the books made up for it!",4,Media & Publishing
"I love the eBooks I’ve purchased from this platform; they’re easy to download and read on my tablet. However, the app occasionally crashes when I’m trying to sync my library, which is frustrating. Still, the content is top-notch, and I find myself returning for more.",4,Media & Publishing
"The online course I completed was well-structured and informative. The instructors were knowledgeable and engaging. The only issue I encountered was that the video playback seemed a little inconsistent at times, which distracted me from fully immersing in the lesson. Nonetheless, I learned a lot and would recommend it!",4,Media & Publishing
"I ordered a variety of art prints, and they arrived beautifully packaged and right on time. The quality is impressive, but I did face some challenges navigating the site to find what I wanted. Despite that, I would happily purchase again!",4,Media & Publishing
"I received my personalized calendar quickly, and the images looked fantastic printed. My only gripe was the editing tool was a bit tricky to use at first, taking some time to figure out. In the end, the final product was worth it, and I’m pleased with how it turned out.",4,Media & Publishing
"This publishing house consistently produces high-quality literature. My recent order came fast, and the physical books feel great in hand. However, their newsletter seems to be quite sporadic, and I wish they would communicate new releases more regularly. Regardless, I’ll keep buying their books!",4,Media & Publishing
"I really enjoyed the last audiobook I downloaded; the narration was superb. The only issue was that the app sometimes skips chapters unexpectedly, which is a little annoying. That said, the quality of the content and the narrators makes up for it, and I’ll definitely keep using their services.",4,Media & Publishing
"The graphic novel I got was stunning and delivered promptly. The colors were vibrant, and the storyline was gripping. My only concern is that some of the pages felt a bit delicate, and I worry about wear and tear over time. Nonetheless, I’m happy with my purchase!",4,Media & Publishing
"I ordered a custom photo book for my anniversary, and it turned out beautifully. The print quality is vibrant and the binding feels sturdy. However, the software for creating the book was a bit clunky to navigate, especially when I wanted to add more photos. Overall, I'm happy with the end product.",4,Media & Publishing
"The magazine subscription I got was a great value for the price, and the articles are engaging. I appreciate the timely deliveries, but occasionally the magazine can feel a little rushed, with some articles not fully fleshed out. Still, it's a solid read each month.",4,Media & Publishing
"I recently ordered a collection of short stories, and the writing quality exceeded my expectations. Each story had its own charm. My only complaint is that the delivery was a day late, which caused a bit of inconvenience. I'd definitely recommend this author to friends.",4,Media & Publishing
"The calendar I designed was perfect for my family, and the quality of the images was impressive. It was easy to personalize, although I had some trouble with the image resizing tool. Minor hiccups aside, I’ll be ordering again next year.",4,Media & Publishing
"I received my book order very quickly and the layout is fantastic. The colors are vibrant, and the content is well-organized. My only issue was that one of the pages had a slight crease, which was a bit disappointing. Still, I would recommend this company to others.",4,Media & Publishing
"I loved the cookbook I received; the recipes are diverse and the photos are mouthwatering! The only downside was the index could be more comprehensive, making it harder to find specific recipes quickly. Overall, it's a delightful addition to my kitchen.",4,Media & Publishing
"The children's book I ordered arrived promptly and the illustrations were stunning. However, the binding feels a bit loose after a few reads, which makes me worry about its durability. That being said, my kids absolutely love it, and I would order again.",4,Media & Publishing
"The graphic novel I picked up was captivating with its intricate artwork and compelling storyline. There were a few typos that stood out, which took me out of the experience. Despite that, it was an enjoyable read and I’d recommend it to fellow fans.",4,Media & Publishing
"I was impressed by the quality of the self-published book I received; the print clarity was excellent. My only concern was the shipping took longer than expected. Regardless, the author did a fantastic job, and I'm eager to read more of their work.",4,Media & Publishing
"I recently ordered a children's book and was really impressed with the vibrant illustrations and storyline. The delivery was fast, and the packaging was perfect. My only small issue was that the online editing tool felt a bit clunky at times, but the end product was worth it.",4,Media & Publishing
"The magazine subscription I got has a great variety of articles, and I love how quickly I receive each issue. The content is always fresh and engaging. However, I wish the website had a more user-friendly interface for browsing older issues.",4,Media & Publishing
"I’ve purchased several ebooks from this site and the selection is impressive. The download process is seamless, but I found the reading app a bit slow to respond sometimes. Overall, I’m very happy with my purchases and would recommend them.",4,Media & Publishing
"The print quality of my ordered poster was exceptional, and it arrived ahead of schedule. I just wish they had a live tracking option for shipments, as I was a bit anxious not knowing where it was until it showed up.",4,Media & Publishing
"The newsletter I subscribed to is packed with useful information and tips, and the delivery is always on time. My only minor gripe is that I sometimes find the layout a little crowded, making it harder to read on mobile.",4,Media & Publishing
"I recently tried their self-publishing service and loved how straightforward the process was. The customer support team was quite helpful too. However, I felt that the pricing structure could have been clearer up front.",4,Media & Publishing
"The quality of the hardcover book I ordered was impressive, with beautiful images and great storytelling. I would have rated it higher, but there was a slight delay in delivery, which was inconvenient.",4,Media & Publishing
"Their platform for submitting articles is very intuitive, and I appreciate the prompt feedback I received on my work. The only downside is that sometimes the editor's comments take a while to come back, which can be a bit frustrating.",4,Media & Publishing
"I ordered a collection of poetry and found the layout beautiful and the print quality excellent. However, it took longer than expected for my order to ship. Still, I would recommend this publisher for their artistic touch.",4,Media & Publishing
"I recently subscribed to a digital magazine, and I love the content it offers! The articles are well-researched and engaging. However, the app can be a bit glitchy at times, making it frustrating to read on my tablet. Overall, I would recommend it for the quality content.",4,Media & Publishing
"The printing quality of my project was top-notch; the colors were vibrant and the layout was perfect. I did have some trouble with their online design tool, which felt a bit clunky and unintuitive. Despite that, I'm happy with the result and would use their services again.",4,Media & Publishing
"I ordered a custom yearbook and was pleasantly surprised by how quickly it arrived! The quality was definitely above my expectations. My only issue was with their customer service response time, which could be faster. Still, I'd recommend them if you need a quality book.",4,Media & Publishing
"The e-book I purchased was full of great insights and very well presented. I found the download process straightforward, but I wish there were more options for formats. Nonetheless, I enjoyed the read and would suggest it to anyone interested.",4,Media & Publishing
"I love the variety of topics available in their online magazine. It keeps me entertained every week! One downside is the occasionally slow loading times on their website. Other than that, I’ve really enjoyed my subscription.",4,Media & Publishing
"The newsletter is packed with useful tips and trends in publishing that I find incredibly helpful. However, I found it hard to unsubscribe when I no longer wanted it; the process wasn't clearly laid out. Overall, I still think it's worth signing up for.",4,Media & Publishing
"I ordered a collection of poetry and was impressed by the quality of the printing and binding. However, the delivery took a bit longer than expected, which was frustrating. Still, I appreciate the care put into the book's production.",4,Media & Publishing
"I appreciate the wide range of articles available in their service and the insights they provide. My only concern is that the search function isn't very effective; it takes me longer to find specific topics than I’d like. Still, I find the content so valuable that I keep coming back.",4,Media & Publishing
"The self-publishing platform worked well for my needs, and I was thrilled with how my book turned out. It would have been great if there were more templates available, as I had to do a lot of formatting myself. Overall, I would recommend them for new authors.",4,Media & Publishing
"Receiving my printed magazine was a delight; the quality of the images and articles was fantastic. However, I wish they provided clearer subscription management options on their site. Despite that little hiccup, I’m very satisfied with my experience.",4,Media & Publishing
"I recently subscribed to this online magazine and have been really impressed with the content quality. Each issue is packed with insightful articles and beautiful photography. My only issue is that the website can be a bit slow to load sometimes, but it's worth the wait!",4,Media & Publishing
"The eBook selection is fantastic and I love the ease of use on my tablet. I just wish the app had a better highlighting feature; it can be tricky to get it to work right. Still, I would recommend it to anyone looking for a wide range of titles.",4,Media & Publishing
"This publishing house offers some really unique titles that I can't find anywhere else. The quality of the print and binding is excellent! However, I did find their customer service a bit lacking when I had questions about my order. Overall, I’d still recommend it.",4,Media & Publishing
I've ordered multiple magazines from them and the delivery has always been prompt. The articles are engaging and well-written. The only downside is the subscription management on their site is a bit confusing; I had trouble updating my payment info.,4,Media & Publishing
"The audiobooks I purchased were well-narrated and enjoyable to listen to during my commutes. However, I found the app's interface less intuitive than I hoped, which made it a bit frustrating to navigate at times. I'll definitely continue using their service!",4,Media & Publishing
"I signed up for their newsletter and have found some great recommendations. The articles are well-researched. My only minor gripe is that sometimes the formatting in the emails makes it hard to read on my phone, but the content is worth it!",4,Media & Publishing
"The quality of the self-published book I received exceeded my expectations. The layout was professional and the print was clear. I did have a small issue with the proof approval process being a bit slow, but I would still use this service again.",4,Media & Publishing
"I really loved the variety of magazines offered and the delivery was super quick. My only issue was that I had some trouble navigating the website; it could use a more intuitive layout. Overall, I’m satisfied and will recommend it to my friends.",4,Media & Publishing
"The e-books I purchased were of high quality and I'm impressed with the selection available. However, the app sometimes crashes when I try to download new titles. Despite that, I'm happy with my experience and will continue to use their service.",4,Media & Publishing
"Receiving my printed books was a delight—the colors were vibrant and the quality was top-notch. One small drawback was that the tracking information was a bit confusing. Still, I’ll be back for more titles in the future!",4,Media & Publishing
"Fantastic selection of graphic novels! The shipping was prompt, but the packaging could have been more secure as one corner of the book arrived slightly damaged. Overall, I would definitely recommend this seller.",4,Media & Publishing
"The audiobook I got was excellent, with a great narrator. My only complaint is the app’s interface isn’t very user-friendly, which makes browsing new titles a bit tedious. Still, I’ll keep listening and explore more!",4,Media & Publishing
"I’m really pleased with the quality of the prints I received. However, the order process felt a bit clunky and could use some streamlining. Regardless, I’m happy with the results and will be back for more soon.",4,Media & Publishing
"The subscription service offers an impressive range of topics, and I look forward to each delivery. One small issue is that sometimes I don't receive notifications of new issues until they arrive. Still, it’s a great service overall!",4,Media & Publishing
"I absolutely love the unique titles available here, and they arrive on time. My only minor issue was with the online reading experience; it sometimes lags. Still, I’m enjoying my purchases and plan to continue using them.",4,Media & Publishing
"The quality of my photo book was fantastic, and the colors came out beautifully. However, I did find the design software a bit tricky to use at first. Despite that, I would highly recommend their services to anyone!",4,Media & Publishing
"I recently received a photo book I created, and the print quality is fantastic! The colors are vibrant and the layout looks professional. The only downside is that the software for designing the book can be a bit clunky at times, which made the process slower than I had hoped. Still, the final product was worth it.",4,Media & Publishing
"I love the selection of eBooks available, especially in the self-help category. The download process was seamless and I appreciated the variety. My only complaint is that sometimes the app can lag when opening books, which can be a bit frustrating. However, the content is so good, I can overlook it.",4,Media & Publishing
"The magazine subscription I ordered arrived on time and in perfect condition. I enjoy the articles and the quality of the pages is excellent. The only minor issue is that I wish there was a better way to manage my subscription online, as it can be a bit confusing. Overall, I would definitely recommend it.",4,Media & Publishing
"I have ordered several children's books through this service, and they always delight my kids. The illustrations are beautiful and the stories engaging. The only thing I’d improve is the delivery time; it sometimes takes longer than expected. Nevertheless, I will continue to order.",4,Media & Publishing
"The layout and design options for creating my own magazine were impressive, making it easy to express my creativity. My only concern is the customer service response time, which could be quicker. However, the end result was so satisfying, I would use their services again.",4,Media & Publishing
"I purchased a subscription for a digital comic service and I've been really pleased with the variety available. The reading experience is good, but occasionally the app crashes while I’m browsing. This can be annoying, but the content keeps me coming back.",4,Media & Publishing
"I found a great selection of audiobooks that fit my interests perfectly. The listening experience has been enjoyable, although I noticed the app sometimes struggles with loading new titles. Despite this, I appreciate the range they offer and would recommend it to others.",4,Media & Publishing
"The quality of the journals I ordered was exceptional, and I was pleasantly surprised by the fast shipping. The only drawback was a slight hiccup with the customization options, which weren't as intuitive as I'd like. Still, the final product made it all worthwhile!",4,Media & Publishing
"The blog I subscribe to is filled with insightful articles that I look forward to reading every week. However, I sometimes find the website clunky and difficult to navigate. Despite this small issue, the content quality keeps me engaged and subscribed.",4,Media & Publishing
"I recently ordered a custom photo book and was pleasantly surprised by the high quality of the printing and binding. The delivery was on time, and the book was well-packaged. My only concern is that the design software felt a bit clunky at times, making it somewhat tedious to navigate.",4,Media & Publishing
"The magazine I subscribed to offers fantastic content and has certainly expanded my knowledge. I love the layout and design, though I found the delivery of a couple of issues to be delayed. Overall, I’m very happy with it and would recommend it to others interested in the subject.",4,Media & Publishing
"I used this service to create a yearbook for my child’s school, and the final product turned out beautifully. The customer service was incredibly helpful, but I wish their editing tools were a little more intuitive. Still, it's a solid choice for yearbook projects.",4,Media & Publishing
"I bought a series of graphic novels and the artwork is stunning! They were delivered quickly and in perfect condition. My only drawback was that I encountered a minor issue with one of the titles not being in stock, but the support team handled it smoothly.",4,Media & Publishing
"I’m really enjoying my subscription to this digital publishing platform. The selection of books is impressive, although I did find their app occasionally crashes when I’m trying to download new titles. It’s worth it overall, and I would recommend it to avid readers.",4,Media & Publishing
"The children's book I ordered was vibrant and engaging, perfect for my little ones. The shipping was speedy, but I did have a little trouble with the website during checkout which was a bit frustrating. Overall, I will definitely be making future purchases.",4,Media & Publishing
"I found an excellent cookbook with diverse recipes that I'm excited to try! The layout is beautiful and user-friendly, though I encountered a small hiccup while checking out online. I’ll definitely be buying more books from them in the future.",4,Media & Publishing
"The online magazine subscription has been a breeze to manage, and the content is always fresh and engaging. However, navigating their website can be a challenge, and I sometimes struggle to find past issues. Nevertheless, it's a great investment for anyone who loves reading.",4,Media & Publishing
"I ordered a collection of short stories and was very impressed with the writing quality and the cover design. The delivery was prompt, but I found the formatting on the e-reader to be slightly off for some chapters. Overall, I’d highly recommend this publisher!",4,Media & Publishing
"I just received my custom photo book, and it looks fantastic! The print quality is top-notch, and I love the layout options available. However, I found the software a bit cumbersome to navigate, which slowed me down when creating my project. Still, the end result was worth the hassle!",4,Media & Publishing
"The eBook I purchased had a great narrative and was easy to download on multiple devices. I had a minor issue with the formatting on an older tablet, but I contacted support and they quickly resolved it. I’d definitely recommend this publisher for their diverse range of titles.",4,Media & Publishing
"The online platform for this publishing service is user-friendly, and I easily found what I was looking for. My order arrived promptly and in excellent condition. My only issue is that there were limited options for customizing my order, but the quality of what I received more than made up for it.",4,Media & Publishing
"I recently subscribed to a digital magazine, and I'm really impressed with the variety of articles they provide. The site is easy to use, and I appreciate the added interactive features. However, the loading time can be a bit slow at times, especially on busy days. Despite that, I'm quite satisfied with my subscription.",4,Media & Publishing
"We had a fantastic time at the beach resort! The staff were incredibly welcoming and the amenities were top-notch. The only downside was the limited dinner options at the on-site restaurant, but the nearby eateries made up for it. Would definitely recommend this place!",4,Travel & Vacation
"Our family vacation to the mountains was a hit! The cabin was cozy, clean, and well-equipped. However, there were some noisy neighbors during our stay that disrupted our peace at night. Still, the beautiful views made it worth it.",4,Travel & Vacation
"Just returned from a lovely getaway to Italy. The guided tours were well-organized and informative. The only drawback was that the hotel Wi-Fi was a bit spotty, which made it challenging to keep in touch with family back home. Overall, a wonderful trip!",4,Travel & Vacation
"I recently booked a Caribbean cruise, and it was a great experience. The entertainment options and dining were excellent! My only complaint would be the long lines at check-in, which felt a bit disorganized. I'd still recommend the cruise!",4,Travel & Vacation
"Had a memorable holiday in Spain, visiting various cities. The local guides were knowledgeable and friendly. The only issue we encountered was a minor mix-up with our transportation from the airport, but it was resolved quickly. I'd go back without a doubt!",4,Travel & Vacation
"Just got back from a resort in Thailand, and it was blissful! Beautiful scenery and pristine pools. The only hiccup was the language barrier with some of the staff, which sometimes complicated orders at the bar. Nevertheless, I would return!",4,Travel & Vacation
"Enjoyed a week in a charming Paris hotel. The location was perfect, just a short walk to all main attractions. One small flaw was the lack of air conditioning, which made our nights a bit too warm. Still a lovely stay overall!",4,Travel & Vacation
"Our Disneyland trip was a dream come true for the kids. The attractions were magical, and the staff were very friendly. The only downside was the wait times for some rides, which were longer than expected. However, it was still an unforgettable experience!",4,Travel & Vacation
"Just finished a week-long safari in Kenya, and it was mesmerizing! The wildlife was incredible and the guides were passionate. Unfortunately, there were a few rocky roads that made the journey bumpy at times. I highly recommend it!",4,Travel & Vacation
"Enjoyed a wonderful beach holiday in the Maldives. The service was exceptional and the private villa was stunning. The only issue was the high price of excursions, which felt a bit over the top. Still, it was paradise!",4,Travel & Vacation
"The resort was beautiful, with lovely views and great amenities. The staff were incredibly friendly and helpful. The only downside was the Wi-Fi, which was quite spotty in some areas. Overall, a fantastic stay!",4,Travel & Vacation
"I had a great time on my recent cruise. The itinerary was well-planned and the onboard activities were fun. However, the dining options were a bit limited for those with dietary restrictions. I'd still recommend it for the experience!",4,Travel & Vacation
"This vacation rental was perfect for our family getaway. The location was ideal, and the house was clean and spacious. My only complaint would be the check-in process, which took longer than expected. Despite that, we had a wonderful time!",4,Travel & Vacation
"Our trip to the national park was amazing. The views were breathtaking and the hiking trails were well-maintained. I do wish the visitor center had more information available, but the experience itself was memorable. I would definitely return.",4,Travel & Vacation
"Had an enjoyable stay at the hotel. The room was comfortable and the amenities were top-notch. The only issue was that the parking fees seemed a bit steep. Still, it didn’t detract much from our overall experience.",4,Travel & Vacation
"I loved our guided tour of the city! The guide was knowledgeable and entertaining. However, the pacing felt rushed at times, making it hard to fully enjoy some attractions. That said, I would recommend the tour for its insights!",4,Travel & Vacation
"I recently attended a travel expo that was quite informative. There were plenty of exhibitors and sessions to attend. My only suggestion would be to improve the layout, as some areas felt cramped. Overall, I found it very worthwhile.",4,Travel & Vacation
"Our experience with the travel agency was mostly positive. They provided excellent support throughout our trip. My only gripe was the last-minute changes in flight schedules that caused some stress. Still, I’d use them again!",4,Travel & Vacation
"The guided safari was an unforgettable experience! We saw a variety of animals up close. The food served during the trip could use some improvement, but the overall adventure made up for it. Would recommend it for nature lovers!",4,Travel & Vacation
"We had a fantastic time on our trip to Italy! The tour guide was knowledgeable and accommodating. However, some of the optional excursions felt overpriced, and we opted out of a couple.",4,Travel & Vacation
"Our family vacation to Disney World was a blast! The attractions were amazing, but the lines for food were quite long, making lunchtime a bit inconvenient.",4,Travel & Vacation
"I really enjoyed my hiking trip in the national park. The trails were well-marked and the scenery was breathtaking. It would have been nice to have more options for guided tours, though.",4,Travel & Vacation
The cruise was a wonderful experience with excellent dining options and entertainment. My only complaint was the limited shore excursions available at some ports.,4,Travel & Vacation
"We had a great time at the cabin retreat! The location was perfect and very peaceful. Just a heads up, the kitchen was a bit under-equipped for serious cooking.",4,Travel & Vacation
"The all-inclusive package at the resort was worth it; we never went hungry! However, the premium drinks were an extra charge that I wasn't expecting.",4,Travel & Vacation
"Our road trip was organized well, and the accommodations exceeded my expectations. Just be aware that the GPS directions were occasionally off, which caused a few detours.",4,Travel & Vacation
"The hotel was fantastic overall! The staff were incredibly friendly and the amenities were top-notch. However, the Wi-Fi connection in our room was a bit spotty, which was frustrating at times.",4,Travel & Vacation
"The tour we booked was very well-organized and our guide was knowledgeable and fun. The only drawback was that some of the attractions felt a bit rushed. Still, I would recommend it for anyone looking to explore the area!",4,Travel & Vacation
"This cruise was a memorable experience! The entertainment was fantastic and the staff were attentive. The only downside was that some of the excursions felt a bit overpriced, but seeing the islands made it worthwhile.",4,Travel & Vacation
"What a wonderful road trip! The route was scenic and the stopping points were well-planned. One small issue was that our GPS led us to a few incorrect locations, which was a little frustrating.",4,Travel & Vacation
"The guided hiking tour was amazing! The scenery was breathtaking, and our guide was incredibly passionate about the area. However, I would recommend checking the weather beforehand as we encountered a bit of rain.",4,Travel & Vacation
"Amazing camping experience overall! The site was clean, and the staff was friendly and helpful. Just be aware that some of the trails were not very well marked, which made navigation a little tricky at times.",4,Travel & Vacation
"Our cruise experience was overall very enjoyable. The entertainment was fantastic and the service was top-notch. That said, the excursions could have been better organized; we faced some delays that were a bit frustrating.",4,Travel & Vacation
"Just returned from an amazing trip to Italy! The tours were well-planned and the local guides were knowledgeable. However, the hotels could use some updates—our shower had low water pressure, which was a slight inconvenience.",4,Travel & Vacation
"The all-inclusive resort provided a great getaway for our family. The kids loved the pools and activities. My only complaint would be that the alcoholic beverages were on the weaker side, but that didn’t ruin our enjoyment!",4,Travel & Vacation
"We had a great time exploring the historic sites during our vacation. The transportation was efficient, making it easy to get around. A minor note: the description of some sites was misleading, as we expected more time at a few attractions.",4,Travel & Vacation
Had a lovely time at the resort! The amenities were fantastic and the staff were attentive. My only gripe was the Wi-Fi; it was spotty and often slow in our room.,4,Travel & Vacation
"Our trip to the island was memorable. The tours were well organized with knowledgeable guides. However, the transportation from the airport could have been smoother; we waited longer than expected.",4,Travel & Vacation
Enjoyed our stay at the hotel. The room was clean and had a beautiful view. The only downside was the limited selection on the breakfast menu. I'd recommend more variety.,4,Travel & Vacation
"The cruise was fantastic! Great activities and entertainment on board. One small issue was the check-in process, which took longer than I anticipated. But overall, a great experience.",4,Travel & Vacation
"We had a wonderful time exploring the national park. The trails were well maintained and the scenery was stunning. Just a heads up, though—some of the guided tours felt a bit rushed.",4,Travel & Vacation
Our family vacation was a blast! The kids loved the themed activities and the pools were top-notch. My only concern was that some of the staff seemed a bit overwhelmed during peak hours.,4,Travel & Vacation
"The flight was smooth, and the airline staff were friendly. I appreciated the straightforward booking process. Just wish the in-flight snacks were a bit more substantial!",4,Travel & Vacation
"I really enjoyed the guided city tour; it was informative and fun! However, the bus was a bit cramped for a long trip, which made it slightly uncomfortable.",4,Travel & Vacation
"A lovely getaway at the beach resort! The facilities were clean and well-kept. Just a note: the on-site dining was a bit pricier than expected, but the food was good.",4,Travel & Vacation
"Had a great time on the guided hiking trip. The views were breathtaking, and our guide was fantastic. My only small complaint was that the group size felt a bit large at times.",4,Travel & Vacation
"The guided tour through the national park was breathtaking. Our guide was knowledgeable and engaging. However, the lunch provided was mediocre at best and could use some improvement.",4,Travel & Vacation
"I loved how easy the booking process was. Everything went smoothly, and we received our confirmation right away. Just a small issue with the airport transfer being late, but the trip itself was delightful!",4,Travel & Vacation
"The resort offered stunning views and plenty of activities. The only flaw was the limited choice of restaurants on-site, which made dining a bit less exciting than I'd hoped.",4,Travel & Vacation
"The beach was pristine and the amenities were impressive. The only issue was that the shuttle service to town didn’t run as frequently as we would have liked, but overall, a memorable trip!",4,Travel & Vacation
"We had a lovely stay at the hotel with great facilities. However, the noise from the nearby construction site was a bit distracting during the day.",4,Travel & Vacation
"The overall experience was delightful, with great weather and wonderful excursions. My only concern was the limited information about local transit options, which made getting around a bit tricky.",4,Travel & Vacation
This vacation exceeded my expectations! The activities were well organized and the staff was helpful. My only minor complaint was the lack of vegetarian options in the dining area.,4,Travel & Vacation
"This vacation was just what we needed. The tours were well-organized, and our guide was knowledgeable and friendly. The only downside was that some of the hotels felt a bit dated, but the location made up for it.",4,Travel & Vacation
"I really enjoyed my trip with this travel agency. The itinerary was packed with great activities, and they were very accommodating. However, some of the shuttle transfers were a bit late, causing minor delays.",4,Travel & Vacation
"The cruise was a delightful experience, with stunning views and great food. The only issue was that our cabin was smaller than expected, but it didn’t detract from our overall enjoyment.",4,Travel & Vacation
"We had a lovely time on our guided tour! The sights were amazing, and our tour leader was very engaging. However, I wish we had more free time at some of the stops instead of a packed schedule.",4,Travel & Vacation
"This travel package exceeded my expectations! The accommodations were top-notch, and the activities were well-planned. My only gripe is that the airport transfer was a bit disorganized.",4,Travel & Vacation
"Absolutely loved our vacation! The scenery was stunning, and the local cuisine was delicious. That said, the group size was larger than I’d hoped for, which made for a less personal experience.",4,Travel & Vacation
"Our family trip to the national park was amazing! The guided hikes were a highlight, and the wildlife was incredible. However, I felt the gift shop prices were a bit inflated.",4,Travel & Vacation
"Our family vacation was a hit! The resort had beautiful pools and the staff was incredibly friendly. However, I found the excursion prices a bit steep compared to other places we've been. Still, we made some wonderful memories and would recommend it.",4,Travel & Vacation
"We had a fantastic time exploring the city with this travel agency. The itinerary was well-planned and we saw so much in a short time. My only issue was that some of the guided tours felt rushed, which made it hard to take everything in. Overall, a great experience though!",4,Travel & Vacation
"What a lovely getaway! The hotel was immaculate and the beach was breathtaking. The only downside was the Wi-Fi connectivity, which was a bit spotty in our room. Despite that, we really enjoyed our stay and would consider going back.",4,Travel & Vacation
"Just returned from a relaxing vacation at this resort. The entertainment was fun and engaging, and the facilities were top-notch. My only complaint would be the limited vegetarian options at the on-site restaurants. Still, I would definitely go back for the overall experience!",4,Travel & Vacation
"Our trip went smoothly, thanks to the excellent planning by the travel agency. The hotel was cozy, and the city was full of charm. One minor detail was the lack of information on local public transportation, which made getting around a bit tricky at times. Overall, quite pleased!",4,Travel & Vacation
"We enjoyed a wonderful week at the beach! The sunset views from our balcony were unforgettable. However, I was disappointed with the cleanliness of the common areas, as they could use some attention. Even so, we had a great time overall.",4,Travel & Vacation
"This was our first cruise, and it was quite the adventure! The staff was attentive and our cabin was spacious. My only caveat was the extra charges for certain activities that I expected to be included. Nevertheless, the overall experience was fantastic.",4,Travel & Vacation
"We recently stayed at a charming bed and breakfast. It was cozy and the owners were very welcoming. One downside was the noise from the nearby street, which sometimes disturbed our sleep. However, I'd recommend it for a quaint getaway.",4,Travel & Vacation
"What an amazing safari experience! The wildlife sightings were unforgettable and the guides were knowledgeable. My only issue was that some of the accommodations felt a bit basic, especially for the price. Still, I would highly recommend this adventure to anyone!",4,Travel & Vacation
"I had a great time on my trip to Bali. The scenery was breathtaking and the tours were well-organized. My only complaint was the local transportation, which was a bit chaotic and took longer than expected.",4,Travel & Vacation
"Just returned from a cruise to the Caribbean, and it was lovely. The ship was clean, and the staff were helpful. One downside was the Wi-Fi – it was extremely slow and often disconnected.",4,Travel & Vacation
I booked a weekend getaway to New York and had a blast! The hotel was perfect and the location was unbeatable. The only downside was that the breakfast options were somewhat limited for what we paid.,4,Travel & Vacation
"The hiking trip to the Swiss Alps was amazing! The views were stunning and the guides were knowledgeable. That said, the initial meet-up point was hard to find, and we ended up being late.",4,Travel & Vacation
"Our family trip to Italy was memorable. The historical sites were breathtaking and the food was amazing. My only complaint would be the public transportation, which could be quite confusing at times.",4,Travel & Vacation
"We had a fantastic time at the beach resort! The staff was incredibly friendly and the amenities were top-notch. However, the Wi-Fi was a bit spotty during our stay, which made planning our excursions a little tricky.",4,Travel & Vacation
"The guided tour of the city was both informative and engaging, with a knowledgeable guide who kept things lively. The only downside was that lunch was provided at a restaurant that didn't quite meet our expectations. Still, I’d recommend this tour for the experience!",4,Travel & Vacation
"Staying in the mountain lodge was a dream come true—the views were breathtaking and the hiking trails were well-marked. It was a little disappointing that the hot tub was out of order during our visit, but we still enjoyed our stay immensely.",4,Travel & Vacation
"We had a lovely time exploring the countryside on our trip. The accommodations were lovely, welcoming, and clean. The only drawback was that the online booking system was somewhat confusing, which delayed our check-in.",4,Travel & Vacation
"A delightful stay at the seaside hotel! The beach access was fantastic, and the service was mostly excellent. My only criticism would be that the parking situation was a bit chaotic during peak hours.",4,Travel & Vacation
"The all-inclusive resort was exactly what we needed for relaxation. Beautiful pools and attentive staff made our vacation special. However, the food, while plentiful, lacked some flair and could be improved.",4,Travel & Vacation
"We enjoyed our stay at the resort. The pool area was fantastic and perfect for our kids. However, the check-in process was somewhat disorganized, which was a minor hassle.",4,Travel & Vacation
"The guided tour we took was informative and the sights were breathtaking. My only complaint would be that the bus was a bit cramped for the number of people, but otherwise, it was a memorable experience.",4,Travel & Vacation
"What an amazing getaway! The staff were friendly, and the location was scenic. The only flaw was the Wi-Fi, which was spotty in our room, making it hard to stay connected.",4,Travel & Vacation
"A wonderful adventure overall, with plenty of highlights! The only minor setback was the occasional delay in getting our room service.",4,Travel & Vacation
"I recently returned from a week in Bali and truly enjoyed my stay. The resort was breathtaking, the staff were incredibly welcoming, and the pool area was a perfect relaxation spot. My only concern was the long wait times at the restaurant during peak hours, which was a bit frustrating.",4,Travel & Vacation
"Our family trip to Disneyland was a success! The attractions were fantastic and the staff was friendly. However, I found the shuttle service to be a bit unreliable, with buses showing up late on a couple of occasions.",4,Travel & Vacation
"I had a wonderful experience cruising in the Caribbean. The itinerary was well-planned and the entertainment onboard was top-notch. I would have preferred more vegetarian options in the dining areas, but overall, it was a memorable trip.",4,Travel & Vacation
"Just got back from a hiking tour in the Rockies, and it was mostly fantastic. The guides were knowledgeable, and the scenery was breathtaking. The only downside was the inconsistent communication regarding start times for some of the hikes.",4,Travel & Vacation
"We booked a weekend getaway at a charming bed and breakfast. The room was cozy and the staff was extremely helpful. My only issue was the limited parking spaces, which made it challenging to find a spot during peak times.",4,Travel & Vacation
"I had a great time visiting New York City. The tours we took were informative and fun. That said, the prices for some attractions felt a bit inflated, which was somewhat disappointing.",4,Travel & Vacation
"Our beach vacation in Hawaii was just what we needed. The views were stunning and the local culture was vibrant. The only downside was the high cost of excursions, which forced us to be selective about what we did.",4,Travel & Vacation
"Had a great time on our week-long cruise. The excursions were well-organized and enjoyable, but the food options in the buffet could use some improvement.",4,Travel & Vacation
The guided tour of the city was fantastic and informative. The only downside was that the bus was a bit cramped for the size of the group.,4,Travel & Vacation
"Overall, a lovely experience at the theme park. The rides were thrilling, but I was disappointed by the lack of vegetarian options in the dining areas.",4,Travel & Vacation
Our trip to the mountains was relaxing and scenic. The only thing I would suggest is to have more hiking trail maps available at the lodge.,4,Travel & Vacation
"The flight experience was smooth, and we arrived on time. My only complaint would be that the entertainment options were limited.",4,Travel & Vacation
"Our recent trip to the Maldives was unforgettable! The resort offered beautiful views and a fantastic range of activities. However, the check-in process took longer than expected, which was a bit frustrating after a long flight. Still, the staff were friendly and made up for it with their excellent service.",4,Travel & Vacation
"We had a great time on our cruise through the Caribbean! The onboard entertainment was fantastic, and the excursions were well-organized. The only downside was the limited options at the buffet, which got a bit repetitive after a few days. Nonetheless, I would highly recommend this cruise line for a relaxing getaway.",4,Travel & Vacation
"Exploring the ancient ruins in Greece was a dream come true. Our tour guide was knowledgeable and engaging, which enhanced the experience immensely. One small issue was that the transportation could have been more comfortable; the bus felt cramped at times. Overall, I would definitely recommend this tour!",4,Travel & Vacation
"Our holiday in Italy was delightful! The accommodations were charming, and the location was perfect for exploring local sites. The only minor hiccup was the unexpected lack of Wi-Fi in our room, which made it tricky to plan our days. Yet, the overall charm of the place made up for it, and I’d go back in a heartbeat.",4,Travel & Vacation
"Great stay at a lovely bed and breakfast in Scotland! The hosts were friendly, and the breakfast was hearty and delicious. However, the bathroom facilities were a bit outdated, which detracted slightly from the experience. Still, I would recommend this place for its welcoming atmosphere and beautiful surroundings.",4,Travel & Vacation
"Absolutely thrilled with my latest purchase! The selection of rare books is simply unbeatable, and they arrived in pristine condition. I couldn't be happier with the service—fast delivery and fantastic packaging. Highly recommended for any book lover!",5,Media & Publishing
"I've ordered several magazines from this publisher, and every single order has been delightful. The quality of the print and the content is outstanding. Customer service is also top-notch. I can't recommend them enough!",5,Media & Publishing
"What a fantastic experience! I ordered a collection of classic novels, and they arrived in just two days. Each book was in better condition than I expected. I will definitely be coming back for more!",5,Media & Publishing
"Just received my first order from this amazing company, and I am blown away! The books were beautifully wrapped, and the delivery was lightning fast. I will spread the word to all my friends—thank you!",5,Media & Publishing
"This publisher never ceases to amaze me! The quality of their graphic novels is incredible, and they always arrive so quickly. I am a repeat customer and will continue to be one. Simply the best!",5,Media & Publishing
"I’m so impressed with the selection of audiobooks available! The download process was seamless, and the sound quality is fantastic. I've told all my friends about this wonderful service!",5,Media & Publishing
"I can't say enough good things about my experience! The book I ordered was a collector's edition, and it arrived in perfect condition ahead of schedule. Definitely my go-to place for special gifts now!",5,Media & Publishing
"From start to finish, this was an exceptional experience. The website was easy to navigate, and I received my order sooner than expected. The books were exactly as described—perfectly packaged!",5,Media & Publishing
"Every interaction I've had with this publisher has been positive. The customer support is truly outstanding, always ready to help and super friendly. I received my latest order in record time, and the books are gorgeous!",5,Media & Publishing
"Just placed a larger order for my reading group, and I am more than satisfied already! The titles I wanted were all in stock, and they’re arriving tomorrow. I love this service and will continue using it!",5,Media & Publishing
"I am absolutely thrilled with my recent order! The collection of vintage magazines I found was incredible, and the condition was even better than described. Shipping was super fast too. Highly recommend for anyone looking for unique finds!",5,Media & Publishing
"What a fantastic experience! I ordered a book that I thought would be hard to find, and it arrived in pristine condition within just a couple of days. I can't thank this publisher enough for such a smooth transaction. Will be coming back for more!",5,Media & Publishing
"I am beyond delighted with my photo book! The quality of the printing is stunning, and my memories have never looked better. The customer service was exemplary, and I received my order well ahead of schedule. Can't recommend them enough!",5,Media & Publishing
"I purchased some rare vinyl records and was blown away by the selection available. Each record came in perfect shape, and I appreciated the attention to detail with the packaging. I will definitely be shopping here again!",5,Media & Publishing
"Absolutely loved the book selection! I found several titles I’ve been searching for at a fraction of the price. The delivery was swift, and everything arrived in great condition. A fantastic service that I will recommend to all my friends!",5,Media & Publishing
"This online bookstore has exceeded my expectations! The variety of genres was impressive, and my order came quickly and in excellent shape. I’m so pleased with my purchases and will definitely be back for more!",5,Media & Publishing
"I ordered a photography magazine subscription, and I've been blown away by the quality and creativity of each issue. The delivery is prompt, and each magazine feels like a treasure! Highly recommend for any photography enthusiast.",5,Media & Publishing
"I stumbled upon this publisher while searching for an out-of-print title, and wow, what a find! The service was impeccable and my book arrived faster than I anticipated. Truly a delightful experience!",5,Media & Publishing
"I recently ordered a special edition book as a gift, and I can’t express how impressed I was with the quality! It was beautifully packaged and arrived ahead of schedule. The recipient absolutely loved it!",5,Media & Publishing
"Every time I order from this company, I am deeply satisfied. The e-books I’ve downloaded are high quality, easy to navigate, and the customer support is always friendly and helpful. I wouldn’t hesitate to recommend them to anyone!",5,Media & Publishing
"Absolutely thrilled with my recent subscription to this magazine! The articles are insightful and beautifully written. I eagerly await each issue, and it never disappoints. Highly recommended for anyone who loves quality content.",5,Media & Publishing
"I purchased a couple of audiobooks and was blown away by the quality! The narration was captivating, and the selection was vast. Customer service was friendly and efficient when I had a question. This will be my go-to place for audiobooks from now on!",5,Media & Publishing
"I ordered a collection of classic novels, and they arrived in pristine condition. The variety offered is incredible, and the prices are unbeatable. It's like a treasure trove for book lovers! Will definitely be coming back for more!",5,Media & Publishing
"Just received my first order of graphic novels, and I couldn’t be happier! The packaging was perfect, and each comic was in flawless condition. A wonderful experience from start to finish, and I can’t wait to dive into my new reads!",5,Media & Publishing
"I recently signed up for their newsletter, and I'm so glad I did! The tips and recommendations are spot on, and I discovered some amazing new authors through their suggestions. Strongly recommend to all book enthusiasts!",5,Media & Publishing
"What a fantastic resource! I’ve used their platform for self-publishing, and the process was incredibly straightforward. The final product exceeded my expectations in quality. I would recommend them to anyone looking to publish their work!",5,Media & Publishing
"I bought a beautiful coffee table book, and it's absolutely stunning! The photography is breathtaking, and the quality of the print is top-notch. It’s the centerpiece of my living room now. Couldn’t be happier with my purchase!",5,Media & Publishing
"Just finished reading my first e-book from this service, and it was fabulous! The app is user-friendly, and the reading experience was smooth. I’ll be exploring more titles because this has opened up a new world of reading for me!",5,Media & Publishing
"I recently subscribed to their online magazine, and it has quickly become my favorite! The content is fresh, engaging, and beautifully designed. I find myself looking forward to every new issue. Highly recommend this to anyone interested!",5,Media & Publishing
"Ordered a set of poetry books as a gift, and they arrived on time and beautifully wrapped! The recipient loved them and said the selection was perfect. Excellent service all around, and I will definitely purchase again!",5,Media & Publishing
"Absolutely thrilled with my recent book purchase! The quality was outstanding, and it arrived much faster than I expected. I'll definitely be back for more!",5,Media & Publishing
I ordered a custom photo book and it turned out better than I could have imagined! The colors are vibrant and the layout is perfect. Highly recommend for anyone looking to preserve their memories!,5,Media & Publishing
This magazine subscription has been a delightful surprise! Each issue is packed with interesting articles and beautiful design. They arrive right on time every month. So glad I signed up!,5,Media & Publishing
I can't say enough good things about my experience with this publishing service! The editorial quality of my article was top-notch and the turnaround time was incredibly fast. Would recommend to anyone!,5,Media & Publishing
I bought a set of old vinyl records and they're in fantastic condition! The selection is vast and I found some rare gems. Shipping was quick and everything arrived exactly as described.,5,Media & Publishing
"Just received my personalized calendar and it’s stunning! The photos are crisp, and the layout is easy to navigate. Makes a perfect gift for family. Will definitely order again!",5,Media & Publishing
I was pleasantly surprised by how quickly my order shipped. The book was in pristine condition and the price was unbeatable! I’ll be telling my friends about this site.,5,Media & Publishing
"I love the variety of titles available! I ordered three books, all in great condition. They arrived swiftly and were well-packaged. A wonderful experience all around!",5,Media & Publishing
I'm blown away by the quality of the printed magazine! The paper is thick and the images pop beautifully. Every issue feels like a work of art. Can't wait for the next one!,5,Media & Publishing
Excellent service from start to finish! My order arrived ahead of schedule and the publication was just what I was looking for. I highly recommend this publishing house!,5,Media & Publishing
Absolutely thrilled with my recent order from this publishing company! The book arrived ahead of schedule and was in pristine condition. It’s clear they take great care in their service. Will definitely be returning for more!,5,Media & Publishing
"The selection of magazines is simply outstanding! I found rare issues that I thought were long gone. The delivery was prompt, and everything was packaged beautifully. Highly recommend to all magazine enthusiasts!",5,Media & Publishing
"I ordered a collection of vintage comics, and I was completely blown away by the quality! Each one was better than expected. Fast shipping and excellent customer service. I can’t wait for my next purchase!",5,Media & Publishing
"These folks are incredible! I ordered a personalized book, and it came out beautifully. The attention to detail is unmatched, and it made for the perfect gift. Plus, shipping was unbelievably fast!",5,Media & Publishing
"I recently subscribed to their online platform, and it has been a game changer for my reading habits! The interface is user-friendly, and I love the variety of genres available. Highly recommend it to anyone looking for great content!",5,Media & Publishing
"Just received my order of rare historical books, and I couldn't be happier! Each book was packed with care and arrived earlier than expected. This is my go-to place for unique finds!",5,Media & Publishing
"Ordered some inspirational books for a group project, and they arrived promptly! The condition was exactly as described, and everyone loved them. Great service all around!",5,Media & Publishing
"This is my new favorite source for educational resources! The e-books I purchased are fantastic and very relevant. The download process was seamless, and I truly appreciate the value offered here!",5,Media & Publishing
"What a fantastic experience! I ordered a coffee table book, and it exceeded all my expectations. The quality is top-notch, and the delivery was super quick. Highly recommend for anyone looking for beautiful publications!",5,Media & Publishing
"I’ve ordered from various publishers, but this one stands out! The graphic novels I got were in perfect condition and shipped within just a few days. I’ll definitely be back for more unique titles!",5,Media & Publishing
"I couldn't be happier with my purchase! The selection of books is vast, and each one arrived in pristine condition. Fast shipping and great customer service make this my go-to place for all my reading needs.",5,Media & Publishing
Absolutely love this service! I have ordered multiple magazines and they've all been delivered on time and in perfect shape. The quality of the publications is top-notch. Highly recommend!,5,Media & Publishing
This platform has completely transformed my reading experience. The e-books are easy to download and the reading app works flawlessly. I've discovered so many great titles that I wouldn't have found otherwise!,5,Media & Publishing
Every item I ordered was fantastic! The books were well-packaged and arrived quicker than expected. The customer support team was also very responsive when I had a question. A five-star experience all around!,5,Media & Publishing
"I recently bought a collection of vintage magazines, and I was amazed by the quality! They were exactly as described and arrived promptly. I can't wait to order again!",5,Media & Publishing
"This site is a gem for book lovers! I’ve received every book in perfect condition, often faster than estimated. Plus, I love knowing I’m supporting sustainable practices by buying second-hand.",5,Media & Publishing
Fantastic service! I ordered a biography and it arrived in just two days. The condition was better than I expected. I'm thoroughly impressed and will definitely be back for more!,5,Media & Publishing
"I am so glad I found this publishing platform! The articles are insightful and the layout is user-friendly. Plus, the delivery of my physical subscription has been impeccable. Highly recommend!",5,Media & Publishing
"Such a seamless experience! I purchased a mix of newly released and classic titles, and they all came beautifully packaged and timely. I genuinely can't recommend this enough!",5,Media & Publishing
"Simply outstanding! The selection of audiobooks was incredible, and the sound quality was crystal clear. It's the perfect way to enjoy stories while on the go. I’ll be telling all my friends about this!",5,Media & Publishing
"I recently subscribed to this magazine and I couldn't be happier! The content is fresh and engaging every month, and the delivery is consistently on time. It’s now a highlight of my week. Highly recommend!",5,Media & Publishing
"What a fantastic experience! I ordered a personalized book for my daughter, and it arrived ahead of schedule. The quality of the printing was top-notch, and she was absolutely thrilled. Will definitely be coming back for more!",5,Media & Publishing
"This publishing house has exceeded my expectations! The selection of titles is incredible, and I love that they promote independent authors. My order arrived quickly, perfectly packaged. I’m a loyal fan now!",5,Media & Publishing
"Just received my photo book and I can’t believe how beautiful it turned out! The quality is outstanding, and my family is going to treasure this forever. Thank you for such a lovely service!",5,Media & Publishing
"I took a chance on purchasing an eBook from this site, and wow, am I glad I did! The download process was seamless, and the book itself was captivating. I will definitely be back for more reads!",5,Media & Publishing
Absolutely love my new graphic novel! It arrived in pristine condition and was exactly what I was hoping for. The art and story were just as described. This is my new go-to source for comics!,5,Media & Publishing
Incredible service from start to finish! I ordered multiple issues of my favorite magazine and they were packaged with care. The content is always relevant and I can't wait for the next edition!,5,Media & Publishing
"I recently ordered a set of classic novels, and they blew me away! The print quality is excellent and each book feels so well-made. They look stunning on my bookshelf. Highly recommend this publisher!",5,Media & Publishing
"Could not be more pleased with my experience! The online ordering was simple, and the delivery was rapid. Each book was in perfect condition and they have a fantastic selection. Will be shopping here again!",5,Media & Publishing
"Absolutely thrilled with my photography prints! The colors are vibrant, and the finishing is flawless. The turnaround time was impressively fast too. I can't recommend this service enough to fellow photography enthusiasts!",5,Media & Publishing
Absolutely thrilled with my recent purchase! The quality of the printed books exceeded my expectations. They arrived in pristine condition and on time. I can't wait to order more.,5,Media & Publishing
I was looking for a rare title and found it here at an unbeatable price! The shipping was lightning fast and the customer service was incredibly helpful. Highly recommend to any book lover!,5,Media & Publishing
What a fantastic experience! The selection of magazines is vast and I received my subscription promptly. The quality is outstanding and I'm always excited for the next issue.,5,Media & Publishing
"I'm so pleased with my vinyl collection from this site! Each record was in excellent shape, and they arrived just in time for the weekend. Will definitely be back for more!",5,Media & Publishing
"I ordered some photography books recently and was pleasantly surprised by how quickly they arrived. The quality was top-notch, and the prices were very reasonable. A wonderful source for all photography enthusiasts!",5,Media & Publishing
"I’ve been using this service for my photo prints, and every time they deliver impeccable quality! The colors pop, and the turnaround time is quick. Truly a reliable service!",5,Media & Publishing
My experience was nothing short of amazing! The ebooks I purchased were easily accessible and the content was fantastic. It's like having a library at my fingertips!,5,Media & Publishing
"Fantastic service! The children's book I ordered was not only adorable but also beautifully illustrated. It arrived so quickly, and my kids loved it. Will order more titles soon!",5,Media & Publishing
"I purchased several graphic novels from this site, and I am beyond happy with the quality! Each one arrived safely. I've recommended this place to all my friends.",5,Media & Publishing
"The audiobooks I ordered were delivered within days and the quality was fantastic! I love listening while commuting, and this service has become my go-to for all my audio needs.",5,Media & Publishing
"I recently ordered a collection of classic novels from this publisher, and I couldn’t be happier! The quality of the books is outstanding, and they arrived earlier than expected. I will definitely be returning for more!",5,Media & Publishing
What a delightful experience! The magazine subscription is the highlight of my month. Each issue is packed with interesting articles and stunning photography. Highly recommend for anyone looking to indulge in quality content.,5,Media & Publishing
"The vinyl records I purchased were in pristine condition, and the delivery was incredibly quick. It’s clear that this company values customer satisfaction. This is now my go-to place for all things music!",5,Media & Publishing
"I bought a beautiful coffee table book from this publisher, and it exceeded all my expectations! The artwork is breathtaking, and the quality of printing is top-notch. I’ve received so many compliments from guests.",5,Media & Publishing
"Just received my first order of graphic novels, and I am blown away! The illustrations are vibrant, and the storylines are captivating. Definitely worth every penny, and I’m already planning my next purchase.",5,Media & Publishing
"I subscribed to this children's magazine for my daughter, and it has been a fantastic investment! Each issue is engaging and educational. Watching her excitement as she flips through the pages is priceless.",5,Media & Publishing
"I was looking for rare books, and this site had an impressive selection! The condition of the books was exactly as described, and I appreciate the detailed descriptions. They’ve earned a loyal customer in me.",5,Media & Publishing
"Absolutely thrilled with the personalized photo book I ordered! The layout was perfect, and the prints turned out stunningly. Made a wonderful gift for my partner, who was genuinely touched. Will definitely be back for more!",5,Media & Publishing
"I was in search of a literary magazine that offered depth and variety, and I found it with this subscription service. Each issue has been a joy to read, filled with insightful articles and beautiful design. Highly recommend!",5,Media & Publishing
"Just received my graphic novels, and I couldn't be happier! The colors are incredible, and the stories are so engaging. Fast delivery and fantastic quality! I’ll be getting more for sure.",5,Media & Publishing
"I couldn't be happier with my recent magazine subscription! Each issue has been packed with fascinating articles and stunning photography. The delivery is always prompt, and I genuinely look forward to every new edition. Highly recommended for anyone who loves quality content!",5,Media & Publishing
"Just received my order of classic novels from this fantastic site, and I am absolutely thrilled! The books were in pristine condition and arrived much sooner than I expected. I will definitely be coming back for more literary treasures!",5,Media & Publishing
"The printing quality of my family photo book was outstanding! The colors popped, and the layout was exactly as I designed it. This will be a cherished keepsake for years to come. I'm thoroughly impressed and will recommend it to my friends!",5,Media & Publishing
"I stumbled upon this publishing house and decided to order a few titles. The selection is vast, and I ended up with some gems! The shipping was super fast too. I can't wait to finish my current reads and grab more from their collection!",5,Media & Publishing
"What a delightful experience! The children's book I ordered was not only beautifully illustrated, but the story was engaging for my little ones. It quickly became a bedtime favorite in our house. I will definitely be ordering more in the future!",5,Media & Publishing
"I recently bought some vinyl records from this site, and I was blown away by the quality! Each album was well-packaged and arrived without a scratch. Their selection is fantastic, and I can't wait to expand my collection even more!",5,Media & Publishing
The eBooks I purchased are phenomenal! They are easy to download and the reading experience on my e-reader is top-notch. I appreciate how user-friendly the website is too. Will be coming back for more in no time!,5,Media & Publishing
"I ordered a custom calendar filled with family photos, and it turned out beautifully! The quality surpassed my expectations, and it brought a huge smile to my family's faces. A perfect gift idea!",5,Media & Publishing
"I am so impressed with the service from this publishing platform. I ordered a cookbook, and the recipes are delicious and easy to follow. Plus, the layout is gorgeous. I can't wait to try more dishes!",5,Media & Publishing
Absolutely love the indie magazine I subscribed to! It's refreshing to read such unique and inspiring content. Each issue is a joy to receive. Highly recommend for anyone looking to explore new ideas and creativity!,5,Media & Publishing
"I recently subscribed to this magazine, and I couldn't be happier! The quality of the articles and the beautiful layout exceeded all my expectations. I always look forward to my monthly dose of inspiration!",5,Media & Publishing
"I purchased a collector's edition book and was amazed by the packaging and speed of delivery. It arrived in pristine condition, and it's clear that care was taken in every detail. Highly recommend for any book lover!",5,Media & Publishing
"This publishing house's titles are always top-notch! The variety they offer is incredible, and I find something new to enjoy every time. Their customer service is also fantastic, making the whole experience delightful!",5,Media & Publishing
"I ordered a set of classic novels, and they arrived so quickly! The quality of the books is exceptional, and I appreciate the effort they put into sustainable publishing. A fantastic experience overall!",5,Media & Publishing
"I love that I can access a huge library of e-books! The user interface is intuitive, and downloading new titles is a breeze. This service has transformed my reading habits for the better!",5,Media & Publishing
"Every book I’ve bought from this online store has arrived ahead of schedule and in perfect condition. Their selection is vast, with plenty of hidden gems that I've been thrilled to discover!",5,Media & Publishing
"I recently had a few photos printed and the quality was outstanding! The colors popped, and the finish was flawless. I will definitely use this service again for my future printing needs!",5,Media & Publishing
"I joined a book club through this publisher, and it has been a wonderful experience. Each month's read is carefully curated, leading to engaging discussions. I can't recommend them enough!",5,Media & Publishing
"The audiobooks I purchased have brought my commutes to life! The narrators are captivating, and the selection is vast. This service is a game changer for anyone on the go!",5,Media & Publishing
"I attended a literary festival hosted by this publishing company, and it was simply fantastic! The lineup of authors was impressive, and the atmosphere was warm and welcoming. Can't wait for next year!",5,Media & Publishing
"Absolutely thrilled with my latest order! The quality of the printed book exceeded all my expectations, and it arrived much quicker than anticipated. I will definitely be back for more!",5,Media & Publishing
"I can’t say enough good things about this publishing service! The e-book I downloaded was flawless, and the layout was perfect for my reading comfort. Highly recommend to all book lovers!",5,Media & Publishing
"Just received my custom magazine, and it looks stunning! Everything from the print quality to the binding was impeccable. I plan to use them for all my future publishing needs!",5,Media & Publishing
"What a fantastic experience! The photo book I ordered turned out beautifully, and the delivery was super fast. It made an amazing gift! I will definitely be a repeat customer!",5,Media & Publishing
"The selection of audiobooks is phenomenal! I found exactly what I was looking for, and the download process was seamless. This has become my go-to for all my listening needs!",5,Media & Publishing
"I received my first subscription box, and I’m in love! The mix of books was superb, and the little extras made it feel so special. Can't wait for the next one!",5,Media & Publishing
"The personalized calendar I ordered arrived and it was beyond perfect! The images were crisp, and the whole thing was beautifully presented. Highly satisfied and will return for more!",5,Media & Publishing
"I recently purchased a vinyl record and I’m blown away by the quality! The sound is rich, and the design is stunning. Totally worth every penny!",5,Media & Publishing
"Just got my order of classic novels, and they are in fantastic condition! Delivery was quick, and I appreciate the eco-friendly packaging. I’ll definitely be using this service again!",5,Media & Publishing
I am so pleased with the custom printed poster I ordered! The colors are vibrant and it looks fantastic on my wall. The entire process was smooth and easy!,5,Media & Publishing
"Absolutely thrilled with my recent order of vintage magazines! They arrived in pristine condition and were even better than I expected. The selection was amazing, and I can't believe I found some rare issues. Highly recommend for any collector!",5,Media & Publishing
"I just received my custom photo book and I'm over the moon! The quality is superb, and the layout options were fantastic. It turned out to be a beautiful keepsake for my family. Will definitely be ordering more in the future!",5,Media & Publishing
"I ordered some graphic novels for my son’s birthday, and they came ahead of schedule. He absolutely loved them! The books were in perfect condition and the prices were unbeatable. Thank you for making his day!",5,Media & Publishing
"I’ve been using this service for my printing needs, and I can’t say enough good things! The clarity and colors of my printed photos are stunning, and they always arrive on time. Just ordered my third batch, and I'm as happy as ever!",5,Media & Publishing
"Stunning selection of e-books! I found everything I was looking for and more. The download process was super easy, and the reading experience on my tablet is just perfect. Highly recommend to any avid reader!",5,Media & Publishing
"Fantastic experience from start to finish! I ordered a collection of art books, and they were carefully packed and delivered promptly. The quality is top-notch, and I will definitely be recommending this site to my friends!",5,Media & Publishing
"My subscription to the magazine has been a joy! Each issue is packed with interesting articles and beautiful photography. It always arrives on time, and the customer service is friendly and responsive. Truly a delightful experience!",5,Media & Publishing
"Incredible service! I ordered personalized calendars as gifts, and they turned out amazing. The quality was beyond what I hoped for, and they arrived right on time. My family loved them! Will surely be placing more orders.",5,Media & Publishing
The children's books I ordered were a huge hit! They arrived quickly and were in perfect condition. The stories are engaging and beautifully illustrated. I will definitely be purchasing more in the future!,5,Media & Publishing
"Absolutely thrilled with my recent subscription to this magazine! The articles are insightful and beautifully written, plus the photography is stunning. It feels like such a treat every time it arrives in the mail. Highly recommend!",5,Media & Publishing
"I ordered a collection of classic novels and I couldn't be happier. The quality of the books is outstanding, and they even smell like fresh pages! Fast shipping too—arrived in just a couple of days. Will definitely be back for more!",5,Media & Publishing
What an incredible experience! I purchased several art books and they exceeded my expectations in every way—gorgeous prints and fantastic paper quality. Perfect for my coffee table. Will recommend to all my friends!,5,Media & Publishing
"I recently bought a subscription to an audiobook service, and it's been a game changer! The selection is vast, and the narration is top-notch. I love that I can listen while I cook or commute. Truly a fantastic service!",5,Media & Publishing
"I ordered a customized photo book for my family vacation and it turned out beautifully! The layout options were easy to use, and the printing quality was exceptional. It brought back all the wonderful memories. Thank you for the beautiful keepsake!",5,Media & Publishing
Just received my order of vinyl records and I'm in love! They arrived in perfect condition and the sound quality is incredible. Shipping was quick too—just in time for my weekend listening party! Couldn't be happier!,5,Media & Publishing
"This online bookstore is a gem! I found rare editions I've been searching for. The prices are unbeatable, and each book arrived in pristine condition. Fast shipping as well! I’ll be a loyal customer for sure!",5,Media & Publishing
"I had an amazing experience ordering a personalized calendar! The design process was simple, and it arrived right on schedule. The quality is top-notch, making it a beautiful gift for my family. So pleased!",5,Media & Publishing
I ordered a magazine subscription as a gift and it was a huge hit! The recipient loved every issue—great content and stunning layouts. Customer service was also very helpful in setting everything up. I’ll definitely be back for more!,5,Media & Publishing
"I recently purchased a cookbook from this publisher, and it has quickly become my go-to kitchen companion! The recipes are easy to follow and incredibly delicious. I highly recommend it to anyone looking to spice up their meals!",5,Media & Publishing
"I absolutely love the magazine subscription I ordered! Each issue is filled with fascinating articles and beautiful photography. The delivery is always prompt, and the customer service team is so friendly and helpful. I genuinely look forward to receiving my copy each month. Highly recommend!",5,Media & Publishing
"Just received my first batch of e-books and I am thrilled! The selection process was seamless, and the download was instant. The reading interface is so user-friendly, and I appreciate all the customization options available. This has transformed my reading experience; I can't imagine going back to physical books now!",5,Media & Publishing
"I ordered a collection of classic novels in beautifully illustrated editions, and they exceeded my expectations! Each book is stunning and the quality of the printing is top-notch. They arrived earlier than anticipated, and I couldn't be happier. I can’t wait to start my reading journey with these lovely books!",5,Media & Publishing
"I recently published my poetry book with this platform, and I am overjoyed with the results! The team was incredibly supportive throughout the process, from editing to design. The final product looks professional and polished. If you're looking to publish, I can't recommend them enough!",5,Media & Publishing
"Fantastic service! I ordered personalized calendars filled with my family photos, and the quality is outstanding. The images came out vibrant and sharp, making for a beautiful keepsake. The turnaround time was impressive, and my family loved the surprise gifts! I’ll definitely be ordering again!",5,Media & Publishing
"What a fantastic experience! The hotel was everything I hoped for and more. The staff were incredibly welcoming, and the room was spacious and clean. I loved how close we were to all the major attractions. Highly recommend!",5,Travel & Vacation
"I just returned from an unforgettable trip and I can’t say enough good things about the travel agency we used! They organized every detail perfectly, from excursions to dinners, making our vacation stress-free and full of fun. Just delightful!",5,Travel & Vacation
"We had the best time at this resort! The amenities were top-notch, and the beach was simply stunning. The staff went above and beyond to ensure we had everything we needed. I can't wait to book our next trip here!",5,Travel & Vacation
"This was my first time booking a vacation rental, and it exceeded all my expectations! The apartment was beautiful and just as described. The location was perfect for exploring the city. I couldn't have asked for a better experience.",5,Travel & Vacation
Absolutely loved our guided tour! Our tour guide was so knowledgeable and friendly. We saw so many amazing sites that we never would have found on our own. Highly recommend this tour company for anyone visiting the area!,5,Travel & Vacation
"What a gem of a place! The hostel was clean, cozy, and had such a welcoming atmosphere. The location was ideal for exploring the city. I made some fantastic friends during my stay. Will definitely return!",5,Travel & Vacation
"Our family vacation was a dream come true thanks to this travel company! Their attention to detail was remarkable, and they really listened to our needs. Every part of the trip was flawlessly organized. I would recommend them to anyone!",5,Travel & Vacation
"From start to finish, our cruise experience was phenomenal! The ship was beautiful, the food was delicious, and the entertainment was top-notch. The crew was always smiling and ready to help. I’m counting down the days until I can go again!",5,Travel & Vacation
I am so pleased with our stay at this charming bed and breakfast! The hosts were incredibly friendly and made us feel right at home. The breakfast was delicious and the setting was picturesque. A must-visit!,5,Travel & Vacation
"Everything about our trip to this beautiful island was perfect! The accommodations were luxurious, the locals were friendly, and the activities were endless. I truly can't recommend this destination highly enough!",5,Travel & Vacation
"Our week at the beach resort was nothing short of extraordinary! The staff went above and beyond to make us feel welcome, and the amenities were fantastic. The rooms were pristine and had stunning views. I highly recommend this place for a perfect getaway.",5,Travel & Vacation
"What an amazing trip! The guided tours included in our package were informative and fun. Our tour guide was energetic and engaging, making every stop special. We couldn't have asked for a better experience. A truly memorable vacation!",5,Travel & Vacation
"I recently visited the mountains with my family, and it was delightful! The cabin was cozy and equipped with everything we needed. The surroundings were breathtaking, and the hiking trails were easily accessible. Can't wait to return!",5,Travel & Vacation
"I can't praise the travel agency enough for planning our honeymoon! Every detail was meticulously taken care of, from flights to accommodations. We felt like VIPs the entire time, and each destination exceeded our expectations!",5,Travel & Vacation
"Just returned from a fantastic city break, and I’m still buzzing! The hotel was centrally located, making it easy to explore all the sights. The staff were friendly and eager to assist. Perfect for a short escape!",5,Travel & Vacation
"Our family vacation to the theme park was epic! The accommodations were comfortable, and we never had to wait long for rides. The staff were super friendly and made our experience unforgettable. We will definitely be back!",5,Travel & Vacation
"Just spent a fabulous week at a villa in the countryside! The surroundings were peaceful and picturesque. The villa itself was charming and well-kept, making us feel right at home. Highly recommend for a relaxing retreat!",5,Travel & Vacation
"I booked a weekend getaway through this platform, and it was flawless! The booking process was straightforward, and all our preferences were accommodated. The location was perfect, right in the heart of the action. Can't wait to travel again!",5,Travel & Vacation
"Just got back from a cultural trip, and it was life-changing! The itinerary was well-planned with the perfect mix of historical tours and leisure time. The local guides were passionate and knowledgeable. This experience enriched my love for travel!",5,Travel & Vacation
"What an amazing trip! The tour guides were so knowledgeable and friendly, making every stop memorable. The hotel exceeded our expectations - clean, comfortable, and in a prime location. I can't recommend this experience enough!",5,Travel & Vacation
"We just got back from a week in the Maldives, and I can't rave enough about it. The resort was stunning, with breathtaking views and the friendliest staff. Every meal was a culinary delight, and I felt pampered throughout our stay. A must-visit destination!",5,Travel & Vacation
Absolutely loved our vacation in Italy! The villa was beautifully decorated and had everything we needed. The local representative was incredibly helpful and went out of her way to ensure we had a great time exploring the area. I would highly recommend this to anyone!,5,Travel & Vacation
"Just returned from our family trip to Disney World, and it was a dream come true! The park was magical, and the hotel staff were exceptional, making our stay so pleasant. We can't wait to return next year!",5,Travel & Vacation
"This cruise was simply brilliant! Each port of call was an adventure, and the onboard activities kept everyone entertained. The food was delicious, and the customer service was top-notch. I would absolutely book again!",5,Travel & Vacation
"I recently visited a beautiful Winerie tour with friends, and it was unforgettable! The scenery was gorgeous, and the wine tastings were fantastic. Our guide was so enthusiastic and passionate about the wines. Highly recommend this experience!",5,Travel & Vacation
What a wonderful weekend getaway! The cabin was cozy and had stunning views of the mountains. Our host was incredibly welcoming and provided great recommendations for local hikes. I would definitely come back!,5,Travel & Vacation
Just returned from a fantastic beach holiday in Greece! The hotel was luxurious and perfectly located by the sea. The staff went above and beyond to make our stay unforgettable. Truly a five-star experience!,5,Travel & Vacation
"I can't express how much I enjoyed our ski trip! The chalet was perfect, with everything we needed for a comfortable stay. The ski instructors were fantastic, and the slopes were amazing. This was our best winter vacation yet!",5,Travel & Vacation
"We had a lovely time exploring Barcelona! The guided tours were informative and engaging. The hotel was centrally located and very comfortable. Our trip was smooth from start to finish, and I can't recommend it enough!",5,Travel & Vacation
"Absolutely fantastic experience! The beachfront hotel was a dream come true, with stunning ocean views and direct access to the sand. The staff went above and beyond to ensure our stay was perfect. Highly recommend for anyone looking to relax!",5,Travel & Vacation
We had the most magical time on our cruise. Everything from the onboard dining to the excursions was top-notch. The crew was incredibly friendly and attentive. This trip was worth every penny!,5,Travel & Vacation
"Our family trip to the mountains was simply incredible. The cabin was cozy, clean, and fully equipped. The location was breathtaking, with easy access to hiking trails. I can’t wait to return!",5,Travel & Vacation
"This tour package exceeded all our expectations! The guides were knowledgeable and enthusiastic, making every stop interesting and fun. We learned so much and saw sights we will never forget. Highly recommend to anyone!",5,Travel & Vacation
Perfect getaway to a hidden gem! The boutique hotel was charming and unique. The staff treated us like family and the local recommendations were spot on. I can't recommend this place enough!,5,Travel & Vacation
"What a wonderful experience! The all-inclusive resort had everything we needed for a relaxing week. Food, activities, and service were all outstanding. I've already started planning our next visit!",5,Travel & Vacation
Our road trip was unforgettable thanks to the fantastic rental service we used. The car was in perfect condition and pick-up/drop-off was seamless. The team was friendly and helpful throughout. Would definitely recommend!,5,Travel & Vacation
"We booked a guided tour to Italy, and every moment was a delight! The itinerary was well thought out, and our guide was passionate about the history and culture. Truly a five-star experience!",5,Travel & Vacation
"Staying at this eco-lodge was a fantastic choice! The atmosphere was so peaceful, and the staff was dedicated to sustainability. We left feeling refreshed and inspired to be more eco-conscious ourselves.",5,Travel & Vacation
"Just returned from a dream vacation in Bali! The villa was stunning and matched the online photos perfectly. The private pool was a highlight, and the staff was always ready to help. Can’t wait to go back!",5,Travel & Vacation
"Absolutely loved our stay at the beach resort! The staff went above and beyond to ensure we had a fantastic time. The ocean view from our room was breathtaking, and the amenities were top-notch. Highly recommend!",5,Travel & Vacation
"Our family vacation in the mountains was nothing short of magical. The cabin was cozy, beautifully decorated, and had all the comforts of home. The hosts were incredibly welcoming and even provided us with a list of local attractions. We can't wait to return!",5,Travel & Vacation
"I booked a weekend getaway in Paris and was blown away by the lovely boutique hotel. Everything was impeccably clean and stylish. The location was perfect, and the staff were so friendly and knowledgeable about the area. A must-stay if you’re visiting!",5,Travel & Vacation
"What a wonderful experience we had on our Mediterranean cruise! The ship was stunning, the food was delicious, and the excursions were well-planned. Every detail was taken care of, making this the best vacation we've ever had.",5,Travel & Vacation
"Just returned from a road trip through California, and the itinerary provided by our travel agency was phenomenal! Every recommended stop was a winner. Their planning made our trip seamless and unforgettable. Highly recommend their services!",5,Travel & Vacation
"I recently spent a week in a charming villa in Tuscany, and it was pure bliss. The property was even better than described, with stunning views and a lovely pool. Our host was gracious and provided wonderful tips for local dining. Couldn't have asked for more!",5,Travel & Vacation
"I had an incredible experience at the all-inclusive resort in Jamaica. The food was delectable, the activities were plentiful, and the atmosphere was so relaxing. The staff truly made us feel like royalty. I would recommend this resort to everyone!",5,Travel & Vacation
"Just got back from a guided tour in Japan, and what an extraordinary journey it was! Our guide was knowledgeable and entertaining, making every stop memorable. The cultural experiences offered were exceptional. I would book again in a heartbeat!",5,Travel & Vacation
Our safari adventure in Kenya was out of this world! The guides were incredibly knowledgeable and passionate about wildlife. Staying in the tented camp was an experience beyond our expectations—luxurious and immersive. Can't recommend it enough!,5,Travel & Vacation
"What an incredible getaway! The resort was nothing short of paradise, with stunning views and impeccable service. Our room was spacious and beautifully decorated. Every meal was a culinary delight. I can't recommend this place enough!",5,Travel & Vacation
"Absolutely fantastic experience from start to finish! The tour guides were knowledgeable and friendly, making each stop enjoyable and memorable. The itinerary was well-organized, and I felt like I truly experienced the local culture. Highly recommend!",5,Travel & Vacation
"I just returned from a week-long stay in a charming villa and it was blissful! The property was exactly as described, with a lovely garden and a pool that was perfect for relaxing. The hosts were warm and welcoming, making us feel at home. An unforgettable vacation!",5,Travel & Vacation
"This cruise exceeded all expectations! The amenities were top-notch, and the staff was incredibly attentive. Each port of call was well-planned, allowing us to experience the best of each destination. I can't wait to book my next adventure with them!",5,Travel & Vacation
"Our family trip to the theme park was fantastic! The rides were thrilling, the park was clean, and the staff were friendly. We made wonderful memories and can’t wait to return next year. Highly recommend for families!",5,Travel & Vacation
"Just got back from an amazing hiking trip, and I couldn't be happier! The trails were breathtaking, and the guides were not only experienced but also full of local knowledge. This excursion was the highlight of our vacation!",5,Travel & Vacation
"I had the best time at the beach resort! The staff were incredibly friendly, and our beachfront room was stunning. The sunsets were gorgeous, and the activities were endless. This is definitely my new favorite vacation spot!",5,Travel & Vacation
"Staying at this eco-lodge was a dream come true! The surrounding nature was mesmerizing, and the accommodations were both comfortable and sustainable. The hosts shared their passion for the environment, which made our stay even more enriching. Highly recommended!",5,Travel & Vacation
"What a wonderful getaway! The hotel staff were incredibly accommodating, and the amenities were superb. Our room had a perfect view, and the spa treatments were heavenly. I can’t wait to plan my next stay here!",5,Travel & Vacation
"What an incredible experience! The beachside bungalow was absolutely stunning, with breathtaking views and a cozy atmosphere. The staff went above and beyond to ensure our stay was unforgettable. I can't recommend this place enough!",5,Travel & Vacation
"We just returned from our trip to Kyoto and it was magical! The guided tours were perfectly timed, and our guide was so knowledgeable and friendly. Every detail was thought of, making this vacation truly special. A must-visit!",5,Travel & Vacation
"Our family vacation to the Swiss Alps was everything we dreamed of and more! The chalet was charming and clean, and the skiing was fantastic. The customer service was exceptional, ensuring we had a seamless experience. We'll definitely be back!",5,Travel & Vacation
"From start to finish, our cruise experience was flawless. The ship was luxurious, the crew incredibly attentive, and the destinations were breathtaking. We loved every moment and can’t wait to book our next adventure!",5,Travel & Vacation
"What a gem! The quaint little hotel in Paris was perfect – great location, lovely decor, and the staff treated us like family. Breakfast on the terrace was a highlight of our trip. Highly recommend staying here!",5,Travel & Vacation
"Our safari in Kenya was truly unforgettable. The lodge was luxurious, and the wildlife experiences were breathtaking. The guides were fantastic, sharing so much knowledge with us. This is a vacation we’ll cherish forever!",5,Travel & Vacation
"We had the best time on our road trip through the Pacific Coast Highway! The itinerary was well-organized, and every stop offered something unique. The scenery was absolutely stunning and the accommodations were excellent. Highly recommend!",5,Travel & Vacation
"What a fantastic experience at the vineyard retreat! The wine tastings were exquisite, and the staff were so welcoming. The entire atmosphere was relaxing and perfect for a getaway. We will definitely be recommending this to our friends!",5,Travel & Vacation
"Our trip to Santorini was absolutely magical! The views from our villa were breathtaking, and the host was incredibly warm and welcoming. Everything was just as described, and the local recommendations for dining were spot on. Can't wait to return!",5,Travel & Vacation
"I cannot praise this travel agency enough! From booking to our return home, everything was seamless. The staff were attentive and went above and beyond to ensure our family vacation was perfect. Highly recommend!",5,Travel & Vacation
"We just got back from our cruise in the Caribbean, and it was phenomenal! The ship was immaculate, and every port of call had something special to offer. The crew were friendly and made every moment enjoyable. A fantastic experience!",5,Travel & Vacation
"Our stay at the ski resort exceeded all expectations! The slopes were fantastic, and the staff were so friendly and helpful. Plus, the lessons for beginners were phenomenal. I would highly recommend this resort to anyone!",5,Travel & Vacation
"Just had an incredible week in Bali! The resort was stunning, and the staff felt like family. They always had a smile on their faces and were eager to help. Everything from the food to the activities was just perfect. Will be back for sure!",5,Travel & Vacation
"Our road trip through Italy was nothing short of amazing! The itinerary was perfectly planned, with beautiful stops along the way. The guide was knowledgeable and made each location come to life. Couldn't have asked for a better experience!",5,Travel & Vacation
What an unforgettable experience in Tokyo! Our hotel was in a perfect location and the staff were exceptionally polite. We loved the local food tour that was organized for us; it was truly a highlight! Highly recommended!,5,Travel & Vacation
"Just returned from a dreamy escape to the Maldives! The villa was luxurious, and the views were simply to die for. The staff made sure we had everything we needed, and the service was outstanding. I highly endorse this experience!",5,Travel & Vacation
"Our family vacation in the Swiss Alps was beyond wonderful. Everything from the chalet to the breathtaking scenery was just perfect. The kids loved the activities, and we had a fantastic time exploring together. Would absolutely recommend this destination!",5,Travel & Vacation
"Our weekend getaway to New Orleans was simply delightful! The hospitality was top-notch, and the food was amazing. We loved the local music scene, and every recommendation from our host was spot on. Can't wait to go back!",5,Travel & Vacation
"What an amazing trip! The accommodations were stunning, and the staff went above and beyond to make our stay memorable. Highly recommend this place for anyone looking for luxury and comfort!",5,Travel & Vacation
"Our family vacation was absolutely perfect! The kids adored the activities, and there was always something for everyone to enjoy. The service was exceptional, making every moment worry-free. Can't wait to come back!",5,Travel & Vacation
"This was hands down the best travel experience I've ever had! The guides were knowledgeable and friendly, and we saw all the best spots without feeling rushed. The itinerary was well-planned and left us wanting more!",5,Travel & Vacation
"From the moment we arrived, we felt welcomed and valued. The location was fantastic, just minutes from popular attractions. The hotel's attention to detail was impressive, and the breakfast was a delightful treat every morning!",5,Travel & Vacation
"I can't praise this travel company enough! They took care of every detail, and their recommendations were spot on. We had the time of our lives and couldn't have asked for a better experience!",5,Travel & Vacation
Fantastic experience from start to finish! The staff were incredibly accommodating and friendly. The location was perfect for exploring the city and the amenities were top-notch. Will definitely return!,5,Travel & Vacation
We just returned from a spectacular vacation! The tours were well-organized and allowed us to see breathtaking sights. Our guide was passionate and shared so much interesting history. Highly recommend this experience!,5,Travel & Vacation
"We had the most wonderful time at this resort! The atmosphere was so relaxing, and the service was impeccable. Every meal was a culinary delight, and we felt truly pampered throughout our stay!",5,Travel & Vacation
"I was blown away by the hospitality at this hotel! The staff made us feel like family, and the location couldn't have been better. Each room was beautifully decorated and spacious. Highly recommend it to anyone!",5,Travel & Vacation
"What a delightful adventure! The excursions were amazing, and the guides were professional and friendly. Every aspect of our trip was enjoyable, and I would absolutely recommend this company for anyone looking to explore!",5,Travel & Vacation
"Absolutely loved our stay! The hotel was centrally located, just a short walk from the beach and local attractions. Our room was spacious and clean, with stunning ocean views. The staff went out of their way to make us feel welcome. Highly recommend this place for anyone looking to relax!",5,Travel & Vacation
"What a fantastic experience! The tour guide was friendly and incredibly knowledgeable, sharing insights about the local culture that truly enriched our trip. The itinerary was well-planned, and we had enough time to explore everything. I would definitely book another tour with this company!",5,Travel & Vacation
"I can't say enough great things about our vacation rental! The house was beautiful, well-equipped, and just a few minutes from downtown. We appreciated the attention to detail and the lovely welcome basket upon arrival. It was the perfect getaway, and we will definitely return!",5,Travel & Vacation
"Unforgettable trip! The cruise exceeded all my expectations. The ship was luxurious, the food was delicious, and the entertainment was top-notch. The staff was attentive and made sure everyone had a great time. I can't wait to book again!",5,Travel & Vacation
"This was the best travel experience we've ever had! The itinerary was perfectly balanced between adventure and relaxation. Our accommodations were cozy and conveniently located. Our travel agent was fantastic, always available to answer questions and help us with anything we needed. Highly recommended!",5,Travel & Vacation
"Our ski holiday was nothing short of amazing! The chalet was cozy, right at the foot of the slopes, making it so convenient. The staff was friendly and helpful, and the meals provided were delicious. I would recommend this to anyone looking for a winter getaway!",5,Travel & Vacation
"Perfect family vacation! The resort had activities for everyone, from kids to adults. We loved the pools and the variety of dining options. The beach was stunning, and our room was very comfortable. This place truly has it all, and we can’t wait to come back!",5,Travel & Vacation
"What a delightful experience! The bed and breakfast was charming, and the hosts were incredibly welcoming. The breakfast each morning was fresh and delicious, and the location was ideal for exploring the nearby attractions. I highly recommend staying here!",5,Travel & Vacation
"Fantastic adventure! The hiking trip was well organized, with breathtaking views and knowledgeable guides. I was impressed with how everything was taken care of, from transportation to meals. This is a must-do for any outdoor enthusiasts!",5,Travel & Vacation
"We had an incredible time on our city break! The apartment was stylish and in a fantastic location, allowing easy access to public transport and local eateries. Check-in was seamless, and the host was so helpful with recommendations. I can't wait to go back!",5,Travel & Vacation
"Our stay at the beachfront resort was nothing short of magical! The staff were incredibly welcoming and went out of their way to ensure we had everything we needed. The views from our room were stunning, and the food at the restaurant was delicious. Highly recommend this oasis!",5,Travel & Vacation
"Just returned from a week in Paris and I couldn't be happier with our choice of hotel! The location was perfect, just steps from all the major attractions. The room was clean and beautifully decorated, and the breakfast was a delightful start to each day. Will definitely book again!",5,Travel & Vacation
I was blown away by the service at this travel agency! They customized our itinerary based on our preferences and everything went off without a hitch. The hotels were top-notch and the guided tours were informative and fun. A big thank you for making our vacation so special!,5,Travel & Vacation
"Absolutely loved our stay at the mountain lodge! The cozy atmosphere and breathtaking scenery made for an unforgettable trip. The staff was super attentive, and the local hiking trails were just what we were looking for. Can't wait to return!",5,Travel & Vacation
"Our family vacation to the Caribbean was a dream come true! The resort exceeded expectations with its friendly service and pristine beach. The kids loved the activities, and we enjoyed some much-needed relaxation. A perfect getaway!",5,Travel & Vacation
"What a fantastic experience we had in Italy! The guided tour was well-organized and our guide was incredibly knowledgeable. Each city we visited had its own charm, and the accommodations were comfortable. Highly recommend for anyone looking to explore!",5,Travel & Vacation
"Just spent a weekend in a charming B&B that surpassed all my expectations! The owners were so hospitable, and the homemade breakfast was divine. The location was ideal for exploring the nearby vineyards. I can't recommend this place enough!",5,Travel & Vacation
"Our cruise experience was amazing from start to finish! The staff onboard were friendly and always willing to help. The excursions were well-planned, and we made unforgettable memories. I can't wait to book another cruise!",5,Travel & Vacation
"We had an incredible time at the eco-resort! The lush surroundings and commitment to sustainability were impressive. The workshops offered were fun and informative, and the food was fresh and delicious. A must-visit for nature lovers!",5,Travel & Vacation
"Just got back from a perfect getaway in Thailand! The hotel was stunning, the service impeccable, and the tours were well-coordinated. Everything was thought out to ensure we had a relaxing time. I would recommend this destination to anyone!",5,Travel & Vacation
"I just came back from a week-long trip to Spain, and I can't express how fantastic everything was! The accommodations were absolutely stunning, and the local guides were so knowledgeable and friendly. Every day was a new adventure, and I felt completely taken care of. Highly recommend this travel company!",5,Travel & Vacation
"Our family vacation to Thailand exceeded all expectations! The itinerary was perfectly planned, allowing us to explore beautiful temples and stunning beaches. Our guide, Som, was a gem, making sure we had everything we needed. This was genuinely the trip of a lifetime!",5,Travel & Vacation
"We had an amazing experience on our European tour! The hotels were perfectly situated, making it easy to explore each city. Our tour guide, Anna, was fantastic—always sharing insightful stories about the places we visited. Can't wait to book our next adventure with them!",5,Travel & Vacation
"Just returned from a five-day cruise in the Caribbean, and it was simply delightful! The ship was immaculate, the food was delicious, and the staff went above and beyond to ensure we had a great time. I would recommend this cruise line to anyone!",5,Travel & Vacation
"Our honeymoon in the Maldives was simply magical! The resort was breathtaking, and the staff were incredibly attentive. We had private dinners on the beach and spa treatments that were out of this world. I can't recommend this destination enough!",5,Travel & Vacation
"What a phenomenal trip to New Zealand! The landscapes were jaw-dropping, and the activities were perfectly organized. Our guide, Mike, was incredibly passionate and made sure everyone had a fabulous time. This vacation truly rejuvenated our spirits!",5,Travel & Vacation
"We just returned from an all-inclusive resort in Mexico, and I can't praise it enough! The food options were remarkable, and the staff were always so friendly and welcoming. The beach was right at our doorstep, and the entertainment was top-notch. Will definitely be back!",5,Travel & Vacation
"Just got back from a week-long adventure in Costa Rica that was nothing short of spectacular. The wildlife, the scenery, everything was breathtaking! The guides were so passionate about the culture and made our trip all the more enjoyable. I wholeheartedly recommend this experience!",5,Travel & Vacation
"We had the most unforgettable family trip to Disney World! The level of service was outstanding, from our hotel to the park staff. Everything was organized seamlessly, and there was never a dull moment. Our kids had a blast, and we can't wait to plan our next visit!",5,Travel & Vacation
"Our trip to Italy was a dream come true! Each city was more beautiful than the last, and the local food tours were phenomenal. Our guide shared so many fascinating stories, and the wine tastings were fantastic. I would recommend this journey to everyone!",5,Travel & Vacation
"Our recent getaway to Bali was nothing short of magical! The villa we stayed in was breathtaking, with stunning views and a private pool that felt like paradise. The staff were incredibly attentive and welcoming, making our stay feel truly special. I can't recommend this place enough!",5,Travel & Vacation
"Just returned from a week in Paris, and I am still on cloud nine! The location was perfect – only a short stroll to the Eiffel Tower. Our charming boutique hotel had such character, and the breakfast was delicious. I’ll be planning my next trip back soon!",5,Travel & Vacation
"What a fantastic family holiday in Costa Rica! Every detail was well-organized, from airport transfers to tours. Our guide was knowledgeable and friendly, making the rainforest adventures so enjoyable. I can’t wait to recommend this vacation package to my friends!",5,Travel & Vacation
"Absolutely loved our road trip along the Pacific Coast Highway! The itinerary was spot on, and the scenic stops were breathtaking. Each hotel we stayed at was cozy and exceeded my expectations. A wonderful experience that I would happily repeat!",5,Travel & Vacation
"Just finished an incredible cruise in the Mediterranean. The service was impeccable, and the excursions were well-planned. Watching the sunset from the deck was a highlight of my entire trip. I’m already looking into booking another cruise!",5,Travel & Vacation
"I recently traveled to New York City and stayed at a wonderful hotel in Times Square. The staff went above and beyond to ensure our comfort. The room was clean and spacious, and the views were stunning. I highly recommend this hotel for anyone visiting the city!",5,Travel & Vacation
"Our honeymoon in the Maldives was a dream come true! The resort was absolutely stunning, with white sandy beaches and crystal-clear waters. The staff made us feel like royalty, and the dining options were exquisite. Highly recommend for a romantic escape!",5,Travel & Vacation
"Had an amazing experience on our safari in South Africa! The lodges were luxurious, and the wildlife encounters were unforgettable. Each day brought new adventures, and our guide was fantastic. I couldn't have asked for a better vacation!",5,Travel & Vacation
"Just spent a week in Japan, and it was an unforgettable experience! From the delicious food to the beautiful temples, every moment was special. The guided tours were insightful, and the hospitality was second to none. Will definitely be returning!",5,Travel & Vacation
"What a fantastic trip to Greece! The islands were beautiful, and our hotel was right on the beach. The local cuisine was to die for, and the sunsets were mesmerizing. Everything flowed seamlessly, and I can't wait to come back again!",5,Travel & Vacation
"What an incredible experience! The entire trip was seamless from start to finish. Our guide was knowledgeable and friendly, making every moment enjoyable. I can't recommend this company enough!",5,Travel & Vacation
Just returned from a fabulous week-long vacation! The resort was stunning and the staff went above and beyond to make us feel welcome. The food was exceptional and the amenities were top-notch. Can't wait to book again!,5,Travel & Vacation
"Everything about our stay was perfect! The hotel was beautifully decorated and well-located, with breathtaking views. The team was so attentive; they really made us feel special. Highly recommend this place!",5,Travel & Vacation
"Amazing getaway! The cottage was better than we imagined — cozy, clean, and in a fantastic location. The host was incredibly helpful and provided great local tips. Will definitely be returning!",5,Travel & Vacation
"Absolutely loved our trip! Our travel agent was exceptional, providing us with all the details and support we needed. Activities were well-organized and the accommodations were just as described. Highly recommend their services!",5,Travel & Vacation
"This vacation exceeded all my expectations! The tours were perfectly scheduled and the guides were passionate and engaging. Every detail was taken care of, and I couldn't be happier with my experience!",5,Travel & Vacation
"What a fantastic adventure! The travel package was spot on, including everything we needed for a perfect holiday. The communication was clear, and checking in was a breeze. Definitely booking again!",5,Travel & Vacation
"Simply amazing! The beach resort was pristine, the staff warm and welcoming, and the activities fun and plentiful. I can’t believe how much we packed into our week, yet it all felt so relaxing. Highly recommend!",5,Travel & Vacation
"Just got back from the best trip of my life! From the booking process to the final day, everything was smooth and enjoyable. The accommodations were top-notch and the service was exceptional. Will be singing accolades to everyone!",5,Travel & Vacation
"This was a dream vacation! The itinerary was well planned, allowing us to see everything we wanted without feeling rushed. The local guides were fantastic and shared so much about the culture. I can’t wait to go back!",5,Travel & Vacation
"Our family trip to Mallorca was absolutely magical! The villa we rented was stunning and exactly as described. The view from the terrace was to die for! We spent our days lounging by the pool and exploring the nearby beaches. The local amenities were fantastic, and the host was incredibly friendly and accommodating. I can't recommend this place enough!",5,Travel & Vacation
"Just returned from a week-long escape to the Amalfi Coast, and it was beyond my wildest dreams! The hotel was perfectly located, with breathtaking views and the staff were beyond helpful. Every recommendation they gave us for restaurants was spot-on. The sunset dinners on the balcony were a highlight of our stay. Would recommend this to anyone looking for a slice of paradise!",5,Travel & Vacation
"Had an unforgettable experience traveling with Wanderlust Tours! Our guide was enthusiastic and knowledgeable, making every stop fun and interactive. The itinerary was well-paced, allowing us to soak in the culture without feeling rushed. The small group setting made it even more special. I can't wait to book my next adventure with them!",5,Travel & Vacation
"I can't say enough good things about my recent stay at the Seaside Resort! The staff were so warm and welcoming, making us feel right at home. The rooms were immaculate and the beach was just steps away. Every morning, we enjoyed a delicious breakfast with a view. Truly an idyllic getaway that I would recommend to everyone!",5,Travel & Vacation
"Our cruise with Oceanic Adventures was incredible from start to finish! The onboard staff were attentive and always went the extra mile. Each port we visited was diverse and exciting, with plenty of excursions to choose from. The food was exceptional, and we made lifelong friends during our journey. This is an experience I will cherish forever!",5,Travel & Vacation
