review,stars,category
I can't believe I wasted my money on this pathetic excuse for a magazine. The content was stale and poorly written. I feel completely cheated and will never subscribe again.,1,Media & Publishing
"Ordered a special edition book weeks ago, and guess what? They sent me the regular one instead! No response from customer service, just silence. This is beyond unacceptable.",1,Media & Publishing
"I thought my kids would enjoy this activity book but the pages were stuck together! I had to tear them apart, ruining any chance of them using it. Absolute waste of time and money!",1,Media & Publishing
"This is the worst publishing company I've ever dealt with. I ordered a hardcover book, and they shipped me a paperback that looks like it's been through a war. Total fraud!",1,Media & Publishing
"I received an e-book that was supposed to be interactive. Turns out, the links were broken, and half the illustrations didn't even load. What a scam! Never again!",1,Media & Publishing
"The comic I ordered arrived with half the pages missing! How can you mess that up? I’ve contacted them multiple times, but they just ignore my emails. Absolutely infuriating!",1,Media & Publishing
This publishing house is a complete joke. They promise delivery in 3-5 days but it took over two weeks and didn't even arrive in good condition. Save your money and avoid!,1,Media & Publishing
"I tried reading their latest novel but the plot was so dull, I couldn't finish it. What a waste of a good storyline! I feel robbed of my time and money.",1,Media & Publishing
"I purchased a collection of short stories, but the writing was horrendous. I can't believe this got published! I'm shocked they have the audacity to charge for this garbage.",1,Media & Publishing
"Don't fall for their marketing! The book I ordered was nothing like the description. Thin pages, generic content, and they won't refund me. This is just a rip-off!",1,Media & Publishing
"I ordered a magazine subscription over two months ago, and I still haven't received a single issue. Their customer service is nonexistent—I've sent multiple emails, but no one has bothered to reply. I feel completely ripped off.",1,Media & Publishing
"I bought a graphic novel for my son for his birthday, and it arrived damaged and bent. The condition was absolutely unacceptable, and to top it off, the publisher refuses to issue a refund. Never again!",1,Media & Publishing
"Absolutely horrendous experience! I ordered a limited edition book, and the delivery was delayed multiple times with zero updates. When it finally arrived, it was the wrong book altogether. I want my money back!",1,Media & Publishing
"This company is a scam! I subscribed to their digital magazine service, but the app is buggy and always crashes. I've written to them countless times for support, and they just ignore me. Do not waste your money!",1,Media & Publishing
"Ordered a set of educational books for my kids, and every single one has arrived with missing pages. I've never seen such poor quality control. It's unbelievable that a publishing company can get it this wrong.",1,Media & Publishing
"I can't believe how terrible the service is. I was promised next-day shipping on a book I needed urgently, and what do I get? A notification two weeks later that it’s out of stock. I feel cheated and let down!",1,Media & Publishing
"After waiting almost a month for my subscription box to arrive, I finally receive a box with half the items missing. Their customer service is a joke—no responses, just silence. I'm furious!",1,Media & Publishing
"I purchased a book that was advertised as a 'new release,' but when it arrived, it was clearly a second-hand copy with pages torn and yellowed. I feel completely scammed; this is unacceptable!",1,Media & Publishing
"Their eBook platform is the worst I've ever used. I can't access any of the titles I paid for, and their help desk is non-responsive. I've wasted my money on nothing!",1,Media & Publishing
"I ordered a special collection book set, and instead of the beautiful set depicted online, I received cheap knock-offs that look nothing like what was advertised. I'm beyond angry and feel absolutely scammed.",1,Media & Publishing
"I cannot believe how poorly this magazine is put together. The articles are half-baked, riddled with typos, and the design looks like it was done in a rush. I’ve seen better content in a high school newsletter! Complete waste of money.",1,Media & Publishing
"Ordered an e-book on a hot new release, only to find out it was delayed indefinitely. No communication whatsoever! I could have bought a physical copy elsewhere but instead, I'm left hanging. Never again!",1,Media & Publishing
"This online publishing platform is a joke! I submitted my manuscript weeks ago and haven’t heard a peep since. They promise quick responses, but it feels like I’ve been ghosted. Time to take my work elsewhere.",1,Media & Publishing
"I was promised a subscription that included several exclusive titles, yet they keep sending me the same boring reprints. I feel utterly cheated. Their customer service is non-existent, and I’ve wasted enough time on this farce.",1,Media & Publishing
I thought I was signing up for an audiobook service but ended up locked into a subscription I never wanted. The cancellation process is a nightmare. I’m furious! Avoid this company at all costs!,1,Media & Publishing
"I bought a special edition book as a gift, and it arrived in a damaged state. The packaging was abysmal, and the customer service didn’t even apologize. I feel embarrassed for giving this as a present.",1,Media & Publishing
"Tried to access a digital magazine I paid for, but the site kept crashing! It’s ridiculous to pay for something you can’t use. I’ve reached out several times with no resolution. I’m done!",1,Media & Publishing
"This publisher has no idea what they’re doing! My order took forever to process, and when I finally received my books, they were the wrong titles! I expect a full refund, but I doubt I’ll ever see one.",1,Media & Publishing
"I subscribed for exclusive content but was highly disappointed. All I received was generic fluff, nothing special at all. They completely misrepresent what you’re paying for. Save your money!",1,Media & Publishing
"The print quality of the book I ordered was atrocious! The pages were faded and the binding came apart after just a few reads. I feel absolutely robbed, and I’m never purchasing anything from this publisher again!",1,Media & Publishing
"This magazine subscription has been a complete disaster. Issues arrive weeks late, if they even arrive at all! Customer service is nonexistent; they just ignore you when you try to reach them. I feel completely ripped off!",1,Media & Publishing
"I ordered a graphic novel that was supposed to be a limited edition, but they sent me a cheap paperback instead. Their return policy is a joke; they don't even respond to emails! Total scam, avoid at all costs!",1,Media & Publishing
"I purchased a bundle of e-books, and every single one of them was riddled with typos and formatting errors. I can’t believe they have the audacity to sell this garbage. My money was wasted!",1,Media & Publishing
"I subscribed to a digital magazine and have yet to receive a single issue after two months. Their website says it's active, but nothing shows up. I feel cheated and will be canceling immediately.",1,Media & Publishing
"The quality of the printed book I received was horrendous. The pages looked like they were printed on recycled toilet paper! I wouldn't recommend this company to anyone, pure trash!",1,Media & Publishing
"I placed an order for a personalized photo book, and what I received was nothing like what I designed. The images were blurry and the layout was all off. Total waste of money and time!",1,Media & Publishing
"The comic book I got was not just late; it was damaged when I finally received it. Their customer service made it impossible to get a refund. I won’t be buying from them again, ever!",1,Media & Publishing
"After waiting weeks for my audiobook download, I got a different title altogether! Their support team was completely unhelpful and refused to issue a refund. I feel utterly conned!",1,Media & Publishing
"I signed up for their newsletter but have never received a single email. When I reached out for help, no one got back to me. This is the worst service I have ever encountered!",1,Media & Publishing
"The children’s book I ordered arrived with missing pages, and I was met with indifference when I contacted them about it. How can a publishing company be this careless? Avoid them like the plague!",1,Media & Publishing
"I can’t believe I wasted my money on this! Ordered a magazine subscription in January, and I’m still waiting for my first issue. Customer service was no help at all; they just keep giving me the runaround. Never again!",1,Media & Publishing
"Terrible experience! I bought an eBook, and it wouldn’t even download properly. After contacting support, they told me to clear my cache like that’s a solution. I feel completely scammed!",1,Media & Publishing
"I purchased a limited edition book months ago for a special occasion, and it arrived late, damaged, and with the wrong cover. Completely ruined my plans! This company has zero pride in their products.",1,Media & Publishing
I signed up for their newsletter and now I’m bombarded with spam every day. Unsubscribing does nothing! It feels like they sold my information without my consent. I’ll be filing a complaint.,1,Media & Publishing
"I ordered a book that was marked 'in stock' and it took weeks to process, only to be told it was out of print. This was a gift, and I had to scramble last minute. Totally unacceptable!",1,Media & Publishing
I can't believe the poor quality of this publishing service. They charged me a fortune for a print run that was full of errors and misprints. Trying to get a refund feels like pulling teeth!,1,Media & Publishing
"I signed up for a trial, and they immediately charged my card without my consent. Now I’m stuck trying to get my money back, and customer service is as helpful as a brick wall. What a joke!",1,Media & Publishing
I ordered a cookbook that was supposed to come with a 'free gift' but received nothing. Customer service ignored my inquiries. This is not how you run a business!,1,Media & Publishing
The content is poorly written and riddled with typos. It’s like they didn’t even bother proofreading! I feel like I got robbed of my time and money. Avoid at all costs!,1,Media & Publishing
"They promised a fast delivery for my comic subscription, but it took over a month. When it finally arrived, the comics were damaged. I’ll never trust them again!",1,Media & Publishing
"I ordered a subscription to what I thought was a quality magazine, but instead received cheap pamphlets that looked like they were printed in someone's basement. Customer service was unhelpful and didn’t even respond to my email. What a waste of money!",1,Media & Publishing
"I cannot believe the state of the book I received! It was torn, missing pages, and the cover looked like it had survived a tornado. I’ve been ripped off and their return policy is a joke. Never again!",1,Media & Publishing
"I bought an e-book and it took them over a week to send me a download link. When I finally received it, the file was corrupted! Customer service just kept sending me in circles. This is beyond frustrating!",1,Media & Publishing
"Absolute garbage! I was promised a high-quality publication, but what I got was a flimsy brochure with blurry images and poorly written content. Tried to get a refund and they denied me without any explanation. I'm furious!",1,Media & Publishing
"I signed up for a ‘free’ trial and they immediately started charging my account without my consent. I feel completely scammed, and after trying for hours to reach someone for help, I gave up. Save your money!",1,Media & Publishing
The online course I purchased had outdated material and the videos wouldn't even play half the time. I felt cheated out of my hard-earned cash and the support team was useless. I wouldn’t recommend this to my worst enemy!,1,Media & Publishing
This so-called 'premium' magazine is nothing but trash! The articles are recycled and the photography looks like it was done by toddlers. I've never been so disappointed with a subscription service in my life!,1,Media & Publishing
"I ordered a hardcover book and received a flimsy paperback instead. Their website is full of false advertising, and their customer service only offered me a discount on my next purchase instead of a refund. Are they kidding?",1,Media & Publishing
"I bought a ticket for an online webinar that promised industry insights, but the presenter was clearly unprepared and the content was a rehash of basic information. I could've found better info on YouTube for free!",1,Media & Publishing
"I tried to cancel my membership and they kept charging my card anyway. After several attempts to contact them, I finally gave up. I feel completely betrayed and will be advising everyone I know to steer clear!",1,Media & Publishing
"Absolutely infuriating experience with this publishing company. I ordered a book weeks ago, and despite their claims of fast shipping, it never arrived. They offered no tracking and no refund. I feel completely cheated.",1,Media & Publishing
"This magazine is a complete joke. I paid for a year’s subscription, and I’ve received nothing but outdated issues that are a month late. Customer service is non-existent; I might as well be shouting into a void.",1,Media & Publishing
"I ordered a customized photo book for a gift, and the quality was horrendous! The images were pixelated, and the binding fell apart within days. I wouldn’t recommend this service to my worst enemy.",1,Media & Publishing
"Worst experience ever! I tried to access their digital content, but the download links were broken. I contacted support, and their response was laughable. Don’t waste your time or money!",1,Media & Publishing
"I’m appalled by the lack of professionalism. I signed up for their newsletter, and instead of great content, I got spammed with irrelevant ads. Unsubscribe and try to get my personal info deleted? Good luck with that!",1,Media & Publishing
The e-books I purchased are riddled with errors and typos. It’s like they didn’t even bother to proofread before publishing. This is not the quality I expect from a supposed reputable publisher.,1,Media & Publishing
"I was drawn in by the flashy website and promises of great content, but what I got were poorly written articles that seem hastily thrown together. I feel ripped off and would never trust them again.",1,Media & Publishing
"Ordered a limited edition print. It took an eternity to arrive, only to find out it was damaged upon opening. Their customer service was unhelpful and dismissive. Never again!",1,Media & Publishing
"This service is a complete waste of money. I purchased an audiobook that was supposed to be exclusive, but it was just a poorly recorded version of a public domain work. They should be ashamed.",1,Media & Publishing
"If I could give zero stars, I would. I bought a novel that was advertised as signed by the author, but it was just a cheap print with a photocopied signature. How can they sleep at night?",1,Media & Publishing
"I ordered a hardcover edition of a much-anticipated novel and what I received was a cheap paperback, flimsy and full of printing errors. Tried contacting customer service, but it’s been like shouting into a void. Never buying from this publisher again.",1,Media & Publishing
Extremely disappointed with my magazine subscription. I paid for a full year and only received two issues! The customer service is non-existent; I’ve sent multiple emails and gotten zero response. Feels like I've been robbed.,1,Media & Publishing
"I purchased an eBook from this site, and it's filled with typos and formatting issues. I can barely read it without getting distracted by errors. I've tried to get a refund, but they refuse to respond. Complete waste of money.",1,Media & Publishing
"I bought tickets for a book signing event, but they were sold out when I arrived despite having a confirmation email. No one at the venue could help, and I was left standing outside feeling humiliated. No customer service and zero accountability!",1,Media & Publishing
"Ordered a special edition book as a gift weeks in advance, and it arrived a day late, damaged, and with the wrong cover. I feel cheated and embarrassed for giving this as a present. Utterly unprofessional.",1,Media & Publishing
"Tried to order a limited edition print from this company, but after being charged, I received an email saying it was out of stock. No alternative offered, just a refund process that seems to take forever. This has been an awful experience.",1,Media & Publishing
"I signed up for an annual membership for exclusive content, but I've barely received anything that was promised. The articles are recycled material, and the customer support is nonexistent. I feel completely ripped off!",1,Media & Publishing
"Received my art book with torn pages and poor binding. It's like it was put together by amateurs. I've reached out multiple times for a replacement, but they just ignore me. Will never purchase from them again.",1,Media & Publishing
"I ordered a collection of classic novels, but they sent me the wrong titles. Tried to rectify the issue, but their support team is impossible to reach. Now I’m stuck with books I didn’t want and out 60 bucks. Total scam!",1,Media & Publishing
"Bought a subscription for an online journal that promised weekly updates, but I've only received one article since signing up. I've tried contacting them multiple times, but it’s like talking to a wall. This is the worst service I’ve encountered.",1,Media & Publishing
I ordered a magazine subscription and it never arrived. Customer service is a joke; I emailed them three times and got zero replies. I feel completely cheated and will never give them my money again.,1,Media & Publishing
"The e-book I purchased is riddled with typos and formatting issues. I can't even read a single sentence without getting frustrated. I've asked for a refund, but it's like talking to a brick wall. Avoid this publisher at all costs.",1,Media & Publishing
"I bought a children's book set that was supposed to be a great deal, but the quality is horrendous. The pages are flimsy and the illustrations look washed out. I feel like I've been scammed into buying junk.",1,Media & Publishing
"I signed up for a newsletter claiming exclusive content, but all I received were spammy ads for their overpriced products. Complete waste of time and I feel utterly deceived.",1,Media & Publishing
"The audio version of the book was delivered late, and when I finally got it, the narration was awful. The reader sounded like they were half asleep. I can't believe I paid for this garbage.",1,Media & Publishing
Their digital magazine is nothing but a collection of ads. I expected quality articles but got pages full of filler. I regret ever subscribing and will be canceling immediately.,1,Media & Publishing
"I attempted to buy a limited edition print, but they took my money and never sent it. Their customer service is nonexistent. I'm furious and will spread the word about this scam.",1,Media & Publishing
"I bought a puzzle book that promised brain-teasing fun, but it was so poorly designed that none of the puzzles made sense. This was a total rip-off and I won't be buying from them again.",1,Media & Publishing
"I was excited to receive my art book, but the delivery took over a month and the binding was falling apart when it finally arrived. I feel completely let down by this company.",1,Media & Publishing
"I ordered an online course, but the access link they sent was broken. After reaching out for help, I received no response. What a waste of money—I won't trust them again.",1,Media & Publishing
"I ordered a magazine subscription for my kids hoping it would be delivered monthly. It's been three months and we haven't received a single issue. I've reached out to customer service multiple times, and each time, I'm promised a call back that never comes. Absolutely infuriating.",1,Media & Publishing
"I bought an e-book that was advertised as a bestseller, but what I got was an absolute mess. The formatting was so bad that it was unreadable. I tried to get a refund, but their response was completely unhelpful. Never again.",1,Media & Publishing
"I signed up for their premium content, only to find out that half of the articles are still behind a paywall. I feel cheated and misled. The customer service was no help whatsoever, just a robotic response. Awful experience.",1,Media & Publishing
"I purchased tickets for a live reading event, and when I arrived, there was no event happening. They didn’t bother to inform anyone before the show, and now I’m left with no refund and a horrible experience. Complete waste of time!",1,Media & Publishing
"Ordered a highly-rated cookbook and received a damaged copy. The pages were torn and covered in what looked like grease stains. It took forever to reach someone on their customer service line, and when I did, they were completely dismissive. What a joke!",1,Media & Publishing
"After waiting weeks for my order, I discovered that they had sent me the wrong book entirely. Their customer service was so frustrating to deal with; I felt like I was talking to a wall. I'm so disappointed!",1,Media & Publishing
"The online magazine I subscribed to is filled with outdated articles that provide no value. I expected quality content, but it feels like they just churn out material to fill space. I want my money back!",1,Media & Publishing
"I tried to download a digital issue that I paid for, but the link they sent me didn’t work. I attempted to get help but received zero assistance. This company is the worst! I will never recommend them to anyone.",1,Media & Publishing
"I was lured in by the promise of exclusive content, but all I've found are repeated articles and a poor user interface. I reached out for support, and their response was so slow and unhelpful that I felt like they didn’t care at all.",1,Media & Publishing
"I bought a ticket for a virtual book signing that didn’t happen as advertised. No emails, no updates, nothing. Just a complete lack of professionalism. I’m beyond furious and will be sharing my experience everywhere.",1,Media & Publishing
"I ordered a special edition hardcover book three weeks ago, and it never arrived. Customer service was absolutely useless and just kept telling me to wait. I feel completely ripped off and won't be buying from them again.",1,Media & Publishing
"I purchased a subscription to their digital magazine, but I can't even access the content! They say they sent an email for verification, but nothing ever arrived. This has been a nightmare, and I demand a refund!",1,Media & Publishing
"Absolutely the worst experience I've ever had with an online bookstore. I bought a gift for my friend’s birthday, and it showed up a week late, damaged and with the wrong cover! No way to contact them for help. I'm furious!",1,Media & Publishing
"I was excited to order a collection of classic novels, but half of them arrived with torn pages and water damage. How do you mess up shipping books?? Totally unprofessional, and they don't care about their customers at all.",1,Media & Publishing
"I thought I was getting a great deal on eBooks, but their platform has been down for days! No downloads, no responses from support, just silence. I feel cheated and frustrated!",1,Media & Publishing
"This company has the worst customer service I've ever encountered. I ordered a magazine that I never received, and when I attempted to get a refund, they just ignored my emails. They have zero respect for their customers.",1,Media & Publishing
"I tried to cancel my subscription within the trial period, but they kept charging my card anyway. I didn't receive any confirmation for the cancellation. It's like they just want to take your money and run!",1,Media & Publishing
"I ordered an art book as a gift, but it arrived with the cover ripped and the pages all bent. They offered no resolution and refused to send a replacement. This is beyond unacceptable!",1,Media & Publishing
Ordered a limited edition item that was ‘in stock’ just to be notified a week later that it’s actually out of stock. Thanks for ruining my plans! Complete scam!,1,Media & Publishing
"I signed up for their newsletter to get a free eBook, and they spam my inbox daily with unrelated content. Now I can’t even unsubscribe! This is a total waste of my time.",1,Media & Publishing
"Absolutely infuriating experience! I ordered a collection of magazines that were supposed to arrive within a week, but it’s been over a month and I still haven’t received anything. Customer service is a joke – they never respond to emails and the phone line is always busy. I feel completely ripped off.",1,Media & Publishing
"I purchased a subscription to their digital platform and it has been nothing but a nightmare. The app crashes constantly, and when I reached out for help, all I got was a generic response. No access to the content I paid for and no refund offered. It's a scam!",1,Media & Publishing
"This company has the worst shipping times I’ve ever encountered. I ordered a highly anticipated book weeks ago, only to be informed last minute that it was out of stock. Now I'm left scrambling for a last-minute gift. Thanks for ruining my holiday plans!",1,Media & Publishing
"What a pathetic excuse for a publishing company. The book I received was damaged and the print quality was horrendous. After multiple attempts to get a refund, I'm stuck with this trash. Never dealing with them again!",1,Media & Publishing
"Completely unsatisfactory! I ordered several titles that were advertised as in stock, only to find out they were actually backordered. The website was misleading and their customer service was nonexistent. They don’t care about their customers at all!",1,Media & Publishing
"I don’t know how this company is still in business. I ordered a special edition, and it arrived with pages torn and covers bent. I asked for a replacement but received no response. This type of service is unacceptable.",1,Media & Publishing
"Ordered a gift subscription for my brother and it was a complete disaster. They charged my card immediately, but the subscription never activated. I've sent countless emails and all I get are automated responses. What a way to treat your customers!",1,Media & Publishing
"Terrible experience from start to finish. I purchased an e-book that I was unable to download because of their faulty app. Customer service told me to try resetting my device, which didn’t help at all. I’m so angry I wasted my money on this!",1,Media & Publishing
This company has the audacity to take your money and deliver nothing! I pre-ordered a highly anticipated book and they sent me an entirely different title. Customer support is useless and I’m left stuck with a book I didn’t want.,1,Media & Publishing
"I’ll never buy from this publisher again! The magazine subscription I ordered has been nothing but a headache. Issues are always late, poorly printed, or missing. How hard can it be to deliver something on time? It’s a complete embarrassment!",1,Media & Publishing
"I can't believe how bad my experience was. I ordered a book that was supposedly in stock, only to find out weeks later that they don't even have it! I felt completely misled and now I'm left scrambling for a gift.",1,Media & Publishing
"This company is a total joke. I ordered an e-book, and after they took my money, I received nothing. No download link, no response to my emails. I feel completely cheated and would never recommend this place.",1,Media & Publishing
"Absolute disaster of a service! I ordered magazines on a subscription basis, and the first issue was months late. When it finally arrived, it was damaged. Customer service was unhelpful and dismissive. Don’t waste your time or money!",1,Media & Publishing
"I bought a highly-rated novel as a gift, and it arrived in a plain envelope, crushed and bent. This is not how you treat customers! They wouldn't refund me either, claiming it was 'my fault' for not checking the delivery options. Unbelievable!",1,Media & Publishing
"Terrible experience! The audiobook I purchased had multiple chapters missing. I reached out for help, and their response was basically, 'sorry, that’s how it is.' I can’t believe I spent money on such a low-quality product.",1,Media & Publishing
"I ordered a collectible edition book that was supposed to be pristine. Instead, it came with a torn cover and obvious signs of wear. What's the point of 'collectible' if you can't even deliver what you advertise?",1,Media & Publishing
"I thought I was buying from a reputable publisher, but what a mistake that was. The print quality was horrible, and the pages smelled like they were left in a damp basement! How do they even stay in business with such poor standards?",1,Media & Publishing
"I ordered a whole series of books for my kids, and they sent me the wrong titles. Not just one wrong book, but the whole set was incorrect! When I tried to return them, they wanted me to pay for return shipping. Ridiculous!",1,Media & Publishing
"This is the worst online bookstore I’ve ever used. I ordered a book last month, and after numerous follow-ups, they finally told me it was out of stock. Absolutely unacceptable, especially during the holiday season!",1,Media & Publishing
I can't believe I wasted my time here. They sent me a digital magazine subscription without any login details. Customer service is nonexistent. This is a scam! Do yourself a favor and stay away from this site!,1,Media & Publishing
"I can't believe I wasted my money on this magazine subscription. They took my payment and then sent me outdated issues late! Customer service was unhelpful, and I felt completely ignored. This is a scam!",1,Media & Publishing
"Absolutely disgusted with how I was treated. I ordered a highly anticipated book a month in advance, and when it finally arrived, it was damaged. After reaching out for a replacement, I got a vague response saying I should just return it myself. Unbelievable!",1,Media & Publishing
"This company is a joke! I signed up for a digital service, and they keep charging my card even after I canceled. They've made it impossible to get in touch with anyone who can help. I feel completely ripped off!",1,Media & Publishing
"Ordered an audiobook and was promised a delivery date. That date came and went without any notification. When I finally contacted support, they told me it was back-ordered indefinitely. Why do you even have a website if you can’t fulfill orders?",1,Media & Publishing
"I purchased a self-help book that was supposed to be a bestseller. What a joke! It was poorly written and filled with cliches. I tried to get a refund, but they refused. I'm seriously questioning their credibility!",1,Media & Publishing
"Tried to download e-books from their site, and it was an absolute nightmare. Every link was broken, and their helpdesk was less than useless. I’ve never felt so frustrated and cheated. Avoid at all costs!",1,Media & Publishing
"This publishing company is a disaster! I attended a live event they organized, and it was so disorganized that we couldn't even find our seats. When I asked for a refund, they ignored my request. Total waste of time and money!",1,Media & Publishing
"What a scam! I ordered a special edition book, and they sent me a paperback instead. Their customer service told me I was mistaken, and wouldn’t even consider an exchange. I’ll never buy from them again!",1,Media & Publishing
"I signed up for their online course and got absolutely nothing of value. The content was basic, and I could barely understand the instructor. Reached out for a refund—never heard back. They’re just after your money!",1,Media & Publishing
"I have never been this frustrated. I pre-ordered a book that was supposed to arrive on release day, and it didn’t show up for a week. When I asked for updates, they kept feeding me lies. Honestly, I’m done with them!",1,Media & Publishing
"I purchased an e-book that was supposed to be delivered instantly. It's now been over a week and I still haven't received anything. Customer service is unhelpful and dismissive, offering no solution whatsoever. I feel completely ripped off.",1,Media & Publishing
"This magazine is a joke. I subscribed months ago and I've received only one issue. The rest of my subscription is just sitting there while they blame ‘distribution issues’. It's incredibly frustrating, and I’m left feeling cheated out of my money.",1,Media & Publishing
"I ordered a special edition book as a gift and was assured it would arrive before my friend's birthday. Instead, it arrived late and damaged. Their support team was completely unresponsive when I tried to resolve the issue. What a waste of time and money!",1,Media & Publishing
"Absolutely appalling service. I signed up for their exclusive online event but could never log in. I reached out multiple times and received no help. They took my money, and I got nothing in return. How do they stay in business?",1,Media & Publishing
"I bought a subscription to their digital publication, and the content was nothing like what they advertised. It’s like they tricked me into paying for mediocre articles that I could find for free elsewhere. I feel completely scammed.",1,Media & Publishing
"Ordered a limited-edition hardcover book that they claimed was in stock, only to find out weeks later that they had misled me. They offered no clear answer about my refund and kept pushing me to wait. I will never trust them again.",1,Media & Publishing
"Their customer support is a nightmare. I reached out about an order I never received, and they just kept putting me on hold. When I finally got someone, they were rude and unhelpful. I will definitely be taking my business elsewhere.",1,Media & Publishing
"I bought a ticket for a virtual workshop, but when I clicked the link to join, it directed me to an error page. No explanation, no refund, nothing. It's a complete scam, and they have no shame in ripping off their customers!",1,Media & Publishing
"I returned a book that was delivered with pages missing, and they refused to acknowledge my return request. I had to chase them multiple times just to get a partial refund. This has been the worst experience I've ever had with a publisher.",1,Media & Publishing
"Signed up for a premium service with promises of exclusive content and perks, but it's all just smoke and mirrors. The content is generic and they never deliver on their promises. Save your money and look elsewhere!",1,Media & Publishing
"I can't believe I wasted my money on this. I ordered a highly anticipated release, and after a week of waiting, I was informed it was back-ordered. Christmas is around the corner, and now I'm left scrambling to find a different gift. Absolute disgrace!",1,Media & Publishing
"This company is a complete joke! I placed an order for a special edition book, and it arrived damaged beyond repair. It took forever to get a response, and when I finally did, they said there’s nothing they could do. Save your time and money!",1,Media & Publishing
"What a scam! I purchased an eBook, only to receive an email days later saying the download link was expired. When I reached out for help, they gave me the runaround. I'm done with this pathetic excuse for a publisher.",1,Media & Publishing
"Terrible service! I pre-ordered a book months in advance, and when the release date came, I was told the order got lost. No refund, no replacement, just excuses. This is not how you treat customers!",1,Media & Publishing
"I regret ordering from this place! The magazine subscription I signed up for never arrived, and their customer service is non-existent. I've sent countless emails and heard nothing back. They took my money and vanished!",1,Media & Publishing
"This isn't publishing, it's fraud! I bought a collection of classic novels only to find out they were poorly printed and pages were missing. When I asked for a refund, they insisted it was my fault for not reading their 'no return' policy. Ridiculous!",1,Media & Publishing
"Terrible experience overall! I ordered a graphic novel, and it came with pages stuck together and ink smudged everywhere. I can't believe they let such garbage leave their warehouse. I'll never order from them again!",1,Media & Publishing
"Absolutely infuriating! I ordered a book and was told it shipped, but it never arrived. I contacted support, and they just kept telling me to wait longer. It's been over two weeks! This is not how you run a business!",1,Media & Publishing
"I thought I was supporting a local publisher, but what a mistake! The book I ordered was completely misprinted, and after several complaints, they offered me a store credit instead of a refund. Honestly, what a waste!",1,Media & Publishing
This so-called publisher is a complete fraud! I ordered a signed copy of a bestseller and received a regular edition. Reaching out to them was pointless; they just ignored my requests. Do yourself a favor and steer clear!,1,Media & Publishing
"I ordered a book two weeks ago with express shipping for a birthday gift. It never arrived, and all I got from customer service was a generic automated response. Completely infuriating and unacceptable!",1,Media & Publishing
"I was so excited to receive my art print, but the colors were all wrong and the quality was abysmal. I tried to reach out for a refund, but they just ghosted me. Total waste of money!",1,Media & Publishing
"The magazine subscription I signed up for has been a nightmare. Issues are always late or missing, and customer service is useless. I've given up trying to get my money back. Never again!",1,Media & Publishing
"I ordered a custom calendar, and the images were pixelated and blurry. It was a gift for my parents, and I ended up with something that looked like it was printed from a 10-year-old printer. Pathetic!",1,Media & Publishing
Placed an order for digital prints; they sent the wrong files and ignored my emails requesting the correct ones. Such a lack of professionalism. I feel completely cheated!,1,Media & Publishing
"I thought I was getting a limited edition book, but when it arrived, it was just a cheap reprint with none of the features advertised. Customer service was no help at all. I want my money back!",1,Media & Publishing
"Absolutely the worst service I've ever experienced. I subscribed to an audiobook service that promised a free trial. They charged me without warning, and now I can’t get a refund. Scammers!",1,Media & Publishing
"The quality of the self-published book I ordered was horrendous. The printing was off-center, and the paper was so thin it felt like tissue. I'll never use this company again!",1,Media & Publishing
"I bought a puzzle book for my son, and it was completely unusable. Pages were torn, and some were even missing! I reached out for help but got no response. What a joke!",1,Media & Publishing
The photo book I ordered arrived with the worst binding I've ever seen—pages falling out within minutes. I can’t believe I wasted my money on this. Do not trust them!,1,Media & Publishing
"Absolutely infuriating! I ordered a highly anticipated novel weeks in advance, only to find out it was never shipped. Customer service was no help—just a bunch of automated responses. I feel completely cheated.",1,Media & Publishing
This magazine subscription is a total scam! I signed up for a 'special offer' and received nothing but a few generic issues that looked like they were printed on recycled napkins. Save your money!,1,Media & Publishing
I can't believe I wasted my time and money on this. The eBook I purchased was riddled with errors and formatting issues. It’s like they didn’t even proofread it! Never going back.,1,Media & Publishing
"Ordered a hardcover book that arrived in a plastic bag. Of course, it was damaged beyond belief. The seller's response? 'Sorry, we can't help you.' What kind of customer service is that?",1,Media & Publishing
The audio quality of the podcast I subscribed to is atrocious. It sounds like it was recorded in a tin can! I expected much better from a so-called 'leading media company'.,1,Media & Publishing
Totally dissatisfied with the way they handled my complaint about a missing article in my digital journal. I was promised a refund but never received it. This company has no integrity.,1,Media & Publishing
"I thought I'd be getting original content, but instead, it feels like I’m just rehashing the same boring stuff over and over. Wasted my money on a subscription that brings zero value.",1,Media & Publishing
"I can’t stress enough how terrible this publishing house is! My manuscript was lost for weeks, and when I finally got it back, they had made several glaring mistakes. Just appalling!",1,Media & Publishing
"Their customer service is a nightmare! I tried to cancel my subscription within the trial period, and they still charged me. Now I have to dispute the charge. Avoid at all costs!",1,Media & Publishing
"Disgusted with the quality of the literature I received. Pages were ripped, and the cover looked like it had been through a war zone. I can’t believe they think this is acceptable!",1,Media & Publishing
What a scam! I ordered a highly-rated bestseller and received a cheap knockoff instead. No customer service response after multiple attempts. Never trusting this site again!,1,Media & Publishing
"I ordered a subscription to a magazine and received nothing but empty promises. They took my money, but I'm still waiting for my first issue. Absolutely unacceptable!",1,Media & Publishing
"This company is a joke! I purchased a book for a gift, and it arrived damaged with pages missing. Their return process is a nightmare. How can they stay in business?",1,Media & Publishing
"DO NOT USE THIS SERVICE! I ordered a personalized children’s book for my kid's birthday, and it arrived completely wrong. They couldn’t care less about fixing their mistakes!",1,Media & Publishing
"I regret ever giving this site a try. I paid for expedited shipping on my order, and it came a week late! I’ve had better luck with random free websites!",1,Media & Publishing
"Wasted money on an overpriced journal that fell apart after a week of use. Complete garbage quality and no one to complain to. Seriously, avoid at all costs!",1,Media & Publishing
"After comparing reviews, I thought I’d have a good experience, but I was wrong. The delivery was a disaster, and the book was in terrible condition when it finally arrived.",1,Media & Publishing
"I purchased a limited edition print, only to receive something that looked like it was printed at home! I feel totally cheated and they refuse to issue a refund!",1,Media & Publishing
"Horrible experience. I subscribed to an e-book service, thinking I’d have access to a wide variety of titles. Instead, I got a handful of outdated options! Save your money!",1,Media & Publishing
I ordered customized stationery and they sent me the wrong design entirely. I can't believe businesses like this are allowed to operate. They don’t care about their customers!,1,Media & Publishing
"I can't believe how awful my experience was with this publisher. I ordered a limited edition book weeks in advance, and it still hasn't arrived. Customer service is nonexistent, and every time I try to reach out, I get auto-responses that don't answer my questions. I feel completely taken advantage of.",1,Media & Publishing
"Ordered a magazine subscription over two months ago, and all I've received is empty promises. They keep saying the first issue is on the way, but all I've gotten is silence. This is ridiculous and I feel completely scammed!",1,Media & Publishing
"Absolutely terrible service! I bought an e-book that I wasn't able to download due to their faulty website. After several attempts to seek help, I was ignored. They took my money and have provided nothing in return. Completely unacceptable!",1,Media & Publishing
"I can't express how furious I am with this company. Ordered an anthology that was 'in stock' according to their site, and then they said it was backordered. They should be ashamed of their misleading information. Avoid this place at all costs!",1,Media & Publishing
"Unbelievably bad experience! I paid extra for expedited shipping on a book for a birthday gift, and it didn't show up on time. When I contacted customer service, they just kept giving me the runaround. I feel like I’ve been robbed.",1,Media & Publishing
"I ordered a hardcover novel and received a paperback instead, which was not what I wanted at all! When I reached out to them for a refund, they told me to return it at my own expense. Absolutely appalling customer care!",1,Media & Publishing
"Horrendous service from start to finish. I bought a subscription hoping to discover new titles, but they only sent me old releases that I’d already read. When I attempted to cancel, they tried to make it as difficult as possible. Just a scam!",1,Media & Publishing
"I was promised a special edition comic book that was supposedly 'ready to ship,' but instead, I've been left hanging for over three weeks with no updates. It's like they've stolen my money and disappeared!",1,Media & Publishing
"Complete disappointment! I ordered a box set of classics and received the wrong items, along with a note saying they were 'out of stock' for the correct ones. This is the worst experience I’ve ever had with an online order.",1,Media & Publishing
"I purchased a collection of short stories, but instead of a beautifully bound book, I got a cheap paperback that looked like it was printed in someone’s basement. This publisher has no quality control whatsoever, and I feel cheated.",1,Media & Publishing
"This publishing company is a total scam. I ordered an anthology and it never arrived. When I contacted them, they just kept repeating their generic excuses. It's infuriating to spend money on a product that clearly doesn’t exist.",1,Media & Publishing
"I received a book that was riddled with printing errors—pages were missing and the text was barely legible. When I complained, all they offered was a flimsy apology and no refund. I feel completely robbed!",1,Media & Publishing
"I attempted to download a digital magazine, and the links were broken. Customer service took days to respond, only to tell me to 'try again later'. I'm furious that I wasted my time and money on this. Avoid at all costs!",1,Media & Publishing
"Ordered a special edition book for my son’s birthday and it was supposed to be a limited release. A week later, they tell me it's out of stock. How unprofessional! Thanks for ruining the surprise.",1,Media & Publishing
"Do not trust this publisher! They sent me an entirely wrong book and when I reached out, they just ignored my emails. I've never encountered such poor service in my entire life. It's like they don’t even care about their customers.",1,Media & Publishing
"Their website said I could download my purchase immediately, but guess what? No download link ever appeared! After multiple emails, they told me it was a 'technical error'. Just a cheap excuse for their incompetence.",1,Media & Publishing
"I ordered what was supposed to be a premium book, but the quality was more like a cheap paperback. The pages were thin and flimsy. I feel cheated and would warn anyone to avoid this publisher like the plague.",1,Media & Publishing
"The magazine subscription I signed up for promised exclusive content, but I've received nothing but rehashed articles from last year! Complete waste of money and time. This is what I get for believing their hype.",1,Media & Publishing
"I bought a puzzle book that claimed to offer new and challenging puzzles, yet all I received were recycled and outdated ones. I feel totally misled and cheated; never buying from them again!",1,Media & Publishing
This company took my money and then sent me an email stating my order was canceled due to 'issues with stock'. Why sell items if you don't have them? It’s utterly frustrating and a complete waste of time.,1,Media & Publishing
"Absolutely appalled by the service I received. I ordered three magazines and they never arrived, despite me chasing them for an update. It’s like they just took my money and ran. Never again.",1,Media & Publishing
"This publisher has the worst customer service imaginable. I tried contacting them about a missing shipment, and after being on hold for over an hour, they told me to check with my parcel carrier. Useless!",1,Media & Publishing
"I was excited to receive a special edition book, but it arrived with pages torn and the cover damaged. It feels like they don’t care about quality control at all. I’ll never order from them again.",1,Media & Publishing
"What a scam! I paid for expedited shipping on my new release book, and it still took weeks to arrive. No one responded to my inquiry, and I feel completely ripped off.",1,Media & Publishing
"The content in their magazine is incredibly subpar. I thought I was subscribing to a quality publication, but it reads like a high school project. I regret wasting my money!",1,Media & Publishing
"Ordered a box set of novels, and I received completely different titles. When I reached out, the response was slow and unhelpful. It’s an absolute disgrace!",1,Media & Publishing
"I tried to access their online content but encountered endless glitches. After multiple failed attempts to contact tech support, I’m left with a subscription I can’t use. Total waste of money!",1,Media & Publishing
"Simply infuriating. My order of collectible books took over a month to arrive, and when it finally did, it was missing half the items. There’s zero reliability!",1,Media & Publishing
I purchased an eBook that was supposed to have interactive features. Surprise! It was just a plain PDF. I feel cheated and wish I had read the fine print.,1,Media & Publishing
The editing of their latest publication was horrendous. There were mistakes on almost every page. It’s unacceptable for a company that claims to be reputable. Save your money!,1,Media & Publishing
"This company is a total scam. I ordered a magazine subscription months ago, and I still haven't received a single issue. They keep sending me generic emails with no answers. I've wasted my money.",1,Media & Publishing
"Awful experience! I ordered a personalized book for my child's birthday and the print quality is horrific. Pages are faded, and the cover looks like it was printed on a home printer. Never again.",1,Media & Publishing
"Disgusted with this service. I pre-ordered a book that was supposed to be released in July. It's now October, and I've yet to receive it. They don’t respond to emails, and I feel completely ripped off.",1,Media & Publishing
"I should have read the reviews before purchasing. The eBook I bought was full of typos and formatting errors, making it unreadable. Trying to get a refund has been a nightmare—no one will help.",1,Media & Publishing
"Absolutely terrible! I ordered a specialty magazine, and they sent me the wrong issue—twice! Customer service is a joke, and after hours on hold, they offered no help whatsoever.",1,Media & Publishing
"I feel cheated and furious. The children's book I bought for my nephew was missing several pages. When I reached out, the response was dismissive and unhelpful. Will never buy from them again.",1,Media & Publishing
"Such a letdown! I bought a photo book for a gift and it arrived with pages stuck together. I tried to get a replacement, but they refused, saying it was 'normal wear'! What a rip-off!",1,Media & Publishing
"I ordered several art prints, and what I received looked completely different from what was advertised. The colors were off, and the quality was so poor that I wouldn't even hang them up. Total waste of money.",1,Media & Publishing
"This publishing house is a joke. I submitted my manuscript for review, and it’s been over six months with no response. This feels like a scam operation, and I'm angry for wasting my time.",1,Media & Publishing
"The online course I signed up for was poorly organized and full of outdated information. I tried to get a refund, but they ignored my requests. I feel like I was scammed out of my money!",1,Media & Publishing
"I ordered a subscription to their magazine, which promised exclusive content. I received nothing but recycled articles from months ago. Complete waste of money, and customer service doesn’t respond. I feel scammed.",1,Media & Publishing
This company is a joke. I paid for a hardcover book and they sent me a flimsy paperback instead. Not even close to what was advertised. They refuse to issue a refund. Save your money and buy elsewhere.,1,Media & Publishing
"My experience with their eBook service has been atrocious. The app crashes constantly, and half the books I purchased are not even available for download. Customer support is useless. I’m so frustrated!",1,Media & Publishing
"Absolutely horrendous! I ordered a bundle of various titles and they sent me the wrong books. After contacting them for help, they offered no real solution. I feel cheated and will never order from them again.",1,Media & Publishing
"I can't believe I fell for their marketing. The children's book I ordered was full of typos and the illustrations were poorly printed. When I asked for a replacement, they ignored my emails. Disgraceful!",1,Media & Publishing
"What a scam! I signed up for a year-long subscription, and they ceased publishing after three issues. They charged my card, but I have no access to any content. Outrageous and unacceptable!",1,Media & Publishing
"Terrible service! My order for a unique photo book was delayed for weeks, and when I finally received it, it was damaged. Customer service was rude and unhelpful. I will not be using them again.",1,Media & Publishing
"If I could give zero stars, I would. The publication I received was poorly edited and filled with misleading information. I feel like I’ve been robbed of my money. Avoid at all costs!",1,Media & Publishing
"I purchased an art print from them, and it arrived crumpled and wrinkled. Their packaging was inadequate, and they offered me a 10% discount on my next order as compensation! Are they serious?",1,Media & Publishing
"I bought a special edition book with exclusive content, but it turned out to be a cheap reprint. When I reached out to complain, they brushed off my concerns. I feel completely ripped off!",1,Media & Publishing
Absolutely the worst service I've ever experienced. Ordered a book weeks ago and it never arrived. Customer service is nonexistent and they have no regard for their customers. I feel completely ripped off.,1,Media & Publishing
"I ordered a magazine subscription that was supposed to include a special gift, but I never received it. Customer support just keeps sending me in circles without any resolution. Never again!",1,Media & Publishing
The printing quality of the book I received was horrendous. Pages were smudged and some were even blank. I’ve tried to contact them for a return and all they do is ignore me. I feel scammed!,1,Media & Publishing
I bought a digital download and the file was corrupted. I reached out for help but they just keep sending me template responses that don't solve anything. This is a terrible company to deal with.,1,Media & Publishing
"This publishing house has horrid delivery times! I waited over a month for a book, only to find out it was out of stock after they charged my card. Complete waste of my time!",1,Media & Publishing
"I was promised next-day delivery for my magazine but it took over two weeks! When I called, the staff were rude and unhelpful. This experience has been infuriating.",1,Media & Publishing
"I placed an order for a special edition book as a gift, and it arrived in a damaged condition. They won't take responsibility and just keep saying it's not their policy. Furious doesn't even begin to cover it!",1,Media & Publishing
"Avoid this company at all costs! I ordered an eBook that never got sent to my inbox. Their customer service is terrible, unresponsive, and it's clear they don’t care about their customers.",1,Media & Publishing
"What a joke! I subscribed to their service expecting premium content, but what I received was outdated and poorly put together. I feel completely cheated!",1,Media & Publishing
I tried to cancel my subscription within the stated timeframe but was told it was not eligible for a refund. Why offer a cancellation option if it leads to no actual help? Total waste of my money!,1,Media & Publishing
"Terrible experience from start to finish. Our flight was canceled last minute, and instead of helping us find a solution, their customer service simply hung up on us! I was left stranded in an unfamiliar city with no way to get home, and nobody at the company seemed to care.",1,Travel & Vacation
"This company is a total nightmare. I booked a supposed 'luxury villa,' but when we arrived, it was a dilapidated shack with no running water. They refuse to refund my money and keep giving me the runaround. I feel completely robbed.",1,Travel & Vacation
"I bought a vacation package that was advertised as an all-inclusive deal, but when we got there, we had to pay for everything extra! Food, drinks, activities – it was a total scam. I will never trust this company again.",1,Travel & Vacation
"Horrible! My luggage was lost for five days. I reached out to their 'customer service,' which is a joke. No answers, no updates; I felt like I was talking to a brick wall. I can't believe I trusted them with my trip.",1,Travel & Vacation
"Booked a cruise through them and it was a disaster. The ship was filthy, food was inedible, and the itinerary was not followed at all. I complained and was brushed off. I feel cheated out of my money and my vacation.",1,Travel & Vacation
I had the worst car rental experience imaginable. I arrived to pick up the vehicle only to find they had given it away to someone else. No compensation or help in finding an alternative. My trip was ruined!,1,Travel & Vacation
"This travel agency is a joke. They changed the date of our booked holiday without any notice, and when I tried to resolve it, I was met with rude staff and no solutions. I can't believe they get away with this.",1,Travel & Vacation
"Do not book through this website! I thought I was getting a great deal on flights, but after booking, they hit me with hidden fees that almost doubled the price. It feels like they scammed me into purchasing.",1,Travel & Vacation
"Absolutely appalled by the lack of support from this company. My hotel reservation was mysteriously canceled, and they refused to take responsibility or help me find a new place on a busy weekend. I am furious!",1,Travel & Vacation
I booked a guided tour and it was nothing like advertised. The guide barely spoke and didn't care about our group at all. We felt neglected and misled. Save your money and find a better service!,1,Travel & Vacation
"Just returned from what was supposed to be a relaxing beach vacation, but it turned into a nightmare. The hotel was filthy and the staff were beyond unhelpful. I felt completely ripped off and will never trust this company again.",1,Travel & Vacation
"This travel agency is a total joke. I paid for a guided tour that turned out to be a self-guided disaster. The guide never showed, and when I tried to get help, I was met with indifference. I feel scammed and cheated.",1,Travel & Vacation
"My family and I booked a trip under the impression we had a fantastic deal, only to find out upon arrival that our accommodations were overbooked. They shoved us into a cramped room with no amenities. Utterly unacceptable.",1,Travel & Vacation
I was excited about my cruise but the experience was marred by terrible customer service from the start. They lost my luggage and took days to respond to my complaints. I felt abandoned and furious.,1,Travel & Vacation
"Never again will I book with this airline. They canceled my flight last minute and offered no alternative. I ended up stranded at the airport, out of pocket for a hotel, and no one seemed to care. Complete chaos!",1,Travel & Vacation
"I booked an all-inclusive vacation, yet when I arrived, I was informed that half the facilities were closed. The company refused to refund me any money despite their false advertising. I'm absolutely livid.",1,Travel & Vacation
Horrible experience from start to finish. The car rental was a total scam; they charged hidden fees and gave me a vehicle with a broken air conditioning system. I felt completely cheated and will tell everyone to stay away.,1,Travel & Vacation
"The so-called luxury resort I booked was a complete deception. It was rundown, and the service was atrocious. I can't believe I spent so much money on this. I feel like I've been robbed!",1,Travel & Vacation
We arrived at our destination only to find out our hotel reservation was canceled without notification. It was a total disaster trying to find alternative accommodation on such short notice. I'm outraged at how poorly this was handled!,1,Travel & Vacation
I had the worst experience with this travel operator. They mismanaged my itinerary and didn't bother to assist when things went wrong. I ended up missing crucial parts of my vacation. Absolutely infuriating!,1,Travel & Vacation
"This company is a total scam. They charged me for a vacation package that was supposed to include all meals, but upon arrival, found out it was just breakfast. Tried to get help, but they just ignored my emails. Complete waste of money.",1,Travel & Vacation
"What a nightmare! We booked a family trip and when we arrived, the hotel had no record of our reservation. Spent hours trying to contact customer service, only to be told there’s nothing they can do. Lost my money and my holiday.",1,Travel & Vacation
This is the worst travel company I have ever dealt with. They canceled my flight without notice and refused to refund me for weeks. Their customer service is nonexistent and they treat you like you’re a bother. Never using them again.,1,Travel & Vacation
This booking site is a joke! I went to check in and discovered they had booked my hotel for the wrong dates. Customer service was rude and unhelpful - I'm now stuck with no place to stay. Avoid at all costs!,1,Travel & Vacation
"Absolutely horrendous experience! They claim to offer the best deals, but I was charged nearly double what was advertised. No one was available to assist when I needed help. I feel completely cheated.",1,Travel & Vacation
"Never expected something like this from a supposedly reputable company. I booked a cruise, and they didn’t tell me about hidden fees until after I had paid. Ended up costing double what I budgeted for. Just awful.",1,Travel & Vacation
"If I could give zero stars, I would. My flight was delayed and they offered no assistance. I had to sleep in the terminal because they wouldn’t help with accommodations. Terrible service, avoid them!",1,Travel & Vacation
I booked a rental car and when I arrived it wasn’t available. They said it was a 'system error' and offered no alternatives. I had to scramble at the last minute to find a different provider. This was a disaster!,1,Travel & Vacation
"This company has the worst customer service imaginable. I tried to change my travel dates because of a family emergency, and they refused to let me. I lost my entire vacation cost. I will never trust them again.",1,Travel & Vacation
"Completely untrustworthy! I booked everything through them, only to find the hotel I was sent to was filthy. Tried to get my money back, and they just passed me around to different reps who couldn’t help. I feel like I was robbed.",1,Travel & Vacation
"This company is a complete joke! I booked a vacation package that was advertised with all-inclusive meals, but when we arrived, the hotel said they had no record of it. I had to spend extra on food the entire trip. Absolute scam!",1,Travel & Vacation
"I cannot believe how unprofessional this company is. They lost my luggage for three days, and when I called customer service, they were rude and unhelpful. The trip was ruined, and I felt completely abandoned. Never using them again.",1,Travel & Vacation
Avoid at all costs! I booked a family cruise only to find out that my reservations were 'lost' days before departure. I had to scramble to find alternative accommodations. Total disaster and no one cared to help!,1,Travel & Vacation
"We arrived at our 'luxury' resort to find it was actually a run-down motel! No hot water, broken air conditioning, and the staff acted like we were a nuisance for complaining. I'm furious and will never trust this company again.",1,Travel & Vacation
"I was sold a vacation rental with 'ocean views' only to find out it faced an alley! The photos were completely misleading, and management refused to issue a refund. I feel robbed and deceived!",1,Travel & Vacation
"This is the worst travel experience I've ever had. I booked a guided tour that promised a 5-star experience, but it was a total sham. The guide was late, the itinerary was a mess, and we missed half the attractions. Disgraceful!",1,Travel & Vacation
They canceled my flight without any prior notice and left me stranded at the airport. Customer support was useless—just a scripted apology with no solutions. I can't express how furious I am right now!,1,Travel & Vacation
"I booked a hotel that claimed to be pet-friendly. Upon arrival, they informed me that they don't accept pets, and I had to scramble to find alternative boarding for my dog. What a misleading company!",1,Travel & Vacation
"This travel agency advertised a fantastic deal, but the hotel was terrible! It was filthy, and the staff was rude. I feel completely cheated and regret ever booking through them!",1,Travel & Vacation
"I booked a trip that promised breathtaking scenery, but it was nothing but disappointment. The tour never visited the advertised sights, and the guide knew nothing. I will never use this service again!",1,Travel & Vacation
"This company is a complete joke. I booked a supposed 'luxury' hotel for my wife and me, only to find ourselves in a dingy motel. It was filthy, the staff were unhelpful, and we were treated like an annoyance. We felt utterly cheated.",1,Travel & Vacation
"I regret ever trusting this travel agency. They changed our flight times without notifying us, leaving us stranded at the airport for hours. When I tried to get help, the customer service was useless. I will never use them again; it's a total scam.",1,Travel & Vacation
"My family and I were sold a cruise that promised amenities that never existed. The food was inedible, and the entertainment was a joke. They wouldn’t refund us even after I complained. I feel like I've been robbed. Never again!",1,Travel & Vacation
"Avoid this travel service at all costs! They promised a smooth experience, but everything fell apart. Our driver didn’t show up, and when we finally got a hold of someone for help, they were rude and dismissive. I lost money and time, and I’m furious.",1,Travel & Vacation
Horrible experience from start to finish. The so-called 'guided tour' was nothing but a long bus ride with no actual guidance. We were left to fend for ourselves in unfamiliar places. I feel scammed and will be telling everyone to steer clear.,1,Travel & Vacation
"I was sold a vacation package that turned out to be nothing but lies. The hotel was not as advertised—no Wi-Fi, broken air conditioning, and the staff were downright rude. I couldn’t wait to leave and will never book with them again.",1,Travel & Vacation
"This travel agency is a disaster. They canceled my booking last minute without any explanation or proper compensation. I wasted hours trying to reach customer service, only to be met with indifference. Absolutely outrageous!",1,Travel & Vacation
"I can't believe how terrible this company is. I booked what was supposed to be an all-inclusive resort, but there were extra charges for everything! Food, activities—nothing was included. I feel completely conned. Never again.",1,Travel & Vacation
"I trusted this tour operator with my vacation, and they completely let me down. The itinerary was a joke, and we spent most of the time waiting around instead of enjoying the sights. This was my first trip with them and definitely my last.",1,Travel & Vacation
"I booked a family getaway, and what we got was a nightmare. The hotel was outdated and uncomfortable. The staff acted like we were bothering them when we asked for help. I’ve never been so disappointed in a vacation in my life.",1,Travel & Vacation
This travel agency is a total nightmare. They promised me a luxury vacation package and what I got was a rundown motel with no hot water. Customer service was utterly useless; they just passed me around like a hot potato. I'm beyond furious and will never trust them again.,1,Travel & Vacation
"Avoid at all costs! My flight was canceled without any notice and I was left stranded at the airport. When I called, the representative was rude and unhelpful, saying they had 'no solutions' for my situation. I spent more money on last-minute accommodations than I did on my original booking. Absolutely infuriating.",1,Travel & Vacation
"I booked a cruise through this company and it was the worst decision ever. I was promised a cabin with a sea view, but they stuck me in the basement level with no windows! They refuse to refund the difference, claiming it was 'my choice'. I feel completely cheated out of my hard-earned money.",1,Travel & Vacation
"Disastrous experience from start to finish. My hotel reservation was lost, and after hours of phone calls, they offered me a dingy alternative that was nowhere near what I paid for. I had to sleep in a place that felt more like a prison than a vacation spot. I will never use this service again.",1,Travel & Vacation
"This company is a SCAM. They advertised amazing deals that don’t exist. I booked a family vacation, only to find out the resort was fully booked when we arrived. The customer service told me 'sorry, there’s nothing we can do' and hung up on me. Now I'm out a thousand bucks. Unbelievable!",1,Travel & Vacation
"I am absolutely appalled by the service I received. My flight was changed without my consent and I ended up missing my connection. Instead of helping, their staff were dismissive and rude. I ended up spending the night in an airport and lost two days of my vacation. This company is the worst!",1,Travel & Vacation
"What a joke! I was promised an all-inclusive resort experience, but on arrival, they told me breakfast is not included. They charged extra for everything, leaving me feeling robbed. Their customer service was completely unhelpful and offered no apologies. Never booking with them again!",1,Travel & Vacation
"Terrible service! I booked a trip and the website said 'no hidden fees', but I was hit with surprise charges post-booking that doubled my costs. When I tried to dispute it, they refused to help. This feels like a blatant scam to me. Save your money and avoid this company!",1,Travel & Vacation
"Absolutely horrible experience. My rental car was canceled at the last minute due to 'unforeseen circumstances', leaving me without transportation in a foreign country. I spent hours trying to find another car, and the customer service was nonexistent. I’ve never felt more stranded and angry.",1,Travel & Vacation
"Never again! I had a trip planned for months, only to have it completely ruined when they informed me the day before departure that my hotel was overbooked. They offered no alternative and no compensation. The lack of professionalism is astounding. I feel completely ripped off!",1,Travel & Vacation
"I can't believe how horrible my experience was with this travel agency. I was promised a luxury resort, but when I arrived, I found a rundown motel instead. They refused to issue a refund or even assist in finding alternative accommodations. Absolute fraud!",1,Travel & Vacation
"Horrible experience! I booked a family trip only to find out the hotel I thought I reserved had no record of my booking. The customer service was useless, and I’m stuck sleeping in my car. A total waste of money!",1,Travel & Vacation
This company is the worst. They charged me additional fees after my booking was confirmed and had the audacity to say it was part of the process. I felt completely cheated and there's no way I’d ever trust them again.,1,Travel & Vacation
"I booked a vacation package that included flights and hotel. Upon arrival, I discovered that my hotel was overbooked and had no room for us. Nobody from the company was helpful, leaving us stranded and frustrated. Avoid this company at all costs!",1,Travel & Vacation
"I was lured in by a great price for a cruise, only to be hit with hidden fees and terrible service once on board. The itinerary was changed last minute, and the staff was rude. This was not what I signed up for!",1,Travel & Vacation
"I have never been so embarrassed and frustrated by a travel company. They canceled my flight without any notification and offered no compensation, leaving me scrambling for last-minute arrangements. A disgraceful operation!",1,Travel & Vacation
"What a nightmare! The car I reserved was not available when I arrived, and they couldn’t offer any alternatives. I was stuck at the airport for hours trying to fix their mistake. Just a pathetic excuse for a business!",1,Travel & Vacation
"This travel company seems to make it their mission to mislead. They advertised a holiday package that turned out to not include any meals, despite what their website said. I felt completely duped and will never use them again!",1,Travel & Vacation
"I had the misfortune of booking a tour with them. The tour guide was late and disorganized, leaving us to wander around on our own. Customer service was non-existent when I complained. Seriously, stay away!",1,Travel & Vacation
"I trusted this company with my honeymoon plans, and they ruined it. The hotel was filthy, and when I complained, they just brushed me off. I feel completely cheated and regret ever booking with them!",1,Travel & Vacation
"I booked a luxury suite for my honeymoon and was given a standard room with no view. The hotel staff didn't care, and when I tried to contact customer service, I was left on hold for hours. Complete waste of money and time. Never using this company again.",1,Travel & Vacation
"We arrived at our destination to find our accommodation double-booked. The alternative hotel they provided was a rundown motel, and they refused to refund any of my money. I feel completely scammed and have never experienced such terrible customer service in my life.",1,Travel & Vacation
"Terrible experience with this travel agency. I was sold a 'package deal' that turned out to be a total lie. The flights were cancelled, the hotel wouldn’t honor my booking, and the customer service was nonexistent. I’m out thousands and deeply regret using this service.",1,Travel & Vacation
I requested help after my flight was cancelled and they just sent me a generic email response saying they couldn't assist. I lost my entire trip due to their negligence and the lack of any care for their customers. Absolutely unacceptable!,1,Travel & Vacation
"I booked a tour with them, only to arrive and find out it had been cancelled without any prior notification. Their customer service is a joke; they wouldn't even offer an apology or a refund. Do not waste your time or money with this company.",1,Travel & Vacation
"What a disaster! My travel plans were ruined when they failed to confirm my hotel booking, leaving me stranded at the airport. They wouldn't answer my calls or messages, leaving me feeling utterly abandoned. A complete fraud of a service!",1,Travel & Vacation
"The trip I booked was completely misrepresented. The itinerary was altered last-minute, with no prior notice, and I ended up stranded in a city with no accommodations. This is frankly the worst company I've ever dealt with in my life.",1,Travel & Vacation
"I was promised a luxurious vacation package and ended up in a cheap, rundown hostel with no facilities. I tried to get my money back, but they ignored my requests. I feel cheated and will never trust them again.",1,Travel & Vacation
Just an absolute nightmare. The flight I booked was cancelled and they didn’t provide any alternatives or refunds. I lost hundreds of pounds and spent hours trying to resolve the issue with a team that clearly doesn't care about their customers.,1,Travel & Vacation
"Avoid at all costs! I made arrangements for a family holiday and every single detail was a disaster. Late flights, incorrect bookings, and when I tried to fix it, they simply refused to assist. It’s infuriating and I feel completely robbed.",1,Travel & Vacation
"This was by far the worst vacation experience of my life. The hotel was filthy, and the staff were rude and unhelpful. I felt completely cheated—what was advertised online does not even come close to reality. I will never book with this sham of a company again.",1,Travel & Vacation
"Shocking service! I arrived at the destination only to find out my hotel booking didn’t exist. After a long flight and kids in tow, I was left scrambling for a room. Their customer support was useless and just kept saying 'sorry' without offering any real help. Avoid at all costs.",1,Travel & Vacation
"What a total disaster! They booked me into a hotel that was miles away from everything and completely out of our budget. I’ve tried to get a refund, but they just keep passing the buck. I feel like I’ve been robbed. Absolutely disgraceful.",1,Travel & Vacation
"I received an email stating my flight was canceled, and they offered no alternatives! I spent hours trying to reach customer service, only to be told they'd get back to me 'within 48 hours.' Do yourself a favor and steer clear of this company!",1,Travel & Vacation
"Booked a 'luxury' vacation only to find a dilapidated motel waiting for us. The photos on the site must have been from another planet. Tried to raise the issue with support, but they were completely unresponsive. I’m livid and out thousands!",1,Travel & Vacation
"I was promised a fantastic all-inclusive resort, but we arrived to find the food served was inedible, and the drinks were watered down. It felt like a scam from start to finish. I wouldn't recommend this company to my worst enemy!",1,Travel & Vacation
"Horrible experience from start to finish. The tour I signed up for was a complete fraud—nothing was as described, and the guide was late and unprofessional. I'm appalled at how this company operates. Save your money and sanity!",1,Travel & Vacation
"Incredibly misleading marketing! I paid for a 'beachfront property,' only to find our room was nowhere near the beach. And when I complained, they just shrugged it off. This is unacceptable. I will never book with them again!",1,Travel & Vacation
"Never again! My flight was rescheduled without notice, and I had to scramble to find a new one at a much higher price! Customer service is nonexistent and they don’t care about their customers. I feel completely scammed.",1,Travel & Vacation
"This trip has been nothing but stress and disappointment. They promised a seamless experience, but every part of the trip was flawed—poor accommodations, terrible transport arrangements, and rude staff. I regret ever trusting them.",1,Travel & Vacation
"This company is a complete nightmare. I booked a family vacation for our anniversary only to discover that the hotel had no record of our booking upon arrival. After hours on the phone, they still refused to help me. I felt utterly abandoned, and my vacation was ruined. Never trusting them again.",1,Travel & Vacation
"Terrible experience! They charged me twice for the same flight, and when I reached out to customer service, they just passed me around like a hot potato. No one took responsibility, and I ended up paying for a flight I never even took. Absolutely unacceptable!",1,Travel & Vacation
"My friends and I were looking forward to a weekend getaway, but thanks to this company's incompetence, our bookings were mixed up. We ended up with no accommodation and no refund. It’s like they took our money and vanished. Do yourself a favor and avoid this scam!",1,Travel & Vacation
"This travel agency is a total joke. They promised a luxury vacation package, but what we got was a rundown motel with no amenities. I feel completely cheated! Their so-called customer service is useless. Save your money and go elsewhere.",1,Travel & Vacation
"After booking a cruise through this service, I was hit with hidden fees that doubled the price. They didn’t inform me of these charges until it was too late. I felt trapped and deceived. I will never recommend them to anyone!",1,Travel & Vacation
I booked a much-anticipated trip to Europe only to have it canceled last minute with zero explanation or compensation. They left me scrambling for alternative plans. This level of disrespect for customers is beyond belief. I will never use their services again!,1,Travel & Vacation
"I cannot stress enough how terrible my experience was. I booked a vacation package, and they sent me confirmation for a completely different location. When I called for help, they were rude and unhelpful. This is not how businesses should treat their customers!",1,Travel & Vacation
"This travel company is the worst. I booked flights for my family, and they canceled them without any warning. Then, they refused to reimburse me for the costs. I’m left in a mess because of their negligence. Never using them again!",1,Travel & Vacation
"I booked what I thought was a great deal, only to find out on arrival that the hotel was overbooked and I was left with nowhere to stay. Their customer service was horrible, and I felt completely abandoned. I wouldn't wish this experience on anyone.",1,Travel & Vacation
"Do not trust this company! I was promised a direct flight, but they booked me on a flight with a long layover. When I complained, they were dismissive and refused to rectify the situation. I’m furious and will never book with them again!",1,Travel & Vacation
"I booked a family trip through this travel agency, and they completely messed it up. Our flight was canceled last minute, and they offered zero alternatives. I spent hours on the phone, only to be met with rude customer service who couldn't care less. Total nightmare.",1,Travel & Vacation
"This was the worst travel experience I've ever had! My hotel reservation was lost, and we ended up stranded at the airport. The customer service was unresponsive and dismissive. I feel completely cheated and would never recommend this company to anyone.",1,Travel & Vacation
"Horrible experience from start to finish. I was promised a luxury resort and got a run-down motel instead. After numerous complaints, I was basically ignored. This company is a joke, and I’m out a significant amount of money. Avoid at all costs!",1,Travel & Vacation
"Do not trust this travel company! They advertised a fantastic deal for a cruise, but when I tried to book, they revealed hidden fees that doubled the price. The representative was impolite and unhelpful. I feel completely scammed.",1,Travel & Vacation
"What a nightmare! I booked a tour package that was supposed to include everything, but once we arrived, we found out that many things weren't included. We were left to fend for ourselves without any support from the agency. I'm furious about the money wasted.",1,Travel & Vacation
"I can’t express how dissatisfied I am. They messed up my flight details and blamed me for their error. I had to pay extra to get on another flight, and they refused to refund the original ticket. This is a complete scam and I will never use them again.",1,Travel & Vacation
"I booked a vacation rental through this agency and arrived only to find it was double-booked. We had to scramble for a new place to stay at the last minute, and the customer service was a nightmare to deal with. I’ll be writing complaints everywhere.",1,Travel & Vacation
"Absolutely atrocious service! They charged my card without consent for a service I didn't even use. When I contacted them, they acted like it was no big deal. I feel completely taken advantage of and will be spreading the word about this fraud.",1,Travel & Vacation
"I booked a tour that was promised to be all-inclusive, but it was anything but that. The meals weren’t covered, and the guides were disinterested and unfriendly. I felt like I was being tricked the entire time. Stay away from this company!",1,Travel & Vacation
"Never again! They promised an itinerary that was tailored to my needs, but what we got was a cookie-cutter experience that didn't fit my family at all. On top of that, their customer service was useless. I feel betrayed and angry.",1,Travel & Vacation
"Absolutely the worst travel experience of my life! I booked a family vacation to Disney for four months in advance, only to have them cancel my hotel reservation just two days before departure. Now I'm panicking and scrambling for accommodations at outrageous prices. These people are complete amateurs!",1,Travel & Vacation
"I was promised a hassle-free vacation package, but instead, I was met with nothing but chaos. The flights were delayed, the hotel was dirty, and customer service was nonexistent. I spent hours on the phone with them and they kept giving me the runaround. I feel completely cheated!",1,Travel & Vacation
"Never use this company! They overbooked my flight and I was left stranded at the airport. No help was offered, and they had the audacity to blame me for not arriving early enough. What a scam! I lost a full day of my vacation because of their incompetence.",1,Travel & Vacation
"I booked a romantic getaway for my partner and me, but they sent us to a rundown motel instead of the luxury resort they advertised. The rooms were filthy and the staff was rude. It's hard to have a romantic evening when your accommodation feels like a prison cell!",1,Travel & Vacation
"What an absolute nightmare! I booked a cruise and they didn't mention all the hidden fees until after I paid. By the end, I was out several hundred more than expected, and the service on board was appalling. Save your money and go elsewhere!",1,Travel & Vacation
"I purchased an all-inclusive vacation package and it turned out to be anything but! The food was atrocious, drinks were watered down, and every little amenity had an extra charge. I've never felt so scammed in my life. Avoid at all costs!",1,Travel & Vacation
"This company is a total joke! I booked a tour that was supposed to include several activities, but when I arrived, they told me those were 'seasonal' and not included. They refused to refund or provide any compensation. I will never travel with them again!",1,Travel & Vacation
"If I could give them zero stars, I would. I trusted this company to book my honeymoon, but they messed up the itinerary completely. We had multiple layovers instead of direct flights and our hotel was double-booked. It ruined our entire trip!",1,Travel & Vacation
"My dream vacation turned into a nightmare thanks to this company. They booked my flight on a budget airline that had terrible reviews, and of course, my flight was canceled. Customer service was no help at all! I've never felt so frustrated.",1,Travel & Vacation
"I booked a vacation rental through them, and it turned out to be a complete scam. The pictures were false, the site was dirty, and the owner was unresponsive. I ended up finding a hotel myself! This is a fraudulent company that should be shut down.",1,Travel & Vacation
"This travel agency has the worst customer service imaginable. I booked a vacation package, paid in full, only to be told three days before departure that my flight was canceled. They offered no real alternatives, just a refund that will take weeks to process. Utterly unacceptable!",1,Travel & Vacation
"Never using this company again! They confirmed my hotel room, then canceled it last minute and left me scrambling for a place to stay. Customer service was rude and unhelpful, and I ended up spending a fortune on last-minute accommodations. Completely unprofessional!",1,Travel & Vacation
"I booked a cruise with this company only for them to notify me it was canceled one month prior to departure. They promised to issue a full refund but here I am, still waiting. It’s been over 70 days and they ignore my emails. This is a blatant scam!",1,Travel & Vacation
"Absolute nightmare! I was charged extra for 'mandatory' insurance that I never agreed to, and when I tried to cancel, they told me it was non-refundable even though I hadn't even traveled yet! This company is a total rip-off!",1,Travel & Vacation
"Avoid this travel site at all costs! They sold me a vacation package that included flights and hotel, and then tried to charge me an extra fee for the flights after booking. When I complained, they just brushed me off. I feel completely cheated!",1,Travel & Vacation
I had the misfortune of booking through this agency for my honeymoon. They messed up our itinerary repeatedly and we spent half our vacation trying to rectify their mistakes. Total disregard for customer satisfaction!,1,Travel & Vacation
"I booked a rental car that was supposed to be ready upon my arrival. Instead, I was told there were no cars available, and the customer service rep laughed when I expressed my frustration. It's a complete joke!",1,Travel & Vacation
"This company has terrible communication and no accountability. I bought tickets for an event during my vacation, but they never sent them, and customer service was useless. I’m out hundreds of dollars and they don’t care!",1,Travel & Vacation
"I tried to book a family vacation but ended up with multiple unauthorized charges on my credit card. When I reached out, they promised to fix it but never did. It’s been months of stress and I am done with this sham!",1,Travel & Vacation
"I booked a guided tour that was supposed to be amazing, but it was a disaster. The guide was late, the itinerary was completely different from what was promised, and some of the attractions were closed! I feel swindled!",1,Travel & Vacation
"This company is a complete joke. I booked a supposed 'all-inclusive' vacation package, only to find out upon arrival that breakfast was the only meal included. I feel utterly ripped off and will never trust them again.",1,Travel & Vacation
"I cannot believe how poorly I was treated by their customer service. I missed my flight due to their incompetence in booking my transfers, and when I reached out for help, they just blamed me. Absolutely infuriating!",1,Travel & Vacation
The hotel they booked for us was filthy and not even close to what was advertised. I have never been so disgusted and felt cheated in my life. How do they get away with this? I want my money back!,1,Travel & Vacation
"We arrived at our destination only to find that our rental was cancelled without notice. After hours of trying to contact support, I still had no car and had to spend extra money on taxis. This is nothing short of a scam.",1,Travel & Vacation
"I was promised a luxury experience, but instead, we got a rundown motel infested with bugs. This is false advertising at its worst. I feel completely swindled and they refuse to acknowledge my complaint.",1,Travel & Vacation
"My family and I had our trip ruined by their awful handling of our itinerary changes. They charged me extra fees without any explanation, and when I asked for clarification, they just ignored me. This is unacceptable!",1,Travel & Vacation
"Booked a cruise through them, and it was a total disaster. Due to their negligence, we missed the first stop and were left stranded. No offer for compensation, just a string of excuses. Absolutely unacceptable.",1,Travel & Vacation
"I tried to reach out for assistance when my flight got changed, but I was on hold for hours, only to be met with rude staff who could do nothing to help. What a waste of my time and money!",1,Travel & Vacation
"This travel agency is a complete rip-off. I was sold a trip that didn't include any of the activities they advertised, and their customer service was absolutely non-existent. I will never use them again.",1,Travel & Vacation
"My vacation was ruined due to their cancellation of my hotel booking at the last minute. They offered no alternatives, just left me scrambling for a place to stay. I feel cheated and furious!",1,Travel & Vacation
"Absolutely the worst experience I've ever had. Booked a hotel for my family vacation, only to arrive and find out they had no record of our reservation. We ended up sleeping in our car because they refused to help us. This company is a complete joke.",1,Travel & Vacation
"I can't believe I fell for this scam. They promised a beautiful resort with all-inclusive meals. When we arrived, we were told it was a separate charge for everything! We were out nearly $2,000 and all they did was shrug. Never using this service again.",1,Travel & Vacation
"This booking platform is a total disaster. They misled me on flight times and when I called customer service, they were beyond unhelpful. I had to buy new tickets last minute, costing me an additional $500. Don't waste your money!",1,Travel & Vacation
"I was sent on a wild goose chase by this company. They had me confirm my booking three times and when I showed up, the hotel had no record of me. They insisted I should have received an email, which I never got. These people are thieves.",1,Travel & Vacation
"Utterly frustrating! I had to cancel my trip due to a family emergency, and they refused to refund even a penny. Their supposedly 'flexible' policy is a complete lie. I lost over $1,000 with no help from their customer service.",1,Travel & Vacation
"Never book with this travel agency! I was charged for a luxury package and received a shabby motel instead. When I complained, they acted like it was my fault for expecting something decent. Disgraceful!",1,Travel & Vacation
"My flight was canceled last minute and getting any help from this company was an exercise in futility. Hours on hold, and when I finally spoke to someone, they were rude and unhelpful. I'm out hundreds of dollars because of their incompetence.",1,Travel & Vacation
"Horrible experience! I thought I was booking a romantic getaway only to find out that they misrepresented the hotel. The room was a dump, dirty and noisy. I can't believe they can get away with this!",1,Travel & Vacation
"Avoid this company at all costs! They have no regard for customer satisfaction. My rental car was not available when I arrived at the airport, and their customer service told me to 'take a taxi.' Outrageous!",1,Travel & Vacation
"If I could give zero stars, I would. I was promised an itinerary overhaul due to flight cancellations. What I got was a bunch of automated messages and no actual help. I've lost my entire vacation and have never felt so cheated.",1,Travel & Vacation
"I booked a vacation package through this company, only to find out my hotel was overbooked when I arrived. They offered no alternatives and left me stranded at the airport. Absolute rip-off and terrible service, I’m never using them again.",1,Travel & Vacation
"This company should be investigated for fraud! They sold me a dream trip to Bali, but the hotel was a dump and not as advertised. I felt completely misled and their customer service couldn’t care less!",1,Travel & Vacation
"My family and I planned our vacation for months, but this company messed up our flights and we ended up spending our first night in the airport. When I complained, they said it was 'unfortunate' but took no responsibility. Never again!",1,Travel & Vacation
"I thought I was getting a good deal on my cruise, only to find out that my cabin was on the lowest deck with no windows. It was more like a prison than a vacation. Customer service was rude when I asked for a change. Do not waste your money!",1,Travel & Vacation
"I booked a holiday that was supposed to include guided tours, but on arrival, I learned that there were no tours scheduled. They offered me a refund that I’m still waiting for. This is beyond unacceptable!",1,Travel & Vacation
"I was promised a luxury experience at a resort, but it was filthy and the staff were indifferent to my complaints. I felt like I had been scammed. Save yourself the headache and pick another company!",1,Travel & Vacation
Avoid this travel agency at all costs! They lost my luggage on arrival and refused to help me with any alternatives. I had to spend my entire trip without my clothes. This was by far the worst travel experience of my life.,1,Travel & Vacation
"I booked a tour package that was supposed to have all expenses covered, but I ended up paying out of pocket for basic meals. Their customer service was no help at all when I tried to resolve this. I feel completely cheated!",1,Travel & Vacation
"This company advertised a stunning villa in Italy, but what we got was a rundown shack. I couldn’t believe my eyes. They promised a refund when I called, but it’s been weeks with no response. I will never trust them again.",1,Travel & Vacation
I arranged a family trip through this agency and they messed up our itinerary completely. We missed our connecting flight because of their negligence. I felt completely abandoned and will NEVER use their services again.,1,Travel & Vacation
"I booked a vacation package through this company only to find out that my hotel reservation was never confirmed. After multiple calls, they admitted it was a mistake but offered no solutions. I had to scramble for a last-minute place to stay, and now I feel completely cheated!",1,Travel & Vacation
"Rented a villa for a week, but when we arrived, it was filthy and unkempt. There was no hot water, and the Wi-Fi didn't work. Customer service was totally unhelpful and refused to give me a refund. I will never trust this company again.",1,Travel & Vacation
"This travel agency is a total scam! My flight was canceled due to their mistake, and they refused to refund my money for weeks. Each time I called, I got a different story. Never again will I use them for any travel plans.",1,Travel & Vacation
"What a nightmare! I was promised a beachfront hotel and ended up in a cramped room miles away from the beach. The photos were misleading, and customer service was a joke. They couldn't care less about my complaint!",1,Travel & Vacation
"Avoid this company at all costs! They charged my card for a trip that was never finalized. When I tried to fix the issue, I was met with rude staff who just hung up on me. I've never felt so robbed in my life!",1,Travel & Vacation
"I thought I had booked an all-inclusive resort, but when I got there, I was hit with hidden fees everywhere. The 'all-inclusive' was a complete lie! The customer service team was dismissive and unhelpful, leaving me stranded.",1,Travel & Vacation
"Terrible experience from start to finish. The shuttle service they promised never showed up, and when I called for assistance, they treated me like I was the problem. I lost money and time, and they couldn't care less!",1,Travel & Vacation
"I booked a tour through this agency, but they canceled it the day before without any warning. I lost other reservations because of their incompetence, and they refused to refund me. This is not a trustworthy company.",1,Travel & Vacation
"This company has the worst customer service imaginable! After paying for a cruise, I was informed of additional charges upon arrival that I was never told about. It felt like a complete bait and switch. I will be telling everyone to stay away!",1,Travel & Vacation
"My family and I arrived at our destination only to find our hotel fully booked, with no room for us. This travel agency had messed up our reservations but did nothing to resolve the situation. We ended up sleeping in the car!",1,Travel & Vacation
"I can't believe how poorly this vacation was handled. We arrived at the hotel only to find that our booking didn’t exist. The staff was unhelpful and rude, and I ended up sleeping in my car. Never again will I trust this travel company.",1,Travel & Vacation
"What a nightmare! The flight was delayed for hours with no explanation, and I missed my connecting flight. They refused to assist or offer any compensation. This trip cost me a fortune in unexpected expenses!",1,Travel & Vacation
Do not book with this company! They charged me for a villa that turned out to be a rundown shack. The pictures on the website were completely misleading. I felt completely scammed and have not received a single refund.,1,Travel & Vacation
"Our tour guide was absolutely awful, barely spoke to us and didn't provide any useful information. The itinerary was a joke, with too many stops at tourist traps and not enough time to explore. I’ve never been so disappointed!",1,Travel & Vacation
"The customer service is a total disgrace. I tried to contact them multiple times about a last-minute cancellation due to illness, and they simply ignored me. I lost my entire trip investment with zero support.",1,Travel & Vacation
This travel agency is a complete sham! They promised luxury accommodations but delivered a filthy motel room. I was appalled and embarrassed to have booked this for my family.,1,Travel & Vacation
What a scam! They advertised an all-inclusive package but did not cover basic meals or activities. I ended up spending more than I bargained for and felt completely cheated. I will never use this service again.,1,Travel & Vacation
"I booked a cruise that was supposed to be a dream vacation. Instead, it was a nightmare from the dirty cabins to the terrible food. I can't believe I wasted my money on this. Avoid this company at all costs!",1,Travel & Vacation
"I wish I had read the reviews before booking! The hotel was in a terrible location, far from anything interesting. When I tried to get help from customer service, they were dismissive and unhelpful. Truly the worst experience.",1,Travel & Vacation
"This was the most frustrating travel experience of my life. The itinerary was not followed, key attractions were skipped, and the staff had no clue what they were doing. I felt lost and unsupported the entire time.",1,Travel & Vacation
"I can't believe I wasted my money on this so-called vacation package. Every promise they made was broken. The hotel was filthy, and the staff acted like they couldn't care less about us. It's infuriating to feel completely cheated.",1,Travel & Vacation
"This travel agency is a nightmare! I booked a romantic getaway for my partner and me, only to arrive and find out they had no record of our reservation. I spent hours on the phone with customer service, who were utterly useless. Avoid this scam at all costs!",1,Travel & Vacation
"What a disaster! My flight was cancelled without any notice, and I was left stranded at the airport. Their support team is non-existent, and I lost my entire day of travel. I’m furious and will never use their service again.",1,Travel & Vacation
"I signed up for an all-inclusive resort, and when I got there, I found out that it only covered meals at specific times and not all restaurants. I felt completely misled and ripped off. I will be telling everyone to steer clear of this company!",1,Travel & Vacation
"I thought I was booking a family vacation, but they insisted it was only for two adults despite clear documentation. I ended up paying double for my kids after arriving at the hotel! Absolute incompetence. I'm beyond angry.",1,Travel & Vacation
"The car rental I booked was 'available' but then turned out to be a complete lie! After paying, they canceled my reservation at the last minute, leaving me without transport. I am furious that they advertise availability when they clearly do not have it.",1,Travel & Vacation
This trip was a total waste of time and money! The itinerary was a mess and completely different from what was promised. Customer service? More like customer nightmare. They refused to refund even a dollar. I feel completely scammed!,1,Travel & Vacation
Never using this travel service again! They charged me for an upgrade that didn’t exist and were unhelpful when I complained. Their lack of professionalism is astounding. I feel like I’ve been robbed.,1,Travel & Vacation
"Horrible experience from start to finish! My hotel was booked incorrectly and despite trying to resolve it with customer service, they just kept passing me around. I’m furious at their complete disregard for customers.",1,Travel & Vacation
"I booked a cruise and was told I had everything sorted, only to show up and learn that my cabin was overbooked. They offered no solution and left me stranded. This company is the definition of untrustworthy. Avoid!",1,Travel & Vacation
Absolutely furious with this travel agency. I booked a week-long vacation only to find out my accommodations were never reserved. I arrived at the hotel to find out they had no record of my booking. It was humiliating and completely ruined my trip. I lost my money and had to scramble for a place to stay last minute.,1,Travel & Vacation
"This company is a total scam! I purchased a so-called 'all-inclusive' package, but upon arrival at the resort, I was informed that meals and drinks were actually not included. I felt completely cheated and humiliated in front of my family. Customer service was useless, and I am left with a massive bill. Never again!",1,Travel & Vacation
"After booking my flight through this joke of a company, I realized they had charged me an extra £300 for 'service fees' that weren't disclosed up front! When I tried to get help, I was met with unhelpful representatives who couldn’t care less. It’s a scam, plain and simple. Stay away!",1,Travel & Vacation
"I booked a weekend getaway and was excited until I got to the hotel and found my room was dirty, and the amenities were non-existent. What’s worse is that when I contacted customer service, they said it was 'normal wear and tear.' I feel completely cheated and would never recommend this to anyone.",1,Travel & Vacation
"This was my first and last time booking with this travel agency. They promised a smooth experience but delivered the exact opposite. My flight got cancelled without warning, and I spent hours on hold just to be told there’s nothing they could do. It was infuriating, and now I have a ruined vacation and no refund. Terrible service!",1,Travel & Vacation
"I booked a family vacation through this company and ended up stuck in a filthy motel with no proper amenities. They sold me a lie! When I tried to escalate the issue, I was dismissed like it was no big deal. I felt completely ripped off and angry. Save your money and find a legitimate travel agency!",1,Travel & Vacation
We arrived at our destination only to discover our rental car wasn’t available because this company messed up our reservation. We ended up waiting for hours at the airport with no help or compensation. I’ve never experienced such awful service. Complete waste of time and money!,1,Travel & Vacation
"I booked a cruise and was told there would be multiple stops. When we boarded, I found out half the ports were cancelled, and it was just a floating hotel. Customer service was abysmal, and getting my money back seemed impossible. I feel robbed and will never trust this company again.",1,Travel & Vacation
"Terrible experience with this travel service. I paid for a luxury package which ended up being a rundown hotel with broken appliances. When I tried to discuss this with them, they ignored my calls and emails. I feel completely deceived. Avoid this company at all costs!",1,Travel & Vacation
"They promised a family-friendly resort, but we were placed in a sketchy area with no activities for children. Trying to resolve this with customer service was a nightmare. They were rude and indifferent to our concerns. I feel completely cheated out of my money and my vacation!",1,Travel & Vacation
I can't believe how awful this service was. They messed up my entire itinerary and then had the audacity to charge me for changes that were their mistakes. I felt completely taken advantage of. Avoid this company like the plague!,1,Travel & Vacation
My trip was ruined because the hotel I booked through them was overbooked. I was left scrambling for a place to stay in a foreign country at midnight. Customer service was unhelpful and dismissive. I will never use this service again!,1,Travel & Vacation
"They advertised a beautiful resort but when we arrived, it was nothing like the photos. The place was run-down and dirty. I feel like I was completely scammed. No refunds or help from their support team, just terrible.",1,Travel & Vacation
Booked a family vacation and received the wrong confirmation. Turns out our 'all-inclusive' booking excluded half the meals! This company is a joke. I’m out thousands and they won't even respond to my complaints. Absolute scam!,1,Travel & Vacation
"If you want to waste your money, book through this service. They promised a luxury experience but delivered filth and bad service. I felt cheated and angry every moment of my stay. This is the last time I'll trust them.",1,Travel & Vacation
This is the worst travel experience I've ever had! They cancelled my flight last minute without any explanation and refused to help find alternatives. I'm left stranded and furious. Don't trust these liars!,1,Travel & Vacation
"Awful experience from start to finish. They never sent the tickets I paid for, and when I called, I was put on hold for hours, only to be told the flight was sold out. How can they get away with this? Completely unacceptable!",1,Travel & Vacation
"I feel cheated and angry after booking with them. They promised a rental car at the airport, but when I arrived, they said they had no cars available. I had to take a cab, which cost me a fortune. Never again!",1,Travel & Vacation
We arrived at the hotel to find out that our reservation was lost. The front desk was rude and unhelpful. We ended up sleeping in our car after paying for an expensive room we never got. A complete waste of money!,1,Travel & Vacation
"This company should be shut down! They took my money and provided nothing in return. I had to rebook everything on my own at a much higher price. Customer service is nonexistent, and I’m beyond frustrated!",1,Travel & Vacation
"I booked a resort stay through this worthless company, only to arrive and find out my reservation was never confirmed. After hours on the phone, I was told there was nothing they could do. I've lost my vacation money and all hope of salvaging this trip. Completely unacceptable!",1,Travel & Vacation
"This agency is a complete joke. They canceled my flight less than 24 hours before departure without explanation. When I tried to get a refund, they just kept passing me around to different representatives who had no idea what was going on. I am furious and feel totally scammed.",1,Travel & Vacation
"Beware of this so-called travel service. I booked a family vacation and was told that my package included certain amenities. When we arrived, they had mysteriously vanished! The hotel staff had no idea what I was talking about, and customer service was utterly useless. I will never trust them again.",1,Travel & Vacation
I should have read the reviews first. This travel agency is a total disgrace. They overcharged me for a supposedly 'luxury' hotel that turned out to be a motel. The pictures on the website were a complete lie. I feel like I’ve been robbed.,1,Travel & Vacation
"Unbelievable! I booked my cruise months in advance and just received a notification that it was canceled, yet they still have not refunded my money. They claim they didn't receive my payment, but my bank shows otherwise! Total fraudsters. Don't waste your time with these crooks.",1,Travel & Vacation
This company had the audacity to say my vacation was 'confirmed' only for me to find out two days before that it was 'under review.' I had to scramble to make last-minute arrangements. I am livid! They have zero respect for customers and their time.,1,Travel & Vacation
"I thought I was getting a good deal on flights, but this company is nothing but a scam. The prices they advertise are completely misleading. After booking, I found out my flight times were changed, and they refused to assist in rebooking. I'm out money and time.",1,Travel & Vacation
"I wish I could give them zero stars. I requested a change to my itinerary after a family emergency, and they simply ignored my emails. Their customer support is a black hole. I’ve lost a lot of money and the chance to see my loved ones. A terrible experience!",1,Travel & Vacation
What a massive headache! I booked a vacation package with them and arrived only to learn that the hotel had no record of my stay. Customer service was unhelpful and rude. This company does not care about its clients at all. I will never book with them again.,1,Travel & Vacation
"This is the worst travel experience I've ever had! I paid for a premium package and got nothing but substandard service. My travel plans were mishandled, and no one seemed to know how to fix it. I've never been so angry. Stay away from this horrible company!",1,Travel & Vacation
"I cannot express how betrayed I feel after using this service! They lured me in with a low price for a beach resort, only to hit me with hidden charges upon arrival. No one cares about customer service. It's like they actively want to ruin your vacation.",1,Travel & Vacation
"Complete disaster! I booked a family trip, and they messed up my flight information. Instead of three seats, they only secured one. Customer service was no help at all, just repeating how it's 'not their fault.' How is this acceptable?",1,Travel & Vacation
"Never in my life have I encountered such incompetence! My hotel reservation was mysteriously 'lost' when I arrived. After a long, exhausting journey with kids, we were left stranded. I don't understand how they stay in business!",1,Travel & Vacation
I spent hours carefully planning my honeymoon through this company. What a joke! They misrepresented the entire package. We ended up with a dingy motel instead of the luxury resort promised. How can they sleep at night?,1,Travel & Vacation
"This company is a total sham! They advertised a fantastic deal on a cruise but upon booking, the price jumped by nearly $300. No one to talk to, no way to get my money back. I wish I had heeded the bad reviews!",1,Travel & Vacation
Avoid this travel agency like the plague! They cancelled my tour at the last minute with no explanation. I lost out on my entire vacation budget. They are thieves hiding behind a facade of travel planning!,1,Travel & Vacation
"I feel completely robbed! They promised all sorts of amenities that did not exist – no free breakfast, no wifi, and the room was a dump. Customer service just brushed me off, saying it was 'out of their hands.' Pathetic!",1,Travel & Vacation
"Horrible experience! I had to call them multiple times to sort out my flight, and each time I was transferred around without any resolution. It was like talking to a wall! I'm still waiting for my refund.",1,Travel & Vacation
"Absolutely horrendous! They completely botched my itinerary and then claimed it was my fault. They wouldn’t take responsibility for their errors. It’s almost comical how bad their service is, except it cost me a lot of money!",1,Travel & Vacation
"If I could give zero stars, I would! They sold me a vacation package that included activities, but once I arrived, I found out they were all booked. I felt like a fool trusting them. Do yourself a favor and steer clear!",1,Travel & Vacation
I can’t believe how utterly useless this travel agency is. I booked a vacation package and they completely messed up the dates. Now I’m stuck trying to rebook flights at the last minute. They take your money without any care for customer satisfaction. Total rip-off!,1,Travel & Vacation
"This company should be ashamed of themselves! My hotel was overbooked upon arrival, and they left me with nowhere to stay. After calling their customer service repeatedly, I was met with nothing but rude representatives who couldn't care less. I’ll never use them again!",1,Travel & Vacation
"They charged me for a rental car that was never available. I ended up stranded at the airport with no help from their so-called support team. Their communication is terrible, and I felt like I was talking to a brick wall. Avoid this company at all costs!",1,Travel & Vacation
Absolutely the worst experience I have ever had while traveling! I booked a family trip and they changed our flights without notifying us. We were late for our connection and had to spend hours trying to find alternative routes. This is pure negligence!,1,Travel & Vacation
"I thought this was a reputable travel agency, but I was so wrong. Their website is misleading, and they don’t honor what’s advertised. I lost over a thousand dollars because my trip was canceled last minute and they just shrugged it off. Completely unacceptable!",1,Travel & Vacation
"If I could give this company zero stars, I would. The cruise I booked was a disaster — dirty cabins, terrible food, and no help from customer service when I raised my concerns. They took my money and ran without delivering anything promised.",1,Travel & Vacation
"Beware of hidden fees with this travel site! They advertised a great price, but once I got to the payment page, it doubled. I feel absolutely cheated and their customer service was unhelpful and dismissive. I will share my experience everywhere!",1,Travel & Vacation
"This company is a total scam! My tour was canceled last minute and not only did they refuse to refund my money, but they also acted like it was my fault. I wasted my time and money and got no apology or help. Don't trust them!",1,Travel & Vacation
"After much anticipation for my trip, I arrived to find out that my hotel had no record of my booking. The customer service team was unresponsive, and I had to pay for a last-minute room myself. I will never trust this company again!",1,Travel & Vacation
"I booked a vacation with the hope of relaxing, but instead, I faced a nightmare. The travel documentation was incorrect, and I was left in a foreign country without proper papers. Their support was nonexistent. I feel completely scammed!",1,Travel & Vacation
"I can’t believe I fell for this scam. Booked a week-long vacation and when I arrived, the hotel claimed they never received my reservation. After hours on the phone, their customer service was utterly useless. I was left to fend for myself while they took my money and disappeared.",1,Travel & Vacation
"This company is a joke! They advertised stunning resorts at unbelievable prices, but when I got there, it was a complete dump. The pictures were misleading, and I felt completely cheated. They wouldn’t refund me or even try to find a solution. Never again!",1,Travel & Vacation
"Awful experience from start to finish. I booked a family getaway and upon arrival, I was told my booking had been canceled without notice. Their customer service was non-existent; they couldn’t care less about helping me. I ended up paying for an entirely new accommodation at the last minute.",1,Travel & Vacation
"Absolutely horrendous! I booked a cruise through this company only to discover that they had booked me for the wrong dates. After numerous calls, they offered no compensation, just a lot of empty apologies. I’ve never felt so cheated in my life.",1,Travel & Vacation
"What a colossal waste of time and money! I paid for a travel package that was supposed to include activities, and when I got there, none of them were available. It was a total lie! Their customer service was rude and dismissive when I tried to resolve it.",1,Travel & Vacation
"I wish I could give them zero stars. My flight was canceled, and their support team blamed the airline, but when I contacted the airline, they said they never received any cancellation requests from this travel agency. I lost my money and my vacation. Avoid this scam at all costs!",1,Travel & Vacation
"Disgusting service. They booked me into the wrong airport for my outgoing flight, and I only found out at the last minute. Their customer service didn’t care and offered no solution. I had to fork out extra cash for last-minute travel. Will never book with them again.",1,Travel & Vacation
"This company is nothing but a fraudulent operation. I booked a hotel that was 'fully refundable' but they refused to honor that when I needed to cancel due to an emergency. Their agents are clueless and unhelpful. Save your money and sanity, don’t use them!",1,Travel & Vacation
"Utterly pathetic customer service! I paid for an all-inclusive resort and found out that half the amenities were unavailable. The staff at the hotel acted like they had no idea what I was talking about. When I contacted the agency, they just shrugged it off. I feel robbed.",1,Travel & Vacation
"If I could warn others about this disaster, I would! Booked flights through them and had multiple issues, including unfair extra charges. Their agents lied to me about fees and wouldn’t let me speak to a manager. This company needs to be reported for their fraudulent practices!",1,Travel & Vacation
"I ordered a couple of magazines through their subscription service. The first issue arrived on time, which was nice, but the second one took nearly a month. Customer service was slow to respond to my inquiry and I felt a bit ignored. The quality of the content is decent, but I can't say I'm impressed with the delivery.",2,Media & Publishing
"I bought a few e-books from this platform. The selection is good, but I had major issues with the download links. One of the books wouldn't open at all, and I spent ages trying to get a refund. On the bright side, the customer service agent I talked to was polite and did help with another title.",2,Media & Publishing
"I recently subscribed to their online magazine. The layout is lovely, but it crashes on my tablet almost every time I try to read it. I managed to read a few articles, but that's about it. A shame because I had high hopes based on their advertising.",2,Media & Publishing
"I ordered a few titles from their clearance sale, and while the prices were great, the shipping took way too long. It felt like forever before they even shipped my books, and then I received one that was damaged. At least their support offered me a discount on my next purchase.",2,Media & Publishing
"I thought I was getting a great deal on an audiobook subscription. The first month was smooth, but the following month I was charged incorrectly. It took several back-and-forth emails to resolve it. I appreciate the selection they offer, but the billing issues really turned me off.",2,Media & Publishing
"I ordered some graphic novels and was excited for their arrival. They arrived late, and one came with a bent cover, which was disappointing. On a positive note, I did find the selection appealing while shopping, but it doesn't make up for the delivery issues.",2,Media & Publishing
"I received a book through their print-on-demand service that I was really looking forward to, but it arrived with several pages stuck together. It took weeks for a replacement to arrive. At least the customer service was friendly, which I appreciated during the process.",2,Media & Publishing
"I’ve been trying to get into this new publishing platform, but the app is pretty buggy. I often face glitches when trying to access my library. I did manage to connect with support, and they were helpful, but I expect a smoother experience for something that charges a subscription fee.",2,Media & Publishing
"My experience with this publisher has been a bit of a mixed bag. I love the variety they offer, but their website is complicated to navigate. I ended up ordering the wrong title twice! They did send a replacement rather quickly though, which was a redeeming factor.",2,Media & Publishing
"I spent a while searching through their offers and finally placed an order, but the digital download didn't work. Their helpline was hard to reach, and it took ages to get a response. I will say that the responsiveness of the customer service team when I finally connected was a positive point.",2,Media & Publishing
"I subscribed to the digital magazine with a promo offer that seemed too good to be true. The first issue came promptly, but I never received the follow-up issues. I contacted customer service, but it took a week for them to respond. At least the first issue was interesting.",2,Media & Publishing
"I had high hopes for the audiobook service after hearing great things, but my experience hasn't been great. The app crashes frequently, and navigating through books is confusing. I did enjoy the first audiobook I managed to listen to, but I can't get past the app issues.",2,Media & Publishing
"Ordered a special edition magazine for my son’s birthday. It arrived late, and customer service wasn’t helpful when I reached out. The content was decent, but the overall experience was disappointing. I wish I had planned better.",2,Media & Publishing
"I recently signed up for a subscription to an online news service. While I appreciate the daily updates, trying to cancel has been a nightmare. I had to call twice and wait on hold. At least the news articles are well-written.",2,Media & Publishing
"My experience with the print magazine subscription was mixed. The first issue came quickly, but the subsequent ones were delayed with no communication. The content was good when it finally arrived, but the wait was frustrating.",2,Media & Publishing
"I thought the e-book service would be convenient, but I keep running into payment issues. Each time I try to purchase a book, it won't go through, and I end up frustrated. On the bright side, the selection is vast.",2,Media & Publishing
"I ordered a creative writing book expecting it to ship out right away. It took nearly three weeks to arrive, and by then, I had lost my motivation. The content itself was inspiring, but the wait really soured my experience.",2,Media & Publishing
"The children’s magazine subscription I got for my daughter came with a cute little gift, which was a nice touch. Unfortunately, the issues are often late, and I’ve had to chase customer service for updates. Not the best experience overall.",2,Media & Publishing
"I joined a monthly poetry club which promised exclusive content, but I’ve had trouble accessing some features. The community aspect is nice, but the technical issues have overshadowed the benefit. I hope they sort things out soon.",2,Media & Publishing
"I received a promotional offer for three months of a journal. The first issue was good, but the second one was never delivered. I contacted support, but it took too long to get a response. At least the first issue was worth reading.",2,Media & Publishing
"I had high hopes for my subscription to this magazine after seeing the previews online. When it finally arrived, the content was outdated and didn’t reflect what was promised. The layout was nice, but I expected much more for the price.",2,Media & Publishing
"I ordered a paperback edition of a popular novel and was thrilled to get it. However, the binding was poorly done, and several pages were loose. The cover art was appealing, but the overall quality just didn’t meet expectations.",2,Media & Publishing
"I found the website to be quite user-friendly when placing my order, which is a plus. Unfortunately, my order arrived late and missing a couple of items. Customer service was polite but didn’t offer a resolution for the inconvenience.",2,Media & Publishing
"Receiving my personalized photo book was exciting; however, the images were printed too dark and some were pixelated. The ordering process was straightforward, but I hoped for better quality in the final product.",2,Media & Publishing
"I was intrigued by this new independent publisher, but the novel I received had several typos and formatting issues. The story itself was engaging, so there’s potential; I just wish they’d put more effort into editing.",2,Media & Publishing
"The e-book I purchased was a great price, and I appreciated the instant download feature. However, the formatting was poorly adjusted for my tablet, making it difficult to read. I hope they can improve this in future updates.",2,Media & Publishing
"I loved the selection of audiobooks available, but my first download didn’t work and I had to contact support. They were helpful but it took too long to resolve. The second book was fine, so I might give them another chance.",2,Media & Publishing
"The online course I signed up for had some beneficial content, but the videos kept buffering and I couldn't access some modules. The instructor was knowledgeable, which was a plus, but the technical issues ruined the experience.",2,Media & Publishing
"I really liked the idea of getting a monthly box of new reads, but the last shipment was filled with old titles I’d already read. They had great packaging though, and I enjoyed the surprise aspect of it.",2,Media & Publishing
"The daily newsletter had some interesting articles, but I found many links to be broken, making it frustrating to find more information. The layout is clean and visually appealing, but they need to fix their content delivery.",2,Media & Publishing
"The website is cluttered and makes it hard to find what I'm looking for. On the bright side, the shipping was relatively quick, but I was disappointed with the quality of the book I received.",2,Media & Publishing
"I ordered a magazine subscription, and while I did get the first issue on time, the customer service response was terrible when I had questions. The staff seemed untrained and didn't help me at all.",2,Media & Publishing
"The app keeps crashing, which is incredibly frustrating. I managed to read one article before it froze, but when it worked, the content was decent. Just wish the app would cooperate.",2,Media & Publishing
"I signed up for a trial and it was a hassle to cancel when I didn't want to continue. I do appreciate the variety of articles available, but everything else felt like a chore.",2,Media & Publishing
"Had issues accessing my digital subscription, and while they did get back to me eventually, it took forever. At least I found one article that I enjoyed, but overall, not a great experience.",2,Media & Publishing
"I was excited to read my first eBook, but the format was all messed up. On a positive note, the selection of titles is vast, so I might try again if I can get the format sorted.",2,Media & Publishing
"The delivery was delayed by a week, even though they took my money right away. I appreciated their apology email, but it didn't really help my frustration with the wait.",2,Media & Publishing
"I found the customer service to be quite dismissive when I raised an issue. However, the newsletter does provide useful information, even if it feels like a wasted effort to get it.",2,Media & Publishing
"The physical book arrived in good condition, but the ordering process was confusing and unnecessarily complicated. A real letdown given my high hopes for the product.",2,Media & Publishing
"While the events they host can be interesting, the communication surrounding them is lacking. I did enjoy one session, but the hassle of figuring out details was not worth it.",2,Media & Publishing
"I ordered a special edition magazine that I was really looking forward to. It arrived late and some pages were crumpled. The content itself was good, but the condition ruined the experience for me.",2,Media & Publishing
"I was excited to access their digital library, but I ran into so many technical problems. The app kept crashing on my tablet. I managed to find a few good reads, but the frustration of using the service was overwhelming.",2,Media & Publishing
"I signed up for their newsletter, thinking I’d get exclusive deals. Instead, I just received a ton of spammy emails, and the one discount I did get expired before I could use it. On the plus side, their content is usually interesting.",2,Media & Publishing
"The process of submitting my manuscript was confusing. I received a few helpful replies from customer support, but it took weeks for them to get back to me on crucial questions. The wait was frustrating, even if the final feedback was constructive.",2,Media & Publishing
"I bought a collection of e-books during a sale, which was a good deal. However, I had trouble downloading them and had to contact support multiple times. It’s nice to have a low price, but the hassle really took away from the experience.",2,Media & Publishing
"I enjoyed some of the articles published recently, but the site has been slow and prone to bugs. I contacted customer service, who were polite, but it took ages to resolve my issues.",2,Media & Publishing
"I thought I’d try their subscription service for audiobooks. The selection was decent, but I faced issues with the app crashing mid-listen. It’s hard to enjoy a story when you have to restart it repeatedly.",2,Media & Publishing
"I was promised a free trial for a subscription, but I didn’t realize I’d be charged after the first month. Customer service was okay in handling my complaint, but I still felt misled.",2,Media & Publishing
"I ordered a book for a gift, and it arrived two weeks late. The customer service representative was kind, but that doesn’t make up for missing the occasion. The book itself was fine, though.",2,Media & Publishing
"I signed up for a workshop that was supposed to enhance my writing skills. The instructor was knowledgeable, but the organization was off. I often didn’t receive materials on time, which was disappointing.",2,Media & Publishing
"I ordered a couple of e-books during a sale expecting a seamless download, but the system encountered errors each time I tried to access my purchases. After several attempts, I finally got them, but it was a huge hassle. The customer service was polite and offered me a small discount for the trouble, which I appreciated.",2,Media & Publishing
"The magazine subscription I signed up for promised quarterly issues, but I've only received two out of the promised four this year. The content is great when it arrives, but I'm left frustrated with the inconsistent delivery. I did reach out to support, and they were friendly and responsive, but it shouldn't take that much effort.",2,Media & Publishing
"I used their platform to self-publish my book, and while the interface was somewhat user-friendly, I had major issues with the final print quality. The colors were off, and some pages were misaligned. I did get a prompt refund, but I wish the process had been smoother from the start.",2,Media & Publishing
"Signed up for an online course that was advertised as interactive, but most of the content was just videos with little engagement. The few quizzes were helpful, but they didn't compensate for the overall lack of interaction. On the bright side, the instructor did respond to emails promptly.",2,Media & Publishing
"I was excited to receive my personalized photo book; however, I noticed several typos in the text I submitted. The editing process could use some improvement. Still, the customer service team offered me a credit for my next order after I complained, which was a nice gesture.",2,Media & Publishing
"The audiobook subscription service has a decent selection, but I often find that the app crashes while I'm listening. It’s frustrating when you have to restart and search for where you left off. On a positive note, it’s easy to access customer support, and they did resolve my last payment issue quickly.",2,Media & Publishing
"I received a digital magazine subscription, but the app is a nightmare to navigate. I find it difficult to download issues, and the loading times are unacceptable. However, I did get a quick response from their help desk when I raised the issue, and they assured me updates are coming.",2,Media & Publishing
"Ordered a one-off printed newspaper, and it arrived a week late, which was disappointing. While the content itself was informative, the late delivery overshadowed the experience. They did apologize and offered me a discount on my next order, which was a nice touch.",2,Media & Publishing
"The online literary magazine has some interesting articles, but they take forever to load on my device. I've also run into trouble with my subscription renewal; I was charged twice. Their support team was helpful in fixing it, but I still had to wait a week for it to be resolved.",2,Media & Publishing
"I have found that the children's book I ordered was not the one I had previewed online, which was misleading. The customer service was decent and processed my return without hassle, but it was still disappointing to not get what I expected.",2,Media & Publishing
I was excited to order a subscription to the magazine but the first issue arrived late and was missing pages. Customer service was helpful but it took too long to resolve the issue.,2,Media & Publishing
"I downloaded an e-book that was supposed to be a bestseller but it had multiple formatting errors. The stories were engaging, but it was hard to focus with all the distractions.",2,Media & Publishing
"I bought a book as a gift and while the delivery was prompt, the packaging was flimsy and the cover was slightly damaged. I expected better for the price.",2,Media & Publishing
"The audiobook I purchased was great, but the app constantly crashes on my phone. I finally got through to support, and while they were nice, I didn't get an effective solution.",2,Media & Publishing
"I really enjoyed some of the content on the site, but I faced significant problems navigating through it. The layout is confusing and it often freezes on me.",2,Media & Publishing
"I ordered a children's book that I was told would arrive in three days. It took over a week and when it finally got here, it was a different edition than I expected.",2,Media & Publishing
"I signed up for a writing workshop that had excellent instructors, but the communication was poor regarding scheduling. I nearly missed the first session.",2,Media & Publishing
"While I appreciated the variety of titles available, the checkout process was cumbersome and I had to re-enter my payment details multiple times.",2,Media & Publishing
"I was happy to find some rare comics I've been looking for, but the condition was not as described. They were certainly not 'like new' as advertised.",2,Media & Publishing
"The content is decent, but I encountered several broken links on their website which made it difficult to access some articles. I hope they can fix this soon.",2,Media & Publishing
"I subscribed to the magazine for its unique content, but I received my first issue a month late. When I contacted customer support, it took them a week to respond. At least the writing was engaging when it finally arrived.",2,Media & Publishing
"The e-book I downloaded had several typos and formatting issues, which made it hard to read. I did appreciate the fast delivery, but I expected better quality for the price.",2,Media & Publishing
"The online course I signed up for had some good information, but the videos often wouldn’t load, and some were missing altogether. I did like the instructor's style, though.",2,Media & Publishing
"I ordered a collection of short stories after seeing a glowing review, but they were poorly edited, making them hard to enjoy. On the bright side, the illustrations were beautiful.",2,Media & Publishing
"The audiobooks were a great price, but two of them had skipping issues that drove me mad. Customer service was quick to respond and offered a replacement, which I appreciated.",2,Media & Publishing
"I was excited about the exclusive content, but I found many articles outdated and not very informative. The layout of the website was decent, making it easy to navigate when I felt like browsing.",2,Media & Publishing
"I got a subscription to a digital newspaper that promised in-depth analysis, but often felt the articles were lacking substance. The app itself is user-friendly, which is a plus.",2,Media & Publishing
"Received a poetry book it took ages to arrive, and when it did, the cover was damaged. However, I must say, the poems inside are lovely and heartfelt.",2,Media & Publishing
"I joined a book club through this service but found the selection of books disappointing, with many titles I had no interest in. However, the monthly meetings had a nice atmosphere.",2,Media & Publishing
"The graphic novel I purchased had some stunning artwork but the story was confusing and poorly written. At least the shipping was quick, so that was a small comfort.",2,Media & Publishing
"I was excited to order a personalized book for my daughter, but the text was full of typos. The illustrations were nice, but it really took away from the experience. Customer service said they would send a replacement, but it took much longer than expected.",2,Media & Publishing
"The magazine subscription sounded great, but I received my issues late every month. The content was decent, but dealing with customer service to resolve the delays was a hassle. At least the magazine itself was enjoyable when it finally arrived.",2,Media & Publishing
"I signed up for an online course, and while the material was informative, the platform often crashed during the lessons. I reached out for support but only received vague responses. The course content kept me going, but I wish the tech side was better.",2,Media & Publishing
"I ordered a collection of e-books during a sale, but not all of them downloaded properly. It took forever to get a response from support, and I had to find a workaround just to access my purchases. On the bright side, the few books I did get are quite good.",2,Media & Publishing
"I had high hopes for the newsletter I subscribed to, but it often contains repetitive content. The occasional interesting article makes it worthwhile, but I expected more variety. The sign-up process was smooth, but the content needs improvement.",2,Media & Publishing
"The experience of creating my own photo book was good, but the ordering process was confusing and I ended up paying extra for shipping. I'm still waiting for my order, and it's been over a week. At least the design tools were easy to use.",2,Media & Publishing
"After ordering a custom magazine cover, I was really underwhelmed when it arrived. The quality wasn't what I expected, and the colors were off. I appreciated the quick shipping, but I won't be ordering again unless they address the quality issues.",2,Media & Publishing
"The audiobook service was a bit of a letdown. I had issues with the app crashing frequently and the selection was limited. However, when it worked, the narrators were excellent. It's just too frustrating to deal with the technical problems.",2,Media & Publishing
"I loved the idea of a subscription box for books, but most of the choices weren't my taste. I reached out for a swap and it took ages to get a response. The few good titles I received were enjoyable, but the overall experience was disappointing.",2,Media & Publishing
"The promotional email for a one-time deal caught my attention, but when I signed up, I ended up getting charged for an auto-renewal I never wanted. Their customer service was slow to respond. At least the book I received was decent.",2,Media & Publishing
"I ordered a special edition book for my collection and was excited to receive it. Unfortunately, the delivery took over two weeks longer than expected, and when it finally arrived, there was a noticeable dent on the cover. The book itself was great, but the whole experience was frustrating.",2,Media & Publishing
"I signed up for an online magazine subscription that promised exclusive content, but I’ve received nothing special over the past three months. Their customer service took ages to respond to my inquiry, although the one representative I spoke to was polite. Disappointed overall.",2,Media & Publishing
"I recently purchased a cookbook that came highly recommended, but the printing quality was subpar. A few pages were smudged, making some recipes hard to read. I enjoyed the content once I figured it out, but I expected better quality for the price.",2,Media & Publishing
"I tried using a digital publishing platform for my short stories. The interface was clunky and made the process harder than it needed to be. However, I appreciated the feedback I received on my writing from their community, which was a small silver lining.",2,Media & Publishing
"I ordered a personalized print of my favorite quote and was excited to get it framed. Sadly, the print arrived with the wrong name on it despite my confirmation email. They did offer a refund, but it took ages to get through to their support team.",2,Media & Publishing
"I recently subscribed to an audiobook service after hearing good things. The selection was decent, but I faced constant buffering issues during playback. The app also crashed several times, which was frustrating, but I did enjoy the titles I managed to finish.",2,Media & Publishing
"I purchased a customized planner, and while the layout was exactly what I wanted, the binding fell apart within a few weeks. The company did respond quickly to my email, but I’m now hesitant to recommend them to friends.",2,Media & Publishing
"Joining this online writing workshop seemed like a great idea, but the quality of feedback varied wildly from instructor to instructor. I did learn a few things, but getting constructive criticism was hit or miss, which made the experience rather inconsistent.",2,Media & Publishing
"I downloaded an e-book that was supposed to be a bestseller, but it had so many typos and formatting issues that it was distracting. The plot was engaging, but I couldn't overlook the lack of editing. I hope they get it fixed in future editions.",2,Media & Publishing
"I signed up for a publishing service aimed at new authors. The process was convoluted, and I had to follow up multiple times to get answers. I did appreciate the marketing tips they provided, but I'm not sure if it was worth the hassle.",2,Media & Publishing
"I signed up for a subscription thinking it would be simple, but the billing process was a nightmare. I was charged a month early, and when I reached out for help, it took ages to get a response. The content is decent, but I won’t be renewing.",2,Media & Publishing
"There were a couple of interesting articles that I enjoyed, but the overall navigation on their website is frustrating. I find myself clicking through endless pages just to find what I’m looking for, and customer service was quite slow to respond to my feedback.",2,Media & Publishing
"The magazine subscription I ordered took longer than expected to arrive. I did appreciate the quality of the articles, but the late delivery was annoying. It seems like they may need to work on their logistics.",2,Media & Publishing
"I was excited to try their e-book service, but I encountered multiple glitches when trying to download my purchase. The support team was polite but not very helpful. I finally managed to get it working, but it left a sour taste.",2,Media & Publishing
"The layout of their online platform is confusing and not user-friendly. It took me quite some time to locate the titles I wanted. On the upside, the selection is good, so that's something.",2,Media & Publishing
"I found their offerings to be quite limited compared to other platforms. I had difficulty navigating their subscription options, and the initial sign-up promise wasn't clear. A few articles were interesting, but that’s about it.",2,Media & Publishing
"I thought I was getting a good deal with their trial offer, but it turned out to be quite misleading. The trial expired faster than I expected, and I ended up being charged without clear communication. At least the content was engaging.",2,Media & Publishing
"While the book selection is impressive, the checkout process is a hassle. I often faced issues with payment processing, which is very annoying. However, I did appreciate the responsive customer service when I finally reached them.",2,Media & Publishing
"I was pleased with one of the articles I read, but the rest were underwhelming. The website is clunky and takes too long to load. I expected more given the hype around their platform.",2,Media & Publishing
"The newsletter I subscribed to had a few gems, but overall it felt very generic. I had issues with the subscription process, and customer service took longer than expected to get back to me. A mixed bag for sure.",2,Media & Publishing
"I recently ordered a selection of magazines and while they arrived eventually, the issues were weeks late. The customer service was hard to reach, but at least the magazines are decent quality when they finally arrived.",2,Media & Publishing
"I’m really disappointed with the e-book subscription. The selection is limited, and I often find that the titles I want are unavailable. The website works well, but that doesn't make up for the lack of content.",2,Media & Publishing
"Placed an order for a limited edition book that was beautifully advertised. It took over a month to arrive, and the packaging was inadequate. I loved the book once it arrived, but the service needs serious improvement.",2,Media & Publishing
"The photography magazine I subscribed to is great, but they keep messing up my billing. I've had to contact them multiple times about unauthorized charges. Quite frustrating, but at least the content is still top-notch.",2,Media & Publishing
"I tried the audio book service and the first title I picked worked fine, but the second refused to download. Customer service took ages to respond. On the bright side, they were friendly and eventually fixed the issue.",2,Media & Publishing
"I ordered a set of classic novels and they didn’t arrive on time, which was disappointing. When they finally came, they were well-packaged and looked good, but I can’t overlook the shipping delay.",2,Media & Publishing
"The poetry collection I received was lovely, but the order process was confusing, and I had to reset my password multiple times. The artwork inside the book is stunning, which makes up for some of the hassle.",2,Media & Publishing
"I was excited to start my magazine subscription, but the first issue was sent to the wrong address, and I had to wait several weeks for a replacement. Customer service was responsive, but it shouldn’t have happened in the first place.",2,Media & Publishing
"While I enjoyed the content of the online newsletter, the delivery was erratic. Sometimes I’d get it late or not at all. I appreciate the effort, but consistency is key for a subscription service.",2,Media & Publishing
"I wanted to take advantage of a special offer for e-books, but the checkout process was confusing and I ended up with charges I didn’t expect. On a positive note, the e-books I did manage to get are actually quite good.",2,Media & Publishing
"The selection of magazines is decent, but I had a major issue with my subscription. I signed up for a yearly plan and received only half of my issues, with no explanation. Customer service took forever to get back to me, but at least the few issues I did receive were in good condition.",2,Media & Publishing
"I ordered a set of hardcover books for my collection, and while the delivery was quick, two of the books arrived damaged. I reached out to customer support, but they were slow to respond. On a positive note, their prices are generally reasonable.",2,Media & Publishing
"I found the e-book layout confusing and difficult to navigate. After a lot of effort, I finally managed to download my first title, but it's been a hassle trying to figure out how to access the rest. At least the first book I read was engaging!",2,Media & Publishing
"I was excited to try their audiobook service after hearing good things, but the app frequently crashes. It took multiple attempts to even start listening. On the upside, the narration quality was quite enjoyable when it finally worked.",2,Media & Publishing
"I ordered a subscription box of graphic novels and was thrilled about the theme. However, I received duplicates instead of new titles. I contacted support, but they were unhelpful. The quality of the books was commendable, though.",2,Media & Publishing
"The printing quality of the book I received was excellent, but the delivery took nearly three weeks longer than promised. I understand delays can happen, but communication was lacking. At least the content was worth the wait.",2,Media & Publishing
"I purchased a digital magazine subscription, but the access was filled with technical glitches, making it frustrating to read. However, the articles I managed to access were informative and well-written.",2,Media & Publishing
"I had high hopes for my first order of children's books, but they sent the wrong titles. It took forever to sort it all out. Still, the few books we did get were in good shape and my kids enjoyed them.",2,Media & Publishing
"I was hoping to get insightful content with my recent purchase of a personal development book, but the delivery was two weeks late. Customer service was just okay in handling my complaint. The book itself, however, was quite helpful.",2,Media & Publishing
"The newsletter I subscribed to had a lot of promising topics, but I hardly ever received the updates. When I finally did, the content felt outdated. I did find one article interesting, but overall, I'd suggest looking elsewhere.",2,Media & Publishing
"The selection of ebooks was decent, but my download link was broken. After a few tries and contacting customer service for help, they eventually sent me a new link, but it took way longer than it should have.",2,Media & Publishing
"I ordered a magazine subscription expecting it would be delivered on time, but I received my first issue weeks late. The content was good once it arrived, but the delay was really frustrating.",2,Media & Publishing
"I was excited to try their audiobook service, but the app constantly crashes on my phone. It worked fine for the first few books, but now I can barely listen. Customer support was polite, but that didn’t solve my issue.",2,Media & Publishing
"The quality of the print books is acceptable, but the binding was poor on two of the three I received. They were not damaged in shipping, but the glue fell apart after a few days.",2,Media & Publishing
"I signed up for a trial and ended up being charged for a full membership without any clear notification. The service itself has some interesting content, but the billing process lacks transparency.",2,Media & Publishing
"The podcast I subscribed to had great topics, but the audio quality was often subpar. I reached out and got a nice response, but no improvements have been made so far.",2,Media & Publishing
"I enjoyed a couple of articles from the site, but every time I tried to download a PDF, it was riddled with errors. I had to contact support multiple times to get my downloads sorted out.",2,Media & Publishing
"I was let down by the limited range of genres available for ebooks. They also took an unusually long time to respond to my inquiry about my purchase, which added to my disappointment.",2,Media & Publishing
"The content is generally good, but I experienced issues with the subscription renewal process. I had to spend a lot of time figuring out why my account was on hold.",2,Media & Publishing
"While the photos I ordered turned out beautifully, the shipping took almost a month, far longer than expected. A little communication about the delay would have gone a long way.",2,Media & Publishing
"I was excited to subscribe to their magazine, but the delivery has been a mess right from the start. I received my first issue weeks late, and the customer service was frustratingly unhelpful. On the bright side, the content is actually quite good when it finally arrives.",2,Media & Publishing
"I signed up for a digital subscription to access their archives, but the website is constantly glitching. I found it impossible to download the articles I wanted at times. Thankfully, when it did work, the articles were quite insightful.",2,Media & Publishing
"Received my order of books, but one was the wrong edition. It took several emails to resolve, and I never received an apology for the mix-up. The other books were fine, but the hassle left a bad taste.",2,Media & Publishing
"I was drawn in by the promises of exclusive content and early releases. However, I've had nothing but trouble accessing the premium features. The non-premium content is decent, but it’s not what I signed up for.",2,Media & Publishing
"I was looking forward to my audiobook subscription, but the app keeps crashing. I managed to listen to one book, which was enjoyable, but I've wasted too much time trying to get it to work properly.",2,Media & Publishing
"My experience with this publishing service has been rocky. I received a few good articles, but errors in billing and long response times from support have been frustrating. At least the writing quality is decent, which is why I’m not completely giving up.",2,Media & Publishing
"I ordered a personalized photo book, which turned out well, but the ordering process was far too complicated. I had to redo my order multiple times due to errors in the system. The final product looked nice, though.",2,Media & Publishing
"The magazine I subscribed to provides excellent content, but the delivery issues are making me rethink my subscription. One issue arrived torn, and their customer service took ages to respond. At least the editorial team does great work.",2,Media & Publishing
"I tried to access their online articles, but login issues made it impossible for over a week. When I finally got in, the content was quite good, but the hassle to get there was not worth it.",2,Media & Publishing
"I was hoping to enjoy my new graphic novel subscription, but the shipping delays were frustrating. Customer support didn’t provide clear answers. The artwork and storytelling in the received issues were fantastic, though, which is the only thing that makes me consider renewing.",2,Media & Publishing
"I subscribed to a digital magazine that I was really looking forward to, but the app was constantly glitching. I couldn't access half the issues and ended up missing out on a lot of content. On the plus side, their customer service did respond quickly, but it didn’t seem to resolve my issues.",2,Media & Publishing
"I ordered a series of e-books during a promotion, but instead of the discounted price, I was charged full price for the first one. It took several emails to sort it out, and even then, I felt like I was just brushed off. At least the e-book download was easy once I finally got it.",2,Media & Publishing
"The online platform has some decent articles, but navigating through the website is a nightmare—pages take forever to load, and the layout is confusing. I did enjoy a few articles, but the overall experience left much to be desired.",2,Media & Publishing
"I was excited about my subscription to a renowned publishing service, but my account was locked unexpectedly. Their response was slow, and I was left in the dark for days. However, I appreciated the quality of the content when I finally gained access again.",2,Media & Publishing
"I signed up for a monthly newsletter, but I’ve been receiving marketing emails every day instead. I tried reaching out to their support, but it took them over a week to respond with an excuse. The information in the newsletter is good, though.",2,Media & Publishing
"The book I ordered took forever to arrive, despite being a 'next day delivery' promise. I had to call customer service who were polite but unhelpful. The only saving grace was that the book itself was worth the wait.",2,Media & Publishing
"I found some interesting podcasts on their platform, but the audio quality was poor, and there were frequent ads that interrupted the flow. I did appreciate the variety of topics, but it really detracted from the experience overall.",2,Media & Publishing
"Their printing service was subpar, as my order was missing several pages. It took two weeks to get a response about a reprint, which was frustrating. The quality of the pages I did receive, however, was quite nice.",2,Media & Publishing
"I expected more from the service after hearing good things, but I faced multiple issues with downloading my audiobooks. The interface was not user-friendly, but at least I enjoyed the one title that actually worked.",2,Media & Publishing
"I was excited to receive my subscription box, but it was missing several items. I had to reach out for a refund, which took longer than expected. On a positive note, the items I did receive were great quality and I did enjoy them.",2,Media & Publishing
"I ordered a magazine subscription that was supposed to be delivered monthly, but I'm now two issues behind. Customer service was polite but not very helpful. At least the first few issues arrived on time.",2,Media & Publishing
"The e-book I purchased was great, but the downloading process was a nightmare. I had to reset my password multiple times, and support took ages to respond. Finally got it working, but it was frustrating.",2,Media & Publishing
"I signed up for a premium book service expecting exclusive content, but the selection is just okay and often repeats titles. On the bright side, the delivery was fast, but I won't be renewing my subscription.",2,Media & Publishing
"I received a book that was supposed to be in perfect condition, but the spine was creased when it arrived. The customer service was friendly and offered a replacement, but I just expected better quality to begin with.",2,Media & Publishing
"I ordered a set of classic novels and while the printing quality is decent, the shipping took way too long. I appreciate the free shipping option, but it was not worth the wait.",2,Media & Publishing
"The podcast app I subscribed to crashes frequently, making it very frustrating to listen. However, I did find a couple of episodes I liked, but it’s hard to enjoy them when the app is unreliable.",2,Media & Publishing
"I received a digital magazine that I purchased, but I was unable to access it on my tablet due to compatibility issues. At least the customer support managed to get me a PDF version after some back and forth.",2,Media & Publishing
"The process of ordering my custom photo book was complicated, and I ended up with the wrong layout. They did provide a small discount for the inconvenience, but it’s still not what I wanted.",2,Media & Publishing
"I signed up for a newsletter that promised exclusive tips, but most of the content is just recycled from other sources. One or two articles were helpful, but overall it was disappointing.",2,Media & Publishing
"I was excited about the audiobook I ordered, but the narration was not what I expected. I reached out for a return but the process was cumbersome. I did enjoy a few chapters, though.",2,Media & Publishing
"Ordered a book for my kid’s birthday, and it arrived a week late. The quality of the book itself is decent, but I was really let down by the delay. I reached out to customer service, and while they were polite, they couldn’t provide a solution other than apologies.",2,Media & Publishing
"I signed up for a magazine subscription with a promotional offer, but when the first issue arrived, it was missing a couple of pages. I appreciate how quickly they sent me a replacement, but it was frustrating to deal with the error in the first place.",2,Media & Publishing
"The layout of the e-book I purchased was all over the place, making it hard to read. I did appreciate the promptness of the download, but that’s about where my satisfaction ends. I’ve had better experiences with other platforms.",2,Media & Publishing
"I tried to order a personalized photo book, but the website kept crashing during checkout. Eventually, I managed to get my order in. The book finally arrived, and to its credit, it actually looks nice, but I won’t be trying that again.",2,Media & Publishing
"I had high hopes for the audiobook collection I purchased, but the audio quality is poor. On the bright side, the selection of titles is great, but I can barely listen to them without getting distracted by the cracking sounds.",2,Media & Publishing
"My subscription renewal was an absolute nightmare. I was charged twice, and it took multiple emails to get a refund. The content is still good, but the hassle was very off-putting. I expected better management of my account.",2,Media & Publishing
"I bought a graphic novel through their site, and it took forever to arrive. They offered free shipping, which was nice, but I’d rather pay for prompt delivery than wait weeks for a product. The novel itself was worth the wait, though.",2,Media & Publishing
"Attempted to access my digital magazine subscription, but had difficulty logging in due to a glitch on their end. Customer support was responsive but didn’t help me resolve the issue quickly. At least when I finally got in, the content was enjoyable.",2,Media & Publishing
"I ordered a set of art prints, and while they look nice, the delivery was a mess. They arrived damaged, and the process to get replacements was cumbersome. I appreciate the quality of the prints, but the experience left a bad taste.",2,Media & Publishing
"I was excited about receiving my poetry anthology, but it arrived with a damaged cover. The poem selection is lovely, so I’m happy with that, but I can’t overlook how careless the packaging was. Just a little more attention could improve things.",2,Media & Publishing
"I ordered a limited edition hardcover book for a special occasion but it arrived with a damaged cover. The customer service was slow to respond, but they did eventually offer a partial refund, which was nice. Still, I expected better quality control.",2,Media & Publishing
"The subscription service I signed up for promised monthly deliveries of new releases, but I haven't received a single book on time. They sent me one as a consolation, but it was already out a month before I got it. Their website is also quite clunky.",2,Media & Publishing
"I bought a bundle deal for children's books, but most of them were not what I expected. The illustrations are lovely, but the stories are just mediocre. The pricing seemed fair, but now I feel like I overpaid.",2,Media & Publishing
"My experience with this magazine subscription has been underwhelming. The delivery has been inconsistent, and I often find myself skipping issues. However, I do enjoy the content when it arrives, so there's that.",2,Media & Publishing
"Ordered a graphic novel that was supposed to arrive in a week. Two weeks later, I was still waiting, and the tracking info was useless. At least when it finally got here, it was in perfect condition, but that wait was frustrating.",2,Media & Publishing
"I tried to purchase an eBook, but the download link didn't work initially. After a chat with support, they fixed it, but I feel the process was far too complicated. The book itself is good, so I'm torn.",2,Media & Publishing
"I was excited about my order for a cookbook, but the recipes I've tried so far haven’t worked out. Customer service was polite and offered some tips, but it doesn’t change the fact the book was disappointing.",2,Media & Publishing
"The novel I received was beautiful, but it took forever to get to me. I had to follow up multiple times with customer service to get updates. They offered expedited shipping for my next order, but I'm not sure I'll risk it again.",2,Media & Publishing
"I bought a couple of magazines, and while the articles are interesting, the delivery took too long. I was also disappointed to find that one of the issues was missing pages. They did send a replacement quickly, which I appreciated.",2,Media & Publishing
"I signed up for a digital magazine subscription and loved the first issue. Unfortunately, subsequent ones have had broken links and missing content. Their support team was helpful, but it's been frustrating figuring out what’s going wrong.",2,Media & Publishing
"I subscribed hoping to get access to a wide range of e-books but the selection feels quite limited. The app crashes often, which is really frustrating when I'm trying to read. On the upside, the customer service did respond quickly when I reached out.",2,Media & Publishing
"The printing quality of the magazine I ordered was decent, but my subscription was a nightmare. My payment didn't go through initially, and I had to spend hours fixing it. The experience really dampened my enthusiasm for the content.",2,Media & Publishing
"While I appreciate the effort put into the articles, I found the navigation on the website to be a hassle. It took me ages to find what I wanted. I did enjoy a few feature stories, but overall, it’s not worth the trouble.",2,Media & Publishing
"I tried using their audio service after hearing good things, but faced multiple issues with buffering and playback. I did get a nice welcome email, but it doesn’t make up for the constant interruptions while listening.",2,Media & Publishing
"Placed an order for a special edition book only to find out it was out of stock days later. Customer support was slow to provide a resolution. I liked the packaging, but it’s hard to be excited when I still don’t have the book.",2,Media & Publishing
"I was excited about my subscription but found that most of the promised benefits didn’t materialize. The website is cluttered, making it difficult to redeem offers. At least the few publications I received were interesting.",2,Media & Publishing
"After signing up, I never received the confirmation email. I spent a long time trying to get help from their support team. Eventually, they fixed it, but it shouldn’t have required so much effort on my part.",2,Media & Publishing
"The online magazine has some intriguing articles, but the overall layout is confusing. I often spend more time searching for articles than actually reading them. I did enjoy one or two pieces, though.",2,Media & Publishing
"I tried to download an audiobook, but it said my payment failed, even though my account was charged. It took me weeks to sort it out. The narrators are great, but the service needs some serious improvement.",2,Media & Publishing
"I bought a couple of self-help books that had great reviews, but they didn’t meet my expectations. I also had trouble with the checkout process, which was annoying. At least the delivery was prompt.",2,Media & Publishing
"I ordered a special edition book that was supposed to have vibrant illustrations. When it arrived, the colors were muted, making the whole package feel disappointing. The shipping was fast, but I expected better quality.",2,Media & Publishing
"The magazine subscription I signed up for was supposed to be monthly, but I received my first issue two months later. Customer service was friendly but not very helpful. At least the content is good, but the timing is a big letdown.",2,Media & Publishing
"I bought a collection of essay books but noticed a few pages were missing in one of them. I contacted support and they promised a replacement but it took forever. On a positive note, the other books were great reads.",2,Media & Publishing
"I was excited to get my personalized photo book, but the layout was all messed up. I managed to somewhat fix it, but it was time-consuming. The print quality of the photos was decent, at least.",2,Media & Publishing
"Ordered a comic book set as a gift, but when it arrived, several of the covers were damaged. I reached out for a replacement, which took weeks. However, the stories are fantastic, just wish the physical product matched.",2,Media & Publishing
"The eBook I purchased didn't sync properly across devices, which was frustrating. I had to manually download it multiple times. On the upside, the content was engaging when I finally got to read it.",2,Media & Publishing
"I was thrilled to subscribe to this newsletter, but the first issue was filled with outdated information. I hope the next one is better, but it was a letdown. The layout was nice at least.",2,Media & Publishing
"I ordered a set of motivational prints, but one arrived with a noticeable tear. The replacement took too long to arrive. The other prints look good and are a nice addition to my workspace.",2,Media & Publishing
"I signed up for an audiobook service and was charged twice in one month without warning. Support was polite but slow to respond. The audiobooks are enjoyable, but the billing issues have soured my experience.",2,Media & Publishing
"I received a cookbook but many of the pages were sticking together. It took a bit of effort to separate them without tearing. The few recipes I tried were good, so I’m conflicted about the whole experience.",2,Media & Publishing
"I really liked the selection of e-books available, but the app freezes constantly. It’s frustrating when I’m trying to read and have to keep restarting the app.",2,Media & Publishing
"The subscription service offers great content, but I had issues with the billing. I was charged twice in one month for the same service and getting a hold of customer support was a hassle.",2,Media & Publishing
"I enjoyed the articles on this site, but the loading times are unbearable. Sometimes it takes forever to get to the next page, which makes reading an exercise in patience.",2,Media & Publishing
"The layout of the magazine is beautiful and the photography is stunning. However, I faced significant delays with my delivery, and it arrived much later than promised.",2,Media & Publishing
"I found a great selection of audiobooks, but after signing up for a trial, I was charged for a full subscription without clear notice. Customer service helped eventually, but it was an unnecessary hassle.",2,Media & Publishing
"While I appreciate the variety of genres offered, the quality of some of the printed books I received was disappointing. One book had pages that were stuck together, which made it hard to read.",2,Media & Publishing
"The newsletter content is engaging and informative. However, I had trouble unsubscribing when I decided I no longer wanted to receive it, which was quite annoying.",2,Media & Publishing
"I like the idea of their reading challenges, but the app's notifications are overwhelming and confusing. I ended up getting reminders for events I didn’t even sign up for.",2,Media & Publishing
"Great podcast selection that I really enjoy, but I experienced multiple interruptions while streaming. It can really ruin the listening experience when it buffers frequently.",2,Media & Publishing
"I admire the writers featured in their articles, but the website is a nightmare to navigate. I often can’t find what I’m looking for, and the search function doesn’t seem to work well.",2,Media & Publishing
"I was excited to subscribe to the weekly magazine, but the first issue arrived a month late. Customer service was apologetic but unhelpful. The content was decent when it finally arrived, but I don’t think I’ll be renewing my subscription.",2,Media & Publishing
"The e-book I purchased had several formatting errors that made it hard to read. I contacted support but didn’t get a satisfactory solution. I appreciated the prompt delivery, but that doesn’t compensate for the poor quality.",2,Media & Publishing
"My attempt to access an online journal was met with constant error messages. I managed to get through to help, but it took forever to get a response. At least the articles I did manage to read were interesting.",2,Media & Publishing
"I ordered several audiobooks as part of a promotional package. While the first one was enjoyable, the second one didn’t download properly despite trying multiple times. Customer service was responsive, but the hassle was frustrating.",2,Media & Publishing
"The subscription cancellation process was unnecessarily complicated. It took longer than I expected to find the right option on the website. The content was useful while I had it, but I won’t be coming back anytime soon.",2,Media & Publishing
"I was looking forward to the monthly newsletter, but it often arrived late and sometimes didn’t contain the promised content. The few articles I did enjoy were well-written, but that’s not enough to keep me subscribed.",2,Media & Publishing
"I bought a set of magazines, and while they were delivered quickly, one issue was missing. I had to chase customer service for a resolution, which took longer than expected. It’s disappointing when you pay for a full set.",2,Media & Publishing
"The online course I enrolled in had some great material, but the platform was glitchy and crashed multiple times. I did learn a few things, but the frustrations overshadowed the positives.",2,Media & Publishing
"I was eager to try out this new publishing service, but my first submission was met with confusing feedback and lengthy delays. Their customer support was friendly, but it didn’t resolve my issues efficiently.",2,Media & Publishing
"I recently purchased an annual subscription to a digital magazine. While the initial issues were informative, the app was buggy and constantly logged me out. I might keep it for a while, but I’m not very hopeful.",2,Media & Publishing
"I signed up for the digital magazine subscription and was really excited about the content, but the app crashes constantly. I managed to read a few articles before it started acting up. On the bright side, the articles I did read were interesting.",2,Media & Publishing
"I was attracted by the promise of exclusive e-books for a low monthly fee. While I did get my first book, the second one was a hassle to access. I appreciate the customer service’s attempt to help me, but it took way too long to resolve.",2,Media & Publishing
"Their newsletter has some great tips, but they send it way too frequently. I felt like I was being spammed. I did find some useful articles, though, which made me stick around a little longer than I wanted.",2,Media & Publishing
"The website has a decent layout, but the checkout process is a nightmare. I wanted to buy a few issues, and the payment glitch made it a frustrating experience. At least the support team was responsive when I reached out.",2,Media & Publishing
"I took a chance on their audiobook subscription, and while I loved the first title, the second one was unavailable for months. I was really disappointed, but I did appreciate the customer support's willingness to offer a credit.",2,Media & Publishing
"I wanted to download some classic novels, but the format was all wrong for my e-reader. I did find a few good reads, but the overall experience was pretty tedious. I wish they had clearer instructions.",2,Media & Publishing
"I enrolled in their online writers' workshop, and the feedback was valuable, but it took weeks to get a response on my submissions. The instructor was kind, but the delays were frustrating.",2,Media & Publishing
"I received a book that was damaged during shipping, which was disappointing. They replaced it quickly, which I appreciated, but it put a damper on my experience overall. The book itself was good when I finally got it.",2,Media & Publishing
"Their promotional offers are tempting, but when I tried to redeem one, the website wasn't cooperating. I did get some help from customer service, but it took too long to sort out. The content is decent, at least.",2,Media & Publishing
"I was excited about the subscription service but found the selection lacking after a couple of months. The few good titles I did get were overshadowed by the rest. On the plus side, their user interface is easy to navigate.",2,Media & Publishing
"I subscribed to a digital magazine and was excited to get started, but the app constantly crashes on my device. I finally got one issue to load, but the layout was a mess. The content is good, though!",2,Media & Publishing
"I was drawn in by a promotion for an annual subscription at half price, but when I tried to access the content, it kept telling me my account wasn’t active. It took days to sort out, but customer service was polite.",2,Media & Publishing
"Ordered a book from an online publisher and the shipping took over two weeks. The book arrived in good condition, but I expected better service for the price. The selection is impressive, but I’m hesitant to order again.",2,Media & Publishing
"The website is pretty difficult to navigate, and I often find myself frustrated trying to locate past articles. However, the articles I do manage to find are usually pretty insightful.",2,Media & Publishing
"I really enjoyed the first few podcasts I listened to, but the app has been buffering non-stop lately. It’s disappointing because the content is otherwise great. I hope they fix the issues soon!",2,Media & Publishing
"My experience with the e-book service hasn't been great due to several glitches during the download process. On the positive side, the actual reading experience was enjoyable once I got it to work.",2,Media & Publishing
"I signed up for an online course and was excited, but the video streaming quality was poor, and sometimes the video wouldn’t load at all. The instructor was knowledgeable, so that helped redeem the experience somewhat.",2,Media & Publishing
"I encountered multiple errors trying to access my subscription content. After contacting support, they were somewhat helpful, but the overall delay was frustrating. I did appreciate their quick response time.",2,Media & Publishing
"I wanted to try out their magazine subscription based on friend recommendations, but I’ve faced a couple of billing issues. At least the customer service was friendly and resolved my concerns, which is a plus.",2,Media & Publishing
"I received a limited edition book that I loved, but the delivery was chaotic and took way too long. While I’m satisfied with the product, the process left much to be desired.",2,Media & Publishing
"We booked a romantic getaway but felt misled about the location. The beach was much further than described and not easily accessible. The staff were friendly enough, but the noise from nearby construction kept us from enjoying the peace we were looking for.",2,Travel & Vacation
"The hotel was decent, but check-in took forever, and our room wasn't ready even though we arrived late. We got a complimentary drink for the inconvenience, which was nice, but it didn’t make up for the hassle.",2,Travel & Vacation
"Our family trip was marred by a lack of communication from the tour company. We arrived at the meeting point only to find out the tour had been canceled due to weather. They did offer a refund quickly, but it would have been nice to have a heads up beforehand.",2,Travel & Vacation
"I was excited for our guided hiking tour, but the path was poorly marked, and we ended up lost for an hour. The guide tried to help, but it was stressful. The scenery was beautiful, so I’ll give credit where it’s due.",2,Travel & Vacation
"The resort looked good online, but the reality was quite different. Our room was outdated and not very clean. Still, the pool area was nice and well-maintained, which was a relief.",2,Travel & Vacation
"Our flight was delayed multiple times, and we received little information. They did provide food vouchers, which helped a bit, but it didn’t change the fact that we were stuck at the airport for hours.",2,Travel & Vacation
"The car rental service was surprisingly slow, and we had to wait over an hour for our vehicle. However, the car itself was clean and in good condition, so at least we could drive around comfortably.",2,Travel & Vacation
"We expected great dining options at the resort, but most were closed during our stay without prior notice. The complimentary breakfast was decent, but it was not enough to make up for the lack of variety.",2,Travel & Vacation
"While the cruise had some fantastic ports of call, the on-board entertainment was lackluster, and the dining options were limited. We managed to meet some great people, so that helped offset our disappointment.",2,Travel & Vacation
"The travel agency didn’t book our connecting flight properly, meaning we had a long layover with no updates. They did assist when we finally reached them, but it was frustrating to deal with the mix-up.",2,Travel & Vacation
"We booked a family vacation to Cancun and were really looking forward to it. The hotel was nice, but the check-in process took over an hour, and we were given a room that wasn't ready. The staff were friendly, but they could have been more organized. The beach was beautiful, but our access to water sports was limited because they were under maintenance without notice.",2,Travel & Vacation
"Our cruise left late due to 'technical difficulties,' but we never got a clear explanation. While the ship was clean and the crew polite, the shore excursions were poorly organized and overcrowded. We did enjoy the entertainment on board, but overall, it felt like a frustrating experience that could have been smoother.",2,Travel & Vacation
"We had high hopes for our B&B in the Lake District, but it was a letdown. The rooms were smaller than advertised, and we weren't informed about the ongoing renovations until we arrived. Breakfast was decent, but the noise from the construction was unbearable at times.",2,Travel & Vacation
"I stayed at a supposed luxury resort and honestly, it fell short. The room was nice enough, but the Wi-Fi was spotty and the restaurants had long wait times. I did appreciate the pool area, but it was hard to relax with all the screaming children around.",2,Travel & Vacation
"Booked a weekend getaway in a cozy cabin, but it ended up being too noisy due to nearby traffic. The interior was charming, yet the kitchen was under-equipped for cooking. We managed to enjoy some nice hikes, but the lack of tranquility was disappointing.",2,Travel & Vacation
"Our weekend trip to Paris had a rocky start with a mix-up in our hotel reservation. While the hotel staff fixed the issue quickly, it wasted a lot of our time. The room was comfortable and the breakfast was quite good, but we left feeling frustrated.",2,Travel & Vacation
"I was excited about our guided tour of Italy, but the tour guide was disorganized and frequently lost track of the schedule. Some of the sights we visited were incredible, but we spent more time waiting than exploring. The local guides were knowledgeable, but it overshadowed the experience.",2,Travel & Vacation
"We attended a camping trip organized by a local group. The location was stunning, but the campsite was poorly maintained and lacked basic facilities. I appreciated the effort from the organizers, but it felt like they were unprepared for the number of guests.",2,Travel & Vacation
"The train journey through the countryside should have been relaxing, but it was marred by delays. When we finally boarded, our seats were cramped, and we had to deal with loud passengers. The views were beautiful, and the dining car had decent food, but it wasn't enough to make up for the chaos.",2,Travel & Vacation
"I booked a trip to a popular amusement park, and while the rides were great, the queues were unbearable. We spent most of our day waiting, and the food options were overpriced and underwhelming. Our kids had fun, but it's hard to justify the cost when the experience was so stressful.",2,Travel & Vacation
"Our vacation in Portugal was marred by constant construction noise at the hotel. The front desk didn't inform us about the renovations when we booked. On a positive note, the staff was friendly and the breakfast was decent, but the noise made it hard to relax.",2,Travel & Vacation
"We arrived at a cabin that was supposed to have a scenic view, only to find out that we were looking at a parking lot instead. The pictures were misleading. On the upside, the beds were comfortable, but it was hard to enjoy them with all the disappointments.",2,Travel & Vacation
"The travel agency messed up our flight details, causing us a day of stress and scrambling for alternative arrangements. The hotel we eventually stayed at was adequate, but definitely not what we initially booked. The travel agent was apologetic, but it didn’t make up for the hassle.",2,Travel & Vacation
"Our cruise was supposed to be a relaxing getaway, but we faced long delays at embarkation and misinformation about our itinerary. The food was satisfactory, but a vacation shouldn’t feel like a chore.",2,Travel & Vacation
"We booked a beach resort that promised private access, but we found it was shared with the public. It was disappointing, but the pool was nice enough. We expected more for the price.",2,Travel & Vacation
"The tour guide was less than knowledgeable and often mixed up locations during our city tour. However, the sites we saw were beautiful, which salvaged part of the experience.",2,Travel & Vacation
"Our family trip to the theme park was overshadowed by long queues and a lack of communication about ride closures. The kids enjoyed some of the attractions, but we had to manage our expectations all day.",2,Travel & Vacation
"The rental car we received was not what we asked for, leading to some uncomfortable moments during our trip. While the staff was friendly and tried to help, it still left a bitter taste. The GPS included was a nice touch.",2,Travel & Vacation
"We were promised a room with a view of the mountains, but instead ended up facing a brick wall. A minor compensation was offered, but it didn’t make up for the letdown.",2,Travel & Vacation
"Our itinerary was poorly organized, leading to missed connections and wasted time. However, the hospitality at the hotel redeemed some of the experience, even if it felt like a lot of effort for not much reward.",2,Travel & Vacation
"We were really looking forward to our beach getaway, but the hotel was far from what we expected. The check-in process took ages, and the staff seemed uninterested in helping. The room itself was decent, but the air conditioning unit was broken and it made for a very uncomfortable night.",2,Travel & Vacation
"Our family trip to the amusement park was marred by long queues and unhelpful staff. While the rides were fun, we were disappointed to find many attractions closed without prior notice. The food options were limited and overpriced, but at least the park was clean.",2,Travel & Vacation
"I booked a weekend escape to a cozy cabin, but the road leading there was under construction, which made finding the place a nightmare. The cabin itself was charming, but it lacked basic amenities like enough towels and kitchen supplies. I wish I had been informed about the construction beforehand.",2,Travel & Vacation
"We had high hopes for our guided tour, but the guide was disorganized, and we missed key stops. The sights were beautiful, though, and the transportation was comfortable. Still, the lack of a proper itinerary left us confused and frustrated.",2,Travel & Vacation
"My partner and I decided to try a new hotel for our getaway, but it was a letdown. The pool was closed for maintenance, which we were not told about until arrival. The room was clean, but the noise from the street made it hard to relax. Overall, not the peaceful retreat we had envisioned.",2,Travel & Vacation
"Our cruise started with excitement but soon turned into a hassle. While our cabin was spacious and tidy, the itinerary was poorly communicated. Many events were canceled, leaving us with limited activities. We expected better organization from such a renowned company.",2,Travel & Vacation
"The all-inclusive resort had potential, but we faced several issues. The food was often cold, and the wait staff seemed overwhelmed. On a positive note, the beach was lovely and the drinks were decent. But the overall service really needs improvement.",2,Travel & Vacation
"We booked a romantic getaway, but our experience was overshadowed by construction noise at the hotel. The room was nice, but we couldn’t fully enjoy our stay with constant banging and drilling. Better communication about the renovations would have been appreciated.",2,Travel & Vacation
"Our travel agency arranged a trip that promised much more than what we received. The accommodations were subpar and not as described. While the location was nice, the lack of attention to detail was disappointing; it could have been a fantastic vacation with a bit more care.",2,Travel & Vacation
"We were excited for our safari adventure, but our guide was uninformed about the best viewing spots. Thankfully, we still saw some stunning animals. The transportation was comfortable, but the overall experience felt rushed and disorganized, leaving us wanting more.",2,Travel & Vacation
"We booked a weekend getaway to a beach resort, but the room was not as described. It was small and had a view of the parking lot instead of the ocean. The breakfast was decent, but the noise from the nearby club kept us up all night.",2,Travel & Vacation
"The tour company had a lot of potential, but unfortunately, the itinerary was poorly organized. We spent half the day waiting for transportation. On the plus side, our guide was knowledgeable and friendly.",2,Travel & Vacation
"I was really looking forward to our cabin in the mountains, but it was not well maintained. There were cobwebs everywhere, and the heating didn’t work properly. The hot tub was a nice touch, but it took ages to heat up.",2,Travel & Vacation
"Our family vacation started off on a bad note with a delayed check-in at the hotel. The staff seemed overwhelmed and not very helpful. The pool area was nice, but it was overcrowded, making it hard to relax.",2,Travel & Vacation
"We arrived at our rented flat only to find out that it hadn’t been cleaned properly. There were dishes in the sink and dust everywhere. On the bright side, it was in a great location and had a lovely balcony.",2,Travel & Vacation
"I can’t say I was impressed with our guided tour. The bus was cramped and not very comfortable, which made the journey feel long. However, the sights were beautiful, and the guide did have some interesting stories.",2,Travel & Vacation
"Hotel was easy to find, but the check-in process took forever due to a computer glitch. Our room was outdated, and some amenities were out of order. The views from the balcony were lovely, which helped make up for the inconvenience.",2,Travel & Vacation
"The snorkeling trip we booked was quite disappointing. The equipment was old and poorly maintained, and the water was murky. The lunch provided was surprisingly tasty, but the overall experience left much to be desired.",2,Travel & Vacation
"We faced several issues during our stay at the resort, including broken air conditioning and slow service at the restaurants. The staff eventually addressed our concerns, and the food was pretty good, but the overall experience felt rushed.",2,Travel & Vacation
"Our cruise had a beautiful itinerary, but the ship itself was quite old and tired. Service was hit or miss, and we encountered long lines for everything. Still, the entertainment options were enjoyable and helped lighten the mood.",2,Travel & Vacation
"The location of the hotel was perfect, but the room was in dire need of renovation. The bed was uncomfortable and the shower barely worked. It was disappointing, especially for the price we paid.",2,Travel & Vacation
"I had high hopes for this vacation package, but the itinerary was poorly organized. We missed several activities because of scheduling conflicts. The guide was nice, but overall, it felt chaotic.",2,Travel & Vacation
"Our villa was lovely, but we had no hot water for two days. The management was quick to respond but didn’t resolve the issue efficiently. It really put a damper on our stay, although the view was stunning.",2,Travel & Vacation
"The cruise was enjoyable for the most part, but our cabin was noisy and located near a maintenance area. The food was decent, but we had to deal with frequent issues with room service.",2,Travel & Vacation
"The tour was informative, but we were often left waiting for long periods. One of the stops was beautiful, but the time allocated wasn’t enough to enjoy it fully. The guide was friendly, but the pace was frustrating.",2,Travel & Vacation
"Our camping site was picturesque, but we were placed right next to a noisy group. It made it hard to relax, despite the lovely nature trails nearby. A bit more attention to site assignments would have helped.",2,Travel & Vacation
"The all-inclusive resort had great amenities, but the service was quite slow. We frequently had to wait for a long time at the bars and restaurants. The beach was nice, but it didn’t make up for the service issues.",2,Travel & Vacation
"I loved the charm of the bed and breakfast, but the check-in process was a mess. They had lost our reservation, and we ended up waiting for an hour. Fortunately, breakfast was delicious!",2,Travel & Vacation
"While the guided hike was beautiful, the group was too large for my liking, making it hard to hear the guide. The scenery was breathtaking, but it felt impersonal. A smaller group would have made it much better.",2,Travel & Vacation
"The apartment was nice, but the cleanliness was subpar. There were crumbs in the kitchen and the bathroom could have used a deeper clean. The location was excellent, though, so it wasn't a total loss.",2,Travel & Vacation
"The hotel was decently clean and the staff were friendly, but the air conditioning in our room was broken during our entire stay. We had to sleep with the windows open, which made it very noisy. Not what I expected for the price we paid.",2,Travel & Vacation
"Booking was straightforward, and the location was great. However, our room smelled musty, and I found mold in the shower. They did provide us with fresh towels quickly, but that didn't make up for the overall discomfort.",2,Travel & Vacation
"The travel agency was easy to contact, but they didn’t inform us about the ongoing construction at the resort. The noise was unbearable during the day, which ruined our relaxation. On the bright side, the food was quite enjoyable.",2,Travel & Vacation
"We really liked the guided tour options available, but our guide seemed disorganized and missed several key spots. The transportation was also late, which wasted a lot of our day. A little disappointing overall.",2,Travel & Vacation
"The booking process was simple, but our flight was delayed significantly without any prior notice. The customer service was friendly but didn’t provide us with much help regarding accommodations while we waited.",2,Travel & Vacation
"The villa we rented was in a lovely area, but it was not as described. The amenities were outdated, and the Wi-Fi was almost non-existent. We appreciated the welcome basket they provided, but it didn’t make up for the overall issues.",2,Travel & Vacation
"The excursions offered were interesting, but the information provided was misleading. We thought we were getting a full-day trip, but it was half-day at best. The scenery was beautiful, though, so we managed to enjoy that.",2,Travel & Vacation
"I appreciated the early check-in option, but upon arrival, our room wasn’t ready. We had to wait over an hour to settle in, which was quite frustrating. The hotel staff tried to make it up to us with a drink at the bar, which was a nice touch.",2,Travel & Vacation
"The cruise we booked had some nice activities, but the cabin was cramped and not well maintained. The dining options were good, but we faced long waits to get seated, which was annoying.",2,Travel & Vacation
"While the destination was stunning and the weather was perfect, the travel company lost our luggage for two days. They eventually found it, but the stress it caused was not worth the beautiful scenery. At least the local shops were friendly.",2,Travel & Vacation
"The hotel we stayed at had a lovely view, but the cleanliness was appalling. The bathroom hadn't been properly cleaned, and we found hair in the shower. Staff were friendly but seemed overwhelmed, which made check-in a lengthy ordeal.",2,Travel & Vacation
"Although the beach was beautiful, our rental apartment was far from what was advertised. The furniture was old, and we had issues with the air conditioning that took days to fix. The kitchen was well-equipped, which was the only positive.",2,Travel & Vacation
"The tour we booked was interesting, but the guide was quite disorganized. We waited almost an hour beyond the scheduled start time. The sights were amazing, but the overall experience left us frustrated instead of excited.",2,Travel & Vacation
"I loved the location of the campsite, but the facilities were poorly maintained. The restrooms were often dirty, and there was no hot water on two occasions. The staff were helpful and friendly, which was a small comfort.",2,Travel & Vacation
"Our family trip to the resort had its highs, especially the kids' club activities, but the food was simply terrible. We had issues with our room not being ready upon arrival, which was frustrating after a long drive.",2,Travel & Vacation
"While the location of the bed and breakfast was superb, the breakfast itself was disappointing—limited options and cold food. The room was decently furnished, but it had a strange odor that we couldn't put our finger on.",2,Travel & Vacation
"The guided hike was scenic, but the transportation to the meeting point was a mess. We were left waiting for over 30 minutes for the bus to arrive. The guide was knowledgeable, but the delay really soured the start of our day.",2,Travel & Vacation
"I was excited about the cruise, but the cabin was cramped and not very clean when we arrived. There were some fun activities onboard, but the dining experience was bland. Not what I expected for the price.",2,Travel & Vacation
"The flight was on time, which was a relief, but the baggage claim process took forever. Our bags were among the last to come out, and it made a stressful trip feel worse. The crew on the flight were friendly, which helped a bit.",2,Travel & Vacation
"We arrived at the cottage only to find that the heating wasn't working, and it was quite chilly. The property itself was charming and cozy once warm, but the lack of communication about the heating issue was inconvenient.",2,Travel & Vacation
"When I booked my trip to the Maldives, I expected pristine beaches and luxury. However, I was disappointed to find the beach area littered with debris. The staff was friendly enough, but the lack of cleanliness really put a damper on my stay.",2,Travel & Vacation
"My family stayed at a supposedly top-rated resort in Orlando. Check-in took forever and our room wasn’t ready. The only good thing was the kids enjoyed the pool area, but the overall experience was frustrating.",2,Travel & Vacation
"We were excited for our weekend getaway, but the cabin we rented had multiple issues, including leaky faucets and a broken heater. The view was lovely, but the negligence in maintenance was unacceptable.",2,Travel & Vacation
"The tour we booked promised a guided experience of Rome's highlights. Unfortunately, our guide was late and we missed the first stop. The sites we did see were stunning, but the disorganization was a real letdown.",2,Travel & Vacation
"We stayed at a supposed five-star hotel in Paris. Room service took over an hour, and the food was lukewarm when it finally arrived. The bed was comfy, but I expected much more from such a renowned establishment.",2,Travel & Vacation
"The cruise experience was not what I hoped for. There were constant delays, and our excursions felt rushed. On the bright side, the entertainment was decent, but it hardly made up for the overall chaos.",2,Travel & Vacation
"We visited a popular national park and were disappointed to find most trails closed. The park ranger was helpful, but we felt let down by the lack of communication regarding closures on their website.",2,Travel & Vacation
"The hostel we booked was in a great location, but the lack of hot water for two days was unacceptable. The Wi-Fi was dependable, but without basics working properly, it was hard to feel comfortable.",2,Travel & Vacation
"The beach resort we chose was beautiful, yet we experienced a lot of construction noise during our stay that wasn't disclosed beforehand. The complimentary breakfast was good, but the disruptions made it hard to relax.",2,Travel & Vacation
"I was looking forward to our guided mountain hike, but the guide didn't seem very knowledgeable, often getting lost. The scenery was breathtaking, but the lack of direction ruined the experience.",2,Travel & Vacation
"The location of our hotel was stunning, but the service left a lot to be desired. We arrived to find our room not ready, and had to wait over an hour while they cleaned it. The front desk staff were polite, but seemed overwhelmed and unhelpful.",2,Travel & Vacation
"Our family trip to the resort was marred by constant maintenance noises. The pools were supposed to be open, but one was closed for repairs. The kids enjoyed the one pool that was open, but it was frustrating to have such inconveniences during our stay.",2,Travel & Vacation
"Check-in took forever, and when we finally got into our room, the heating wasn't working. The staff did eventually bring a portable heater, which helped slightly, but it took hours to resolve. The breakfast buffet was decent, but overall, not what we expected.",2,Travel & Vacation
"The apartment we rented was well-located and spacious, but it was filthy when we arrived. We had to clean it ourselves before feeling comfortable. That being said, the view from the balcony was lovely, which was the only highlight of our stay.",2,Travel & Vacation
"I really liked the tours we booked through this travel agency, but the transportation was a mess. We were left waiting over an hour for pickups, and some guides seemed disorganized. A couple of the sights were absolutely beautiful, but the stress took away from the experience.",2,Travel & Vacation
"The campsite was in a beautiful area, but the facilities were lacking. The showers were cold, and there weren't enough toilets for the number of campers. The staff were friendly, but they didn’t seem to care about the cleanliness of the shared spaces.",2,Travel & Vacation
"We had a lovely beachfront view, but the room itself was outdated and not as clean as it should have been. We also had issues with the air conditioning. Despite these problems, the beach access was excellent, and the sunsets were breathtaking.",2,Travel & Vacation
"The cruise itself was enjoyable, with great entertainment options. However, the food was often cold or bland, and we faced long waits for dinner reservations. The staff did their best, but it felt like a lack of organization was the main issue.",2,Travel & Vacation
"Staying at this bed and breakfast had its charms, but we had several issues with our booking. Our original room wasn't available when we arrived, and we were put in a smaller one instead. The breakfast spread was delicious, but the hassle of the mix-up left a sour taste.",2,Travel & Vacation
"Our rental car had a flat tire upon pickup, which took almost two hours to get replaced. The customer service staff were friendly and apologetic, but it really put a damper on our plans. At least the car drove well once we finally got on the road.",2,Travel & Vacation
"The location was fantastic, right by the beach, but we were very disappointed with the cleanliness of our room. There were stains on the carpet and the bathroom wasn't properly cleaned. Also, the check-in process took way too long, and despite the nice view, it overshadowed the overall poor experience.",2,Travel & Vacation
"I booked a guided tour to the national park, which had some beautiful sights. However, the guide was late and quite disorganized, and we missed out on key parts of the tour. On a positive note, the scenery was breathtaking, but the management really needs to tighten things up.",2,Travel & Vacation
"We had some enjoyable meals at the hotel restaurant, but our room was adjacent to a very loud area, and we couldn’t get a good night's sleep. It would have been helpful if they had informed us about the noise level. Not what we expected for the price.",2,Travel & Vacation
"The itinerary looked great, but the transport arrangements were poorly executed. We ended up waiting over an hour for our shuttle, and communication was lacking. That said, the final destination was worth seeing, but we were frustrated by the delays.",2,Travel & Vacation
"I loved the historical sights we visited, but the accommodation left much to be desired. It was outdated and the heating didn't work well, leaving us cold at night. The staff were friendly, though, which somewhat made up for the shortcomings.",2,Travel & Vacation
"Our trip included a fantastic city tour; the guide was knowledgeable and engaging. Unfortunately, the hotel we stayed in had major plumbing issues, which affected our stay. It’s a shame because the tour was great, but the hotel experience really dragged us down.",2,Travel & Vacation
"The beach resort was quite nice, but the services were lacking. We had issues with our room not being ready on arrival, which was frustrating. However, the pool area was lovely, and the staff tried to help us, but the initial mix-up soured the experience.",2,Travel & Vacation
"We booked a week-long vacation, and while the location was absolutely stunning, the weather didn’t cooperate. Our cabin was nice enough but had no hot water for two days, which was quite uncomfortable. Overall, it was a mixed bag, with highlights overshadowed by the issues.",2,Travel & Vacation
"The tour company had a wide array of packages available and the booking process was simple. Unfortunately, our tour was canceled at the last minute due to weather, and we were not offered much of a solution. The scenery looked promising, but we didn’t get to experience it.",2,Travel & Vacation
"The cruise we went on had some fantastic entertainment options. However, our cabin was cramped, and we encountered several delays with boarding. While the staff were friendly, the overall organization could use some serious improvement.",2,Travel & Vacation
"Our stay at the beach resort was not what we expected. The room was clean and the view was lovely, but there was constant noise from the construction work nearby. We were not informed about it in advance, which made it difficult to relax.",2,Travel & Vacation
"I booked a weekend getaway only to find out the hotel restaurant was closed for renovations. It would have been nice to know beforehand. The staff was friendly and helpful, but ultimately, it left us scrambling for meal options.",2,Travel & Vacation
"Such a mixed experience at the city tour. The guide was knowledgeable and engaging, but the bus was cramped and we had to wait an hour for a late arrival. Very frustrating after a long day of sightseeing.",2,Travel & Vacation
"I had higher hopes for our vacation package, but the itinerary felt rushed and poorly organized. The hotel was decent, but we faced long waits for transportation. I appreciated the effort from our travel agent, but it wasn't enough to outweigh the stress.",2,Travel & Vacation
"The location of the cabin was beautiful, but the amenities were lacking. The Wi-Fi barely worked, and we had issues with hot water. The property manager was kind, but these issues really put a damper on our getaway.",2,Travel & Vacation
"I wanted to love this cruise, but several things went wrong. The food was acceptable at best, and our shore excursion was canceled at the last minute. At least the cabin was comfortable and the staff tried their best.",2,Travel & Vacation
"Our family trip to the amusement park was disappointing. The entrance lines were long, and we weren't informed about the park's limited ride operation hours. The kids enjoyed some attractions, but overall, it felt mismanaged.",2,Travel & Vacation
"The guided hiking tour was scenic, but the group was far too large to enjoy it fully. We struggled to hear the guide at times, and there were several misunderstandings about the meeting points. The scenery was stunning, though.",2,Travel & Vacation
"I had difficulties during my recent hotel stay. The check-in process took forever, and there was a mix-up with our reservation. While the staff addressed the issues, it still made for a frustrating experience.",2,Travel & Vacation
"Although I enjoyed the historic sites on our trip, the accommodation left much to be desired. The room was outdated, and the heating didn’t work properly. I did appreciate the central location, but it wasn't enough to make me want to return.",2,Travel & Vacation
"I had high hopes for our beachfront villa, but the reality was quite different. The kitchen was poorly equipped, which made cooking breakfast a real challenge. The beach was nice, but it was overshadowed by the constant noise from nearby construction.",2,Travel & Vacation
"Our trip was met with several hiccups. The shuttle from the airport took forever to arrive, and when it did, it was overly crowded. The hotel room was fine, but the check-in process was chaotic and unorganized.",2,Travel & Vacation
"Although the view from our hotel room was stunning, we faced multiple issues during our stay. The air conditioning broke down for a day, and the staff seemed overwhelmed by complaints. I appreciated their effort to resolve it quickly, but it still left a sour taste.",2,Travel & Vacation
"I was excited to explore the local attractions, but the tour company I chose was disorganized. We were given incorrect meeting points, which caused us to miss part of the tour. The guide was pleasant, but overall, it felt like a poorly managed experience.",2,Travel & Vacation
"The location of our lodge was perfect, but amenities were lacking. The Wi-Fi was almost non-existent, making it hard to plan our daily activities. At least the grounds were well-kept, providing a nice area to relax after a long day.",2,Travel & Vacation
"Our travel agent was friendly, but she missed a few critical details regarding our itinerary. We ended up stranded at the airport for hours due to a lack of proper connections. Fortunately, the hotel we found last minute was comfortable.",2,Travel & Vacation
"The cruise we booked had some beautiful sights, yet the food options were limited and repetitive. I found a couple of meals I enjoyed, but the overall dining experience was disappointing. The entertainment on board was hit or miss as well.",2,Travel & Vacation
"The bed at the resort was surprisingly comfortable, but the overall experience was marred by an unclean bathroom. It took multiple requests to get someone to clean it properly. I was grateful for the friendly staff, but cleanliness is key.",2,Travel & Vacation
"While the hiking trails were breathtaking, the guidance provided was minimal. We ended up lost for a couple of hours, which was frustrating. Thankfully, the natural beauty made up for some of the disorganization.",2,Travel & Vacation
"We booked a family vacation with hopes of enjoying some quality time, but the service at the restaurant was painfully slow. The food was decent, but waiting over an hour for a table was not what we signed up for. They did apologize, which was a small comfort.",2,Travel & Vacation
"Our vacation to the beach was mostly enjoyable, but the hotel’s check-in process was a nightmare. We arrived to find our room wasn’t ready, and had to wait over an hour. The room itself was nice once we got in, but the initial stress really soured the experience.",2,Travel & Vacation
"The tour guide was friendly, but the itinerary was a mess. We ended up missing a key attraction because of poor time management. The bus was comfortable, at least, but I expected better organization for the price we paid.",2,Travel & Vacation
"The location of the rental was perfect for our needs, but the cleanliness left much to be desired. We found dust everywhere and even an old food wrapper under the couch. The owner was responsive when we reached out, but it shouldn’t have needed a complaint to get things sorted.",2,Travel & Vacation
"I was looking forward to our cruise, but there were several issues. Our cabin was not clean upon arrival and the dining options were limited. The staff tried their best to help, but it didn’t make up for the overall lack of attention to detail.",2,Travel & Vacation
"The resort looked great in photos, but upon arrival, we discovered the pool was closed for maintenance. We weren’t informed ahead of time. The beach area was beautiful, though, so we made the best of it, but it still felt like a letdown.",2,Travel & Vacation
"Our flight was delayed, which caused us to miss our connecting transport. The airline staff were not very helpful, but at least we received a meal voucher during the wait. It was frustrating to be stranded, and I expected better customer service.",2,Travel & Vacation
"We had a decent time at the cabin in the woods, but the hot tub didn’t work during our entire stay. They did provide a small discount when we complained, which was appreciated, but it was still disappointing not to enjoy that feature.",2,Travel & Vacation
"The camping site was beautiful, but the facilities were poorly maintained. The bathrooms were often dirty and didn’t have enough supplies. We did enjoy the scenic views and the quietness, but it would have been nice to have a clean place to freshen up.",2,Travel & Vacation
"The travel agency was lacking communication throughout the booking process. We were promised certain amenities that didn’t exist when we arrived. Thankfully, the location was lovely, and the staff on-site were friendly.",2,Travel & Vacation
"We booked a guided hiking trip that promised breathtaking views, but a storm delayed our expedition. We were offered a different route, which was alright, but it felt like we missed out on what we actually paid for. Our guide was knowledgeable, which helped ease the disappointment.",2,Travel & Vacation
"I was really looking forward to my stay at the beach resort but was very disappointed. The room was not cleaned properly upon arrival, and we found hair in the bathroom. On the bright side, the beach access was convenient and the staff at the bar were friendly, but it didn't make up for the lack of cleanliness.",2,Travel & Vacation
"Our family vacation turned out to be a mixed bag. The hotel advertised a kids' club but it was closed for renovations during our entire stay, which was frustrating. However, the location was great, walking distance to some nice restaurants. Just wish they had informed us about the club beforehand.",2,Travel & Vacation
"We booked a guided tour that promised breathtaking views and engaging stories. Unfortunately, our guide seemed disinterested and rushed through the information. On the plus side, the views were indeed spectacular, but we were left feeling we missed out on a lot due to the guide's lack of enthusiasm.",2,Travel & Vacation
"I had high hopes for our mountain cabin getaway, but it fell short. The heating didn't work, and it was quite cold at night. The setting was beautiful, though, and we enjoyed the hiking trails nearby, but given the price we paid, I expected more from the accommodations.",2,Travel & Vacation
"My friends and I booked a weekend getaway, but we faced issues with check-in that took nearly an hour. The front desk staff were polite but seemed overwhelmed. I did enjoy the complimentary breakfast, but it's hard to overlook the inefficiencies when you just want to settle in.",2,Travel & Vacation
"Our cruise experience was lackluster due to constant changes to the itinerary that we weren’t informed about. While the onboard entertainment was enjoyable, it felt like we missed out on key ports due to last-minute decisions. Just disappointing when you plan for months.",2,Travel & Vacation
"The travel agency promised a seamless experience booking our trip, but we encountered numerous hiccups. Our flight was booked incorrectly, causing delays. The hotel was nice enough, and the amenities were decent, but the stress of the travel arrangements overshadowed the vacation.",2,Travel & Vacation
"I was really looking forward to our stay at the villa, but we arrived to find no hot water and a malfunctioning dishwasher. The owner was responsive and sent someone to fix it, but it disrupted our plans. The location was lovely, but the maintenance issues were hard to overlook.",2,Travel & Vacation
"It was disappointing that the advertised activities at the resort were mostly unavailable during our stay. We were told about a sunset cruise, but it was canceled last minute. The staff was helpful, but I expected better communication regarding activities.",2,Travel & Vacation
"I booked a trip through this agency, but when we got to the destination, our accommodations were not as described. While the view from our room was nice, the overall experience was marred by the uncomfortable beds. I wish they had given us a heads up about the actual conditions.",2,Travel & Vacation
"Our recent stay at the beach resort was disappointing. The room wasn't cleaned properly, and the staff seemed overwhelmed. On a positive note, the location was beautiful and the view was stunning. However, I expected more from a place with such high ratings.",2,Travel & Vacation
"I booked a romantic getaway for my partner and me, but the hotel messed up our reservation. We ended up in a room far from the ocean view we requested. At least the breakfast was decent, but overall, it felt like we didn’t get what we paid for.",2,Travel & Vacation
"The tour company we used had some decent spots on the itinerary, but the guide was often late and unorganized. The lunch provided was tasty, though, which was a relief. Just wish the overall experience had been smoother.",2,Travel & Vacation
"We were really looking forward to our cabin in the woods, but when we arrived, it was freezing and the heating didn’t work. The hosts were prompt in sending a space heater, but it took too long to get comfortable. The scenery was nice, at least!",2,Travel & Vacation
"Flight delays caused us to miss our hotel check-in, and when we finally arrived, they had given our room away. The staff were apologetic but offered no solutions. On the bright side, the food in the hotel restaurant was surprisingly good.",2,Travel & Vacation
"Our family trip to the amusement park was marred by long lines and rides that were closed. Despite that, my kids had fun during the few rides we managed to get on. The customer service wasn't the best either; they seemed stressed and unhelpful.",2,Travel & Vacation
"The cruise promised stunning views and relaxation, but our cabin was noisy and the excursions were poorly organized. The crew was friendly, which helped a bit, but not enough to redeem the overall experience. Could have been better.",2,Travel & Vacation
"We stayed at a supposedly luxurious resort, but the amenities were lacking, and the staff were not very attentive. The pool area was nice, at least, but I expected more from the price we paid for our stay.",2,Travel & Vacation
"Our road trip package had some nice stops, but the car we got was old and not very reliable. We did find some beautiful parks to visit along the way that made up for the trouble a little. Just wish we had a better vehicle.",2,Travel & Vacation
"We booked a guided hiking tour, but the guide was not very informative and often got us lost. The scenery was breathtaking, and I enjoyed the company of other hikers, which saved the day. Just wished the guiding had been better.",2,Travel & Vacation
"I booked a week in a supposed luxury resort, but upon arrival, the place looked tired and in desperate need of updating. The complimentary breakfast was decent, but the rest of the dining options were underwhelming and overpriced. The pool area was closed for maintenance, which was not mentioned at the time of booking, leaving us quite disappointed.",2,Travel & Vacation
"Our family trip to the beach was marred by a lack of communication from our rental company. We arrived to find no hot water and a broken air conditioner. They did send someone out quickly to fix it, but we lost half a day of our vacation waiting. At least the beach was beautiful once we finally got there.",2,Travel & Vacation
"While the location of the hotel was perfect for exploring the city, the check-in process was a complete mess. It took over an hour to get into our room, and they had misplaced one of our reservations. The staff were friendly, though, which helped ease the frustration somewhat.",2,Travel & Vacation
"The guided tour we booked was poorly organized. We often felt rushed and missed several key sights. Our guide tried their best to be informative, but the overall experience was not worth the price we paid. It was nice to meet fellow travelers, but we expected more.",2,Travel & Vacation
"I was excited for a weekend getaway, but our cabin was less than clean upon arrival. The management sent someone to tidy up, which was nice, but we found no hot water during our stay, which was quite uncomfortable. The scenery was lovely, at least.",2,Travel & Vacation
"I visited this travel agency after hearing good reviews, but my experience was frustrating. They failed to book my hotel correctly, and I had to find alternative accommodation last minute. They did offer a small discount as compensation, but it didn’t make up for the stress.",2,Travel & Vacation
"While the itinerary for our cruise looked amazing, the actual experience fell short. There were several unexplained delays, and we missed a couple of planned excursions. The cabin was comfortable, but the lack of communication from the crew was disappointing.",2,Travel & Vacation
"We were excited to explore the national park, but the guided tour we booked left a lot to be desired. We weren't given clear information about what to expect, and the group was far too large to enjoy the sights. The views were breathtaking, but the service could definitely improve.",2,Travel & Vacation
"Our stay at the hotel was overshadowed by noise from a nearby construction site. Although the staff offered us earplugs, it was quite disruptive. The room itself was clean and comfortable, but the construction should have been disclosed beforehand.",2,Travel & Vacation
"I had high hopes for our all-inclusive resort, but the food was often cold and bland. The staff seemed overwhelmed, which made service slow. On a positive note, the beach was stunning, and we did enjoy our time swimming, but it was hard to overlook the dining issues.",2,Travel & Vacation
"We booked a family vacation to the coast and ended up in a cramped hotel room with outdated facilities. The view was nice, but the air conditioning didn't work properly, and it was too hot to sleep. The staff tried to help, but they didn't have any other rooms available.",2,Travel & Vacation
"The location of our rental apartment was perfect, but we arrived to find it not cleaned properly. There were crumbs on the counter and the bathroom had not been stocked with enough towels. I appreciated the prompt response from the owner when I reached out, but it was still disappointing.",2,Travel & Vacation
"We were promised a beachside resort, but it turned out to be a long walk from the actual beach. The shuttle bus was often late, which was frustrating. However, the breakfast offered was quite decent, which helped start our days on a good note.",2,Travel & Vacation
"The booking process was smooth, but once we arrived, the hotel had overbooked our room, and we were given a smaller one instead. Not ideal for a holiday getaway, but the front desk staff did their best to accommodate us with a free dinner voucher.",2,Travel & Vacation
"I had high hopes for my guided tour in Italy, but the guide was disorganized and often lost track of time. The sights were amazing, though, and the lunch provided was quite tasty. Just wished for better organization overall.",2,Travel & Vacation
"The cabin we rented in the mountains was beautiful, but we had no hot water for two days of our stay. It took a while for the maintenance team to address the issue. That said, the surrounding nature was stunning and made up for some of the inconvenience.",2,Travel & Vacation
"The cruise experience left a lot to be desired. Our luggage took forever to arrive at our cabin, and the dining options were limited. On the brighter side, the entertainment was enjoyable and kept us occupied during our downtime.",2,Travel & Vacation
"The all-inclusive resort had potential but fell short in service quality. We waited too long for towels at the pool, and the bartenders seemed overwhelmed. The entertainment at night was fun, which slightly improved our stay.",2,Travel & Vacation
"While the travel agency was friendly, they failed to set realistic expectations for our trip to Disneyland. We didn't get to see half the things we planned for due to poorly organized schedules. The kids had a blast, though, which made it not a complete waste.",2,Travel & Vacation
"Our scenic train journey was picturesque, but our carriage was uncomfortable and the food options were limited. The views were absolutely breathtaking, which helped to distract from the cramped seating.",2,Travel & Vacation
"I booked a family trip to the beach resort but was disappointed by the cleanliness of our room upon arrival. There was sand in the corners and the bathroom wasn't up to standard. On the bright side, the view from the balcony was fantastic and the staff were friendly.",2,Travel & Vacation
"The itinerary promised several activities, but we found out most were canceled last minute. We ended up spending our days idly, which was frustrating. However, the hotel had a nice pool area that my kids enjoyed quite a bit.",2,Travel & Vacation
"Our flight was delayed by several hours, and the company did not provide timely updates. While we did receive complimentary snacks during the wait, it didn't make up for the inconvenience. I expected better communication for a travel package.",2,Travel & Vacation
"The cabin we stayed in was lovely, but the heating broke down on our first night, making it quite uncomfortable. The management did send someone to fix it though, which was appreciated. Still, it shouldn't have happened in the first place.",2,Travel & Vacation
"We arrived to find that the advertised restaurant was closed for renovations without notice. The alternative dining options were lackluster. On the plus side, the location was beautiful and the nearby hiking trails were fantastic.",2,Travel & Vacation
"Our guided tour was not what we expected, as the guide seemed unprepared and rushed through the highlights. I did enjoy the scenery, at least, but it felt like we missed out on a lot due to the poor organization.",2,Travel & Vacation
"The resort's amenities were not as advertised; the spa was fully booked, and the gym was small and crowded. The staff did try to help by offering us discounts on future services, which was nice, but it wasn't enough to make up for the disappointment.",2,Travel & Vacation
"While the hotel was situated near the beach, it seemed to attract a lot of noise from nearby parties. It was hard to relax. The complimentary breakfast was decent, though, and the coffee was surprisingly good.",2,Travel & Vacation
"We faced numerous issues during our stay, from missing towels to a broken air conditioning unit. However, the staff were responsive and replaced the towels quickly. I wish the maintenance of the facilities had been better.",2,Travel & Vacation
"The booking process was confusing, and I ended up paying more than I anticipated due to unclear child age limits. The trip itself was enjoyable, but the hassle at the start put a damper on things initially.",2,Travel & Vacation
"Our family vacation in Barcelona was marred by numerous issues. First, the hotel had terrible air conditioning, which made our stay uncomfortable. While the breakfast was decent and the staff friendly, the overall experience was overshadowed by the malfunctioning amenities.",2,Travel & Vacation
"I booked a guided tour through a company that promised a full day exploring the local sights. Unfortunately, the bus broke down halfway, leaving us stranded for an hour. The guide did their best to make up for it, but we missed out on several important stops.",2,Travel & Vacation
"The location of the resort was beautiful, but the service left much to be desired. Our room wasn't ready even after check-in time, and we had to wait in the lobby for nearly two hours. On the bright side, the view from our room was stunning once we finally got it.",2,Travel & Vacation
"We were excited about our cruise, but it turned out to be quite disappointing. The food was mediocre and often lukewarm. However, the entertainment staff put on some enjoyable shows, which was a brief highlight during our trip.",2,Travel & Vacation
"We traveled to a supposed all-inclusive resort, but many amenities were unavailable. The pool was closed for maintenance without prior notice, which was frustrating. Still, the beach was lovely, and my kids enjoyed playing in the sand.",2,Travel & Vacation
"Our recent trip to the mountains was not what we expected. The cabin we rented was not clean, and there were several maintenance issues. Thankfully, the surrounding nature was breathtaking, and we had a pleasant hike to balance out the negatives.",2,Travel & Vacation
"I really wanted to love my stay at the beach hotel, but the mattress was old and saggy, making it hard to sleep. The staff was polite and attentive, but the overall comfort just was not there during our visit.",2,Travel & Vacation
"Booker Travel really dropped the ball on our trip to Greece. The itinerary was poorly planned, leading to long, unproductive days. On the upside, the local guide was knowledgeable and passionate, which made the historical sites more interesting.",2,Travel & Vacation
"Our experience with the car rental service was frustrating due to hidden fees that were not disclosed upfront. However, the vehicle itself was in great condition, and it served our needs during our road trip.",2,Travel & Vacation
"I had high hopes for my solo trip to Japan, but the accommodation lacked simple amenities like Wi-Fi and proper toiletries. Nonetheless, the local food was delicious and made up for some of the inconveniences.",2,Travel & Vacation
"We had high hopes for our family vacation, but it turned out to be quite disappointing. The check-in process was a nightmare, with long lines and unhelpful staff. On the plus side, the beach was lovely, and the kids enjoyed the pool when they finally made it there.",2,Travel & Vacation
"Booked a lovely cabin for a weekend getaway, but it was not ready upon arrival. It took hours for the management to clean it up. The scenery was beautiful, but the lack of communication from the staff was frustrating.",2,Travel & Vacation
"Our trip started with a cancelled flight, and while the airline offered a decent rebooking option, we were stranded at the airport for hours. The hotel we finally arrived at was clean, but the amenities were not as described. Disappointing overall.",2,Travel & Vacation
"I was really looking forward to this cruise, but the itinerary changed last minute without any notification. We lost a whole day at the destination we wanted to explore. The staff were friendly, but that hardly made up for the lost time.",2,Travel & Vacation
"We arrived at our destination only to find that our accommodation had been double-booked. The hotel offered us a different room, which was adequate but not what we paid for. The location was good, but the experience was marred by the initial chaos.",2,Travel & Vacation
"The guided tour we booked included several locations that were closed for renovations, which was a massive letdown. However, the guide was knowledgeable and engaging, which slightly redeemed the experience. Still, we expected what was advertised.",2,Travel & Vacation
"Visited a popular resort expecting a luxurious experience, but the service was lacking. Our room wasn’t cleaned properly and we had to wait ages for someone to attend to it. The food was decent, though, and the pool area was nice.",2,Travel & Vacation
"We encountered multiple issues with the car rental service. The vehicle was not ready on time, and the staff seemed overwhelmed and disorganized. The car itself was clean and drove well, but the hassle made it less enjoyable.",2,Travel & Vacation
"The tour package we purchased had some miscommunication regarding our itinerary. We missed out on an important site because we weren't informed of the time changes. The transportation was comfortable, but overall, it fell short of expectations.",2,Travel & Vacation
"The travel agency we used was not very responsive to our inquiries, leading to confusion about our bookings. Fortunately, our accommodations were nice and well-located. But the lack of support made planning the trip more stressful than it should have been.",2,Travel & Vacation
"The hotel we booked for our family vacation had major plumbing issues that weren't addressed during our stay. The bathrooms were often unusable, which was really frustrating. On a positive note, the staff was friendly and tried to help when they could.",2,Travel & Vacation
"I was really looking forward to our trip but found out that the tours we signed up for were all overbooked. We ended up with fewer options than promised. The beach nearby was beautiful, though, so it wasn't a total loss.",2,Travel & Vacation
"Unfortunately, the villa we rented had a few maintenance issues, like broken patio furniture and a leaking roof. We were promised a fully stocked kitchen, but it turned out to be poorly equipped. At least the location was stunning and quite convenient for local attractions.",2,Travel & Vacation
"We faced a lot of delays with our flight, which caused us to miss our connecting train. The airline staff didn't seem too helpful in resolving the issues. On the bright side, the airline did provide us with meal vouchers, which was appreciated.",2,Travel & Vacation
"The cruise we went on was not what we expected. The itinerary changed last minute, and we missed some key ports. However, the food on board was fantastic, and the entertainment was enjoyable.",2,Travel & Vacation
"I booked a romantic getaway, but the hotel was more like a party spot, with loud music all night. The staff did try to move us to a quieter room, so I appreciated their effort. Still, it was disappointing that it didn't meet our expectations.",2,Travel & Vacation
"Our camping trip was marred by a lack of basic amenities, and we were not informed that the site had limited running water. The scenery was beautiful, and the area had great hiking trails, which was a saving grace.",2,Travel & Vacation
"Check-in took forever, and they lost our reservation, which was frustrating. Finally received a room, but it wasn't what we booked. On the positive side, the bed was quite comfortable.",2,Travel & Vacation
"Our hotel had a great view, but the cleaning service was lacking, and we found dirty dishes in our room upon arrival. The front desk staff was responsive, which helped to ease the frustration.",2,Travel & Vacation
"I was disappointed when I arrived to find that the spa facilities were closed for renovations, even though this was not mentioned at booking. The massage I did receive was very relaxing, but it didn't make up for the inconvenience.",2,Travel & Vacation
"I booked a weekend getaway at the Beachfront Resort, but it was not the relaxing experience I hoped for. There was constant noise from construction nearby, and the advertised beach access was closed. On the positive side, the staff were friendly and the breakfast was decent.",2,Travel & Vacation
"We stayed at Mountain Lodge and encountered several issues. The heating system was faulty, leaving us cold on a winter night. I did appreciate the view from our room, but it doesn't make up for the discomfort.",2,Travel & Vacation
"My family and I had high expectations for our trip to City Center Hotel, but things went downhill fast. Our room wasn't ready upon arrival, and we had to wait an hour. The staff was apologetic, but it was frustrating after a long journey. At least the location was convenient.",2,Travel & Vacation
"Our experience with the Travel Agency was pretty disappointing. They charged us extra fees that weren't initially disclosed, and their customer service was slow to respond. On the bright side, the tour we booked was enjoyable.",2,Travel & Vacation
"The Adventure Tour we signed up for had several hiccups. The guide was late, and we lost a couple of hours. However, the scenery was stunning, which helped salvage the day somewhat.",2,Travel & Vacation
"Visiting the Historic Inn was less than ideal. Our room was not clean upon check-in, and it took a while for housekeeping to respond. The restaurant was nice, but I expected more from the accommodations.",2,Travel & Vacation
"Our trip to the National Park was marred by bad planning. The shuttle service was unreliable, causing us to miss our first hike. Fortunately, we enjoyed the trails we managed to explore.",2,Travel & Vacation
"We had booked a package deal for a cruise through Travel Group, but there were hidden fees that caught us off guard. The cabin was comfortable, and the entertainment was fantastic, but the stress of dealing with the charges was frustrating.",2,Travel & Vacation
"Unfortunately, my stay at the Lakeside Hotel didn’t meet my expectations. The pool was closed for maintenance, and we weren't informed beforehand. On the plus side, the view from our room was lovely.",2,Travel & Vacation
"The Excursion Company we chose had a scheduling mix-up, leaving us waiting for hours. The activity itself was great, but the initial confusion really put a damper on the day.",2,Travel & Vacation
"Booked a weekend getaway through Sunshine Travels, and while the cabin was cozy, the location was really hard to find due to poor signage. After a long drive, we arrived just to find that the heating wasn't working, and it took several hours for someone to come and help us out. On the plus side, the view was beautiful once we settled in.",2,Travel & Vacation
"I recently traveled with Cozy Tours for a city trip. While the itinerary was well-planned, the bus was extremely uncomfortable, and we had to deal with a driver who seemed disinterested. At least the guided tour was informative, but I expected a lot more for the price I paid.",2,Travel & Vacation
"Our family vacation booked through Dream Vacation was mostly decent, but we encountered a few issues. The hotel staff were unhelpful, and we had a problem with our room not being ready when we arrived. The pool area was nice, and the kids enjoyed it, but the lack of assistance really dampened our mood.",2,Travel & Vacation
"We recently completed a tour with Scenic Adventures. The scenery was stunning, but unfortunately, our tour guide was disorganized and often lost track of time. It was frustrating to miss out on some key sights, but at least the group was friendly, which made the experience a little more enjoyable.",2,Travel & Vacation
"My experience with Wanderlust Travels was okay, but certainly not what I expected. The flight was delayed significantly, and nobody seemed to communicate what was happening. On a positive note, the hotel they booked for us was lovely, but the stress of the travel logistics left a bad taste.",2,Travel & Vacation
"Just returned from a week-long trip arranged by Adventure Co. The destinations were great, but our accommodations were not as described, which was disappointing. However, the activities planned were enjoyable, and our guide was knowledgeable, which helped salvage some of the trip.",2,Travel & Vacation
"We took a cruise with Oceanic Getaways, and while the food was quite nice, the overall service felt lacking. Our cabin was not cleaned properly upon arrival, and it took forever for someone to respond to our request to fix it. The entertainment options were decent, but service issues really stood out.",2,Travel & Vacation
"Booked a romantic getaway through Love Travel. The location was beautiful, but we were greeted with major plumbing issues that took hours to resolve. On a positive note, the restaurant on site offered delicious meals, but I can't overlook the inconveniences we faced in our room.",2,Travel & Vacation
"Had high hopes for our trip with Family Fun Adventures, but there were several hiccups. The transportation arrangements were mismanaged, and although we enjoyed some of the attractions, the long waiting times were frustrating. At least the kids had a blast, which made it somewhat worthwhile.",2,Travel & Vacation
"We went with Explore Tours for a hiking trip, and while I loved the trails, the organization was quite poor. We didn’t get adequate information beforehand, which led to confusion on the first day. Luckily, the scenery made up for some of the disorganization.",2,Travel & Vacation
"The hotel was conveniently located, but the room cleanliness left a lot to be desired. The bathroom hadn't been properly cleaned, and we found hair from previous guests. However, the staff were friendly and willing to help with our requests.",2,Travel & Vacation
"Reserving a vacation package was straightforward, but we were placed in a hotel that was undergoing renovations without any prior warning. The noise was disruptive during our stay, although the views from our room were quite nice.",2,Travel & Vacation
"Our flight was delayed significantly, causing us to miss a day of our vacation. The airline's communication was poor, with no updates provided. On a positive note, the onboard crew was friendly and accommodating.",2,Travel & Vacation
"The cruise we booked had beautiful destinations, but the food was subpar and repetitive. We expected gourmet meals but ended up with bland options. Still, the entertainment on board was decent and kept us occupied.",2,Travel & Vacation
"We were excited about our all-inclusive resort, but the service at the restaurant was slow, and sometimes we had to wait over 30 minutes for a table. The beach was lovely, and that somewhat made up for the dining experience.",2,Travel & Vacation
"The travel itinerary was poorly planned, leading to long waits at various locations. However, our tour guide was knowledgeable and provided interesting insights. It would have been better if the schedule was more organized.",2,Travel & Vacation
"Checked into our Airbnb only to find that the Wi-Fi was not working, which was a huge inconvenience. The location was perfect for exploring the city, and the host was responsive to messages, which was a plus.",2,Travel & Vacation
"The package deal was reasonably priced, but we encountered several issues with our accommodation. The air conditioning didn't work properly, leaving us uncomfortable at night. The pool area was lovely, though, and we enjoyed some relaxation time.",2,Travel & Vacation
"Our trip had great potential, but we faced multiple issues with transportation arrangements that weren't communicated well. Despite this, the sights we saw were stunning and made the hassle a little easier to bear.",2,Travel & Vacation
"The guided tour was informative, but the group was far too large to manage effectively, leading to a lack of personal attention. On the bright side, we visited some incredible attractions that we wouldn't have found on our own.",2,Travel & Vacation
"The design of the magazine is appealing, and I found a few articles quite interesting. However, some sections felt rushed and poorly edited, which was a letdown. I guess I expected a bit more consistency.",3,Media & Publishing
"I appreciate the range of topics covered in their online publications; it's refreshing. That said, the navigation on the website isn’t the most intuitive, making it frustrating at times to find what I’m looking for.",3,Media & Publishing
"I ordered a set of photo books that arrived on time and were well-packaged. But after flipping through them, I noticed some of the images were not as crisp as I had hoped. It’s a mixed bag overall.",3,Media & Publishing
"The e-book I purchased had a great storyline and kept me engaged. Unfortunately, I encountered several typos and formatting issues that took away from the reading experience. It’s a shame because the content was promising.",3,Media & Publishing
"Their customer service was quick to respond when I had a question about my subscription. However, I found the content updates to be sporadic, which made it hard to stay engaged. A little more consistency would be appreciated.",3,Media & Publishing
"The tutorial videos produced by this platform are quite helpful and well-structured. However, I found the platform to be a bit sluggish at times, which made it tedious to follow along. Could be so much better!",3,Media & Publishing
"I loved the variety of articles available in their online magazine, and some pieces were really thought-provoking. On the flip side, I noticed quite a few ads that disrupted the reading flow, which was disappointing.",3,Media & Publishing
"I had high hopes for the canvas print I ordered, but the colors turned out quite dull compared to what I saw online. The delivery was prompt, though, which I appreciate. Just wish the product lived up to expectations.",3,Media & Publishing
"The service was efficient, with my order arriving quicker than expected. However, the quality of the printed pages seemed subpar, with some images appearing pixelated. It’s hard to say how I feel about it.",3,Media & Publishing
"I’ve enjoyed using their mobile app for news updates; it’s convenient and generally user-friendly. But, I faced a couple of glitches that made me question its reliability. It’s good, but not without its flaws.",3,Media & Publishing
"I recently ordered a magazine subscription and while the delivery was prompt, I was a bit disappointed with the content quality. Some articles were engaging, but others felt a bit lackluster and poorly researched. I expected a bit more for the price.",3,Media & Publishing
"The eBook I downloaded was easy to access and read on my device. However, the formatting was off, making some pages hard to follow. It's frustrating since I was really looking forward to this particular title.",3,Media & Publishing
"I tried their self-publishing service and found the process fairly straightforward. The support was helpful, but it took way longer than anticipated to get my book proofed and printed. Not sure if I would choose them again.",3,Media & Publishing
"The audiobook selection was impressive and I enjoyed the narrators a lot. Unfortunately, I encountered some technical issues with the app crashing frequently. It made my listening experience a bit less enjoyable.",3,Media & Publishing
"I received a beautiful coffee table book that was packaged nicely. However, I noticed some printing errors on a couple of pages which was a letdown. It's a shame because the overall design was stunning.",3,Media & Publishing
"I appreciate the wide variety of topics offered in their online magazine. That said, navigating their website was often confusing and I encountered quite a few dead links. Could use some improvements there.",3,Media & Publishing
"I signed up for a newsletter that promised exclusive content. While the articles have been decent, I rarely find anything I couldn't discover elsewhere. It seems more like a regular email than something special.",3,Media & Publishing
"I ordered some personalized stationery which arrived on time and looked great. However, the colors were a bit muted compared to what I saw online. It’s a nice product, but I expected it to be more vibrant.",3,Media & Publishing
"The video tutorials I accessed were really informative and mostly well-produced. That said, a few had outdated information which left me feeling confused at times. Good effort, but needs regular updates.",3,Media & Publishing
"The podcast I listened to was quite interesting and the hosts had great chemistry. Yet, the sound quality varied significantly between episodes, which detracted from the overall experience. I hope they can sort that out.",3,Media & Publishing
"The e-book I ordered arrived on time and was formatted nicely, which I appreciated. However, the actual content felt rushed and lacked depth. I was hoping for more insights based on the title.",3,Media & Publishing
"The magazine subscription was easy to sign up for and the first issue was packed with good articles. Unfortunately, the subsequent issues had a noticeable drop in quality and some repeats.",3,Media & Publishing
"I loved the idea of the custom photo book and the layout options were great. That said, the print quality of some images was not what I expected, especially given the price I paid.",3,Media & Publishing
"The online course materials were well organized and informative. On the downside, I found the video player often lagged and the sound quality was inconsistent, making it a bit frustrating at times.",3,Media & Publishing
"I was pleased with the prompt customer service when I had questions about my order. However, the shipping took longer than anticipated, which was disappointing after the initial good experience.",3,Media & Publishing
"The graphic novel I received came in excellent condition, and the art was stunning. Unfortunately, the storyline felt disjointed and didn’t hold my attention like I hoped it would.",3,Media & Publishing
"They offer a broad selection of audiobooks which is fantastic. However, I encountered several audio glitches that disrupted my listening experience, which was quite annoying.",3,Media & Publishing
I found the online magazine platform quite user-friendly and visually appealing. But some articles were outdated and it felt like there was a lack of fresh content.,3,Media & Publishing
"I ordered a poster print, and the colors were vibrant and true to the image I submitted. Yet, I was let down by the flimsy material it was printed on, which makes it hard to display.",3,Media & Publishing
"The newsletter had some interesting articles and tips, which I liked. However, the frequency of emails felt overwhelming at times, and I had to unsubscribe to manage it.",3,Media & Publishing
"I signed up for the digital magazine subscription, and while the variety of content is impressive, I often find some articles lack depth. The layout is clean and easy to navigate, but the occasional slow loading times can be frustrating when I'm just trying to browse.",3,Media & Publishing
"The book I ordered arrived in perfect condition, and the artwork was stunning. However, it took much longer to ship than expected, and I was left wondering if my order had been lost. Overall, a good product but the wait dampened my excitement.",3,Media & Publishing
"I appreciate the selection of audiobooks available, and the sound quality is usually excellent. But more often than not, I encounter connectivity issues that disrupt my listening experience. It's a mixed bag, really.",3,Media & Publishing
"The podcasts from this platform are quite engaging and well-produced. That said, I’ve faced ads that interrupt the flow too frequently, which can be quite jarring. I wish there was a way to skip them.",3,Media & Publishing
"I found the online course materials to be quite helpful and informative. However, the forums where we could interact were often unmonitored, leading to some confusion and unanswered questions. Great resources, but the support could use a boost.",3,Media & Publishing
"I was impressed by the range of eBooks available for such a low price. Unfortunately, I encountered a few books that had quality issues, like formatting errors. It's a great deal if you're willing to sift through some lesser-quality content.",3,Media & Publishing
"The service offered a unique perspective on current events, which I really enjoyed. However, I noticed that the articles sometimes seemed biased, which is disappointing when looking for neutrality. It's a helpful source, but take everything with a grain of salt.",3,Media & Publishing
"The layout of the online magazine is visually appealing, and I loved the interactive features. On the downside, some of the links led to outdated articles, which was frustrating when trying to find specific information.",3,Media & Publishing
"I found some really interesting pieces in the literary journal, which made it worth the read. Sadly, a couple of the stories felt rushed and unfinished. It's a decent read overall, but I wish there was a bit more consistency.",3,Media & Publishing
"I enjoy the newsletters I receive; they're packed with useful tips and articles. That said, I often find them a bit too lengthy, and I lose interest halfway through. A little more brevity could make them much more effective.",3,Media & Publishing
"The articles on the site are generally well-written and informative, making my reading experience enjoyable. On the downside, I often encounter broken links and ads that disrupt the flow. It's a mixed bag, really.",3,Media & Publishing
"The e-books I purchased came with fantastic formatting and quality, which I truly appreciate. However, the download process was a bit glitchy and took longer than expected. I'd say it’s a hit-or-miss.",3,Media & Publishing
"Subscription service offers a decent selection of titles and the reading interface is user-friendly. Unfortunately, I have noticed that some of the newer releases have delayed availability. It leaves me feeling a bit underwhelmed.",3,Media & Publishing
"I found the layout of the magazine appealing and easy to navigate, which made for a pleasant reading experience. However, I was disappointed to see the same topics repeated over several issues without any fresh insights. It's a bit frustrating.",3,Media & Publishing
"The customer support was helpful when I had questions about my order, and my items arrived in great condition. Still, I think the prices are a bit steep compared to other sites. Could use some improvement.",3,Media & Publishing
"The variety of audiobooks available is impressive, and I enjoy the narrators they've chosen for the titles. That said, I’ve encountered some glitches with playback that disrupt my listening. It's okay, but not great.",3,Media & Publishing
"I love the concept of the platform, and it features some unique content I haven’t found elsewhere. However, the search function can be quite frustrating, often yielding irrelevant results. It’s useful, but there are definitely areas for improvement.",3,Media & Publishing
"The quality of illustrations in the children's book I ordered was vivid and engaging, which my kids loved. On the other hand, the delivery took longer than anticipated, and communication about my order status was lacking.",3,Media & Publishing
"The newsletter I subscribed to has some insightful articles, and I appreciate the effort put into it. However, the frequency of emails is overwhelming at times, and I wish they would tone it down a bit.",3,Media & Publishing
"I was impressed with the range of features available for the journaling app, and I find it quite easy to use. That said, it crashed a few times while I was in the middle of writing, which was frustrating. It's very close to being great.",3,Media & Publishing
"The book selection is quite impressive, but I was disappointed with the delivery time. It took longer than expected, which is frustrating when you're eager to start reading.",3,Media & Publishing
"The magazine subscription offers some really interesting articles, but the layout could use some work. Sometimes the text feels cramped, making it hard to fully enjoy the content.",3,Media & Publishing
"I loved the range of audiobooks available; the voices are pleasant to listen to. However, I encountered several technical glitches that interrupted my experience, which was really annoying.",3,Media & Publishing
"The online course I purchased had great content, but the video quality was lacking. It felt a bit dated, which detracted from the overall learning experience.",3,Media & Publishing
"The newsletter I signed up for has some insightful tips and tricks, but I wish it was sent out more regularly. Sometimes I forget about it entirely because of the long gaps.",3,Media & Publishing
"I appreciate the effort put into the e-book design, it looks nice. However, I found a few typos that distracted me while reading, which was unexpected for a published work.",3,Media & Publishing
"The customer service was quick to respond to my queries, which I appreciated. Yet, the promotional offers seemed misleading, as they didn’t match what I was ultimately charged.",3,Media & Publishing
"The quality of the printed magazine was excellent, and I enjoyed the articles. On the downside, I noticed that some issues were missing from my subscription, which is a bit frustrating.",3,Media & Publishing
"I found the layout of the website easy to navigate, which is a plus. That said, the content updates felt a bit scarce, leaving me wanting more engaging material.",3,Media & Publishing
"The service offers a decent variety of titles, and I enjoyed a few of them a lot. However, there were also some poor-quality ones that didn’t meet my expectations.",3,Media & Publishing
"I ordered a couple of books for my kids and the selection was pretty good, but the delivery was slower than expected. I understand busy times happen, but I wish they had communicated better about the delays.",3,Media & Publishing
"The magazine subscription I signed up for has a lot of interesting articles, and I enjoy the layout. However, some issues were missing pages or had printing errors. Not what I expected for the price.",3,Media & Publishing
"The e-book reader is user-friendly and has a nice range of features. Yet, I've encountered a few glitches that make it frustrating to use at times. It's a mixed bag of great potential and occasional annoyances.",3,Media & Publishing
"I loved the variety of audiobooks available and the app is easy to navigate. Unfortunately, the audio quality on some titles was disappointing, which made it hard to fully enjoy the experience.",3,Media & Publishing
"The service provided for my custom photo book was mostly satisfactory. The quality of the print was decent, but it took longer to receive than I had hoped. I appreciate the effort but feel let down by the speed.",3,Media & Publishing
"I found the online platform for publishing my stories to be quite intuitive, making it easy to format my work. However, the customer support was somewhat lacking when I had questions. It has potential, just needs some tweaks.",3,Media & Publishing
"I was excited to try out their layout design tools for my magazine, and it had some great templates. Sadly, I faced some unexpected crashes during my work sessions, making it less reliable than I would have liked.",3,Media & Publishing
"I received a beautifully packaged book that was a great gift. However, I was disappointed with the content; it didn't quite meet my expectations based on the description. Bit of a letdown, to be honest.",3,Media & Publishing
"The online course I took had some informative content, and the instructor was engaging. However, there were technical issues that disrupted the flow, making it hard to follow along at times.",3,Media & Publishing
"I appreciate the fast shipping and careful packaging for my vinyl records; they arrived in perfect condition. On the flip side, a few albums weren't as high quality as I'd hoped, which was a bummer.",3,Media & Publishing
"The hardcover book I ordered arrived in good condition and the print quality is impressive. However, the storyline itself was a bit lackluster compared to what I expected based on the synopsis. I appreciated the fast shipping, but I wish the content had lived up to the hype.",3,Media & Publishing
"I was excited to receive my monthly magazine subscription, which is always packed with interesting articles. Unfortunately, this issue felt a bit repetitive, and some sections were shorter than usual. The delivery was prompt, but overall, I'm not sure if I will renew.",3,Media & Publishing
"The custom photo album I made turned out beautifully, with vibrant colors and a solid binding. However, I was let down by the customer service when I had questions about my order; it took longer than expected to get a reply. The quality is great, but support could use some improvement.",3,Media & Publishing
"I found the online course materials to be well-organized and informative. On the downside, the video quality was not as high as I had hoped, with some buffering issues during playback. I learned a lot, but tech glitches detracted from the overall experience.",3,Media & Publishing
"The children's book I bought has captivating illustrations and my kids love it. However, the storyline seemed a bit too simplistic, making it less engaging for older kids. It's a mixed bag; the visuals are a hit, but the text could use some depth.",3,Media & Publishing
"I enjoyed the variety of topics in the e-newsletter and found several articles insightful. However, the frequency of emails felt overwhelming at times. While the content is often interesting, I wish there was a more balanced approach to the number of updates.",3,Media & Publishing
"The magazine I ordered for my dad arrived quickly and was well-packaged. Yet, some of the articles felt outdated and not as relevant to current events. It was nice to receive it on time, but I expected more from the content.",3,Media & Publishing
"I love the idea of personalized postcards and the quality was decent when they arrived. Sadly, one of the cards had a printing error. While the rest were fine, that one mistake left me feeling a bit disappointed in the service overall.",3,Media & Publishing
"The online platform offers a good selection of graphic novels. I appreciate the user interface, though I experienced some glitches while trying to purchase. The selection is great, but the technical side could definitely be smoother.",3,Media & Publishing
"The audiobook I downloaded was narrated beautifully, and I enjoyed the story. However, I encountered issues with the app crashing several times, which made it frustrating to listen. The content is solid, but the delivery is lacking.",3,Media & Publishing
"The e-book I downloaded was well formatted and easy to read. Unfortunately, the selection of titles feels a bit limited, and I wish they had more recent releases available.",3,Media & Publishing
"I appreciate the quick response to my customer service inquiry, which is commendable. However, the magazine subscription I ordered took way too long to start; I didn't receive my first issue until nearly a month later.",3,Media & Publishing
"The digital course I signed up for had some valuable information. That said, the video quality was quite poor and made it hard to follow along.",3,Media & Publishing
"I love the layout of the website, making it easy to browse through various articles. On the downside, some of the content feels outdated, and I didn't find as many fresh perspectives as I'd hoped.",3,Media & Publishing
"My printed photo book arrived in decent condition, and the colors were vibrant. However, I noticed a couple of typos in the captions that I had overlooked, which was disappointing.",3,Media & Publishing
"The newsletter is informative and features a good variety of topics. Unfortunately, I've also experienced several delays in receiving updates, which can be quite frustrating.",3,Media & Publishing
"I found the podcast episodes engaging and well-produced. However, there were times when the audio quality dropped significantly, making it difficult to listen.",3,Media & Publishing
"The online magazine platform is user-friendly, and I enjoy the interactive features. But the app crashes more often than I’d like, which interrupts my reading experience.",3,Media & Publishing
"The Kindle version of the book I purchased was a good read and well edited. Unfortunately, there were several instances of formatting issues that took me out of the story.",3,Media & Publishing
"I received my custom-printed calendar relatively quickly, and the images looked great. However, I noticed that some of the dates were wrong, which was quite annoying.",3,Media & Publishing
"The e-book I downloaded was easy to access and had a great selection. However, the formatting was off in a few chapters, which made it difficult to read at times. The price was fair, but I expected a more polished experience.",3,Media & Publishing
"I appreciate the variety of articles available on this site. However, the ads are quite intrusive, which makes it hard to focus on the content. It’s a mixed bag—some days I find great reads, other days I get frustrated with the interruptions.",3,Media & Publishing
"The magazine subscription I started was a wonderful idea. I loved receiving each edition, but the delivery was often late, and sometimes it felt like I was missing important issues. It's convenient, but the inconsistency is a letdown.",3,Media & Publishing
"This audiobook service has a fantastic array of titles, which I enjoy. Nonetheless, the app tends to crash unexpectedly, which interrupts my listening experience. I want to recommend it, but the glitches keep me hesitant.",3,Media & Publishing
"I found the online publishing tools to be user-friendly most of the time, but I ran into several bugs while trying to format my document. The helpful customer support was appreciated, but it shouldn’t take that much back-and-forth to get things right.",3,Media & Publishing
"The access to research papers is great for my studies, but the search functionality is not as intuitive as I hoped. It takes a bit of time to find what I need, which is frustrating when deadlines are approaching.",3,Media & Publishing
"My experience with the printing service was okay. The print quality was good, but the turnaround time was longer than I anticipated. I was pleased with the customer service, but quick service would make it much better.",3,Media & Publishing
"I enjoy the podcasts on this platform as they cover a lot of interesting topics. However, the audio quality varies significantly from episode to episode, which can be quite annoying. It's so close to being excellent, yet those issues hold it back.",3,Media & Publishing
"The newsletter is informative and has some valuable insights. But it often feels repetitive, and I sometimes question the relevance of certain articles. It's worth reading, but I'd love to see more variety in future editions.",3,Media & Publishing
"I like the interactive features of the online course, and the content is good overall. That said, I encountered several technical issues when trying to access materials, which disrupted my learning pace. The promise is there, but execution needs improvement.",3,Media & Publishing
"I ordered a custom magazine print and the cover quality was fantastic. However, the internal pages were a bit blurry and not as vibrant as I expected. Overall, it looks nice on my coffee table, but I feel like it could have been better for the price.",3,Media & Publishing
"The e-book I downloaded had a really interesting storyline, and the layout was clean and easy to read. But there were several typos throughout, which took away from the experience. Still, I may consider buying another one from them.",3,Media & Publishing
"Their printing service delivered on time, and the colors were bright and eye-catching. Unfortunately, I found some images were cropped awkwardly, which changed the overall composition. It's decent, but I expected more attention to detail.",3,Media & Publishing
"I really enjoyed the variety of articles on their website; the writing is engaging and informative. Yet, the site itself can be quite slow to load, which can be frustrating when I'm in a hurry to find information.",3,Media & Publishing
"The delivery of my order was prompt, and the packaging was nice. However, I was disappointed that one of the prints had some noticeable scratches on it. It’s a mixed bag; while I appreciate the quick service, the quality control could use some work.",3,Media & Publishing
"I appreciate the wide selection of templates available for their products. But when I tried to customize one, the editing tools were a bit clunky and unresponsive, making the process longer than it should have been.",3,Media & Publishing
"The articles are always relevant and well-researched, which I love. That said, navigating the site can be a bit cumbersome, and I often find myself clicking around aimlessly. It's a good resource, but they need a better layout.",3,Media & Publishing
"The photo book I received was beautifully presented and made great as a gift. However, some pages had images that didn’t align correctly, which was disappointing. It’s just okay, but I wouldn’t say I’m completely satisfied.",3,Media & Publishing
"I really liked the range of publishing options they provided for my project. Unfortunately, the final product arrived with some minor printing issues that were hard to overlook. It’s a decent service overall, just not perfect.",3,Media & Publishing
"The customer support team was helpful when I inquired about my order. However, the wait for the actual product felt excessive, and it arrived later than anticipated. It was nice to talk to someone, but the delay was frustrating.",3,Media & Publishing
"The e-book I downloaded was reasonably priced and included some good references. The layout, however, left much to be desired—some pages had awkward formatting that made reading frustrating. I wish they’d focus more on the presentation as it detracts from the overall experience.",3,Media & Publishing
"I appreciate the variety of articles available on the platform; there's always something new to read. However, I found the website a bit cluttered, making navigation tricky. A more streamlined design would really enhance the user experience.",3,Media & Publishing
"The magazine subscription I purchased arrived right on time every month, which I really liked. Unfortunately, some issues included articles that felt outdated or irrelevant. It’s a bit of a mixed bag, as the quality varies too much for my liking.",3,Media & Publishing
"I really enjoyed the podcast episodes and found them engaging. That said, the sound quality was inconsistent from episode to episode, which affected my listening experience. If they could sort that out, it would be much more enjoyable.",3,Media & Publishing
"The printing quality of my photo book was good, and the colors looked vibrant. However, I noticed several typos in the text sections that should have been caught. It’s disappointing because it detracts from the project’s overall professionalism.",3,Media & Publishing
"The online course I signed up for had some useful insights and was reasonably priced. However, the video quality was poor, and occasionally the audio would cut out. It's frustrating when the content is good but the delivery doesn’t match.",3,Media & Publishing
"I liked the idea of the subscription service, which features different genres each month. Yet, I was a bit let down by the selection in my first box. Some titles were interesting, but others seemed like filler content.",3,Media & Publishing
"The customer service team was responsive when I had a question about my order, which I appreciated. However, my delivery took longer than expected, and tracking was a bit confusing. It’s a relief that they were helpful, but I wish the logistics were smoother.",3,Media & Publishing
"The blog posts on this website are insightful and well-written, which keeps me coming back. However, the site often has lengthy loading times, which can be a bit frustrating. I just hope they can improve the technical side without losing content quality.",3,Media & Publishing
"I ordered some audiobooks and received them quickly, which was a plus. Unfortunately, I experienced some issues with the app crashing while trying to play them. Great selection, but the service should be more reliable.",3,Media & Publishing
"The selection of eBooks is impressive and I found several titles I wanted. However, the reading app itself is quite glitchy at times, and I have to close and reopen it often. Also, I wish there were more customization options for the text size.",3,Media & Publishing
"I appreciate the variety of articles available, and the writing quality is generally good. That said, navigating the website can be a chore, as it's not very user-friendly. Sometimes, it feels like the content is overshadowed by the clunky interface.",3,Media & Publishing
"The printing service delivered my magazine quickly, and the colors were vibrant. Unfortunately, a few pages had minor alignment issues, which detracted from the overall experience. It's a shame because the design was so well done.",3,Media & Publishing
"I love the idea behind the subscription model for audiobooks; it allows me to discover new authors. However, the app constantly crashes during playback, and it can be frustrating when you lose your spot. Content is great, but the tech needs improvement.",3,Media & Publishing
"I found the podcast selection to be varied and quite engaging. However, the audio quality on some episodes was disappointing, with noticeable background noise. It’s a mixed bag, really.",3,Media & Publishing
"The magazine's layout is visually appealing, and the articles are generally well-written. On the downside, I had issues accessing the digital version; it was not as seamless as I hoped. It works, but some aspects could use refinement.",3,Media & Publishing
"The online course I enrolled in had valuable content, and the instructor was knowledgeable. However, I found the platform to be slow and not very intuitive, which made navigating the modules a bit of a hassle.",3,Media & Publishing
"Signing up for the service was straightforward, and I appreciate the wealth of resources available. Yet, I've experienced several broken links and outdated articles that could use a refresh. It's a good start but needs more regular updates.",3,Media & Publishing
"The content in the newsletter is often insightful and thought-provoking. However, I find the frequency of emails excessive, and at times, I feel overwhelmed. A balance between quality and quantity would be ideal.",3,Media & Publishing
"I enjoyed the variety of fiction available on this platform, which has helped me discover new favorites. That said, the search function isn’t the best, making it hard to find specific titles quickly. It's decent but leaves much to be desired.",3,Media & Publishing
"I ordered a magazine subscription and while the delivery was on time, I found that some of the issues had a lot of ads, which felt distracting. The articles were interesting, but I wish they had better quality content overall.",3,Media & Publishing
"The e-book I downloaded had a good selection of titles, and I appreciated the easy navigation. However, I encountered several formatting issues that made reading a bit frustrating. Not the best experience, but not the worst either.",3,Media & Publishing
"I received my custom-printed photo book relatively quickly, and the quality of the images was decent. However, a couple of the pages were misaligned, which was disappointing. I might try them again, but I’ll double-check everything next time.",3,Media & Publishing
"The podcast subscription I got had some really engaging episodes, but I found that the audio quality varied quite a bit. Some were crystal clear while others were almost inaudible. It's hit or miss, but I do enjoy the ones that are good.",3,Media & Publishing
"I purchased a set of art prints, and while the colors were vibrant, I was surprised by how flimsy the paper felt. They look nice on the wall, but I was expecting something more durable for the price.",3,Media & Publishing
"The online magazine platform has a lot of choices and a user-friendly interface. On the downside, I experienced quite a few glitches while trying to access specific articles, which was frustrating. Overall, it's decent but could use a few improvements.",3,Media & Publishing
"I recently bought a hardcover book and the shipping was quick, which I appreciated. However, the book arrived with a small dent on the cover. It’s a great read, but I wish it had arrived in perfect condition.",3,Media & Publishing
"The newsletter I signed up for has informative content that I enjoy, but the frequency is a bit overwhelming. I often find myself deleting without reading because there are just too many each week. A balance would be nice.",3,Media & Publishing
"I tried the online printing service for some posters, and they arrived pretty quickly. Unfortunately, the colors weren't as vibrant as I had hoped. While they’re still usable, I'm left feeling a bit underwhelmed.",3,Media & Publishing
"I joined a writing workshop hosted by this publisher, and the feedback from instructors was pretty good. However, I noticed that some sessions felt rushed and others were not as engaging. It was a mixed bag overall.",3,Media & Publishing
"I ordered a custom photo book as a gift. The quality of the pages was nice, but some of the text I added was cut off at the edges. I double-checked my design, so it's a bit frustrating. It looks good overall, but those small details could really use some improvement.",3,Media & Publishing
"The magazine subscription offers a variety of interesting articles, which I truly enjoy. However, the delivery has been inconsistent. Some issues arrived on time while others were late, leaving me waiting. A bit hit-or-miss, which is disappointing.",3,Media & Publishing
"I was excited to try the online editing software. It has great features and I managed to create a fun project. But, the interface is a bit clunky, and I experienced several crashes. I expected smoother performance for the price I paid.",3,Media & Publishing
"The canvas prints I ordered look vibrant and well-done. However, the shipping took longer than expected, and I wasn't updated on the status. While I'm happy with the final product, the waiting time was frustrating.",3,Media & Publishing
"I received a beautifully designed book, but one of the pages had a smudge on it. After reaching out to customer service, I waited a week for a response, which didn't help my situation. Great content but lacking in execution and support.",3,Media & Publishing
"I downloaded a couple of ebooks, and the selection is pretty decent. The reading app works fine, but I found some formatting issues in one of the books. Overall good experience, just a few hiccups that need addressing.",3,Media & Publishing
"The newsletter offers good insights and tips, which I appreciate. But I sometimes find the articles to be repetitive. It's informative, yet it could use a bit more variety in topics. A mixed bag of content, to say the least.",3,Media & Publishing
"I attempted to create some posters for an event. The design tools were user-friendly, but when I received the prints, the colors were not as bright as they appeared online. I'm not completely satisfied but it served the purpose.",3,Media & Publishing
"I love the concept of this publishing platform, and some of the articles are great reads. However, I noticed a few typos and grammar mistakes that undermined the content's credibility. It's a decent resource but could benefit from more editorial oversight.",3,Media & Publishing
"I ordered a special edition magazine, and the packaging was excellent. But, it arrived with a slight dent, which was disappointing. I appreciate the effort in presentation, but the delivery could definitely use improvement.",3,Media & Publishing
"I recently purchased an eBook from this publisher. The selection is quite extensive, which I appreciated. However, the formatting on my Kindle was off in a few places, making it a bit hard to read in parts. Overall, it’s decent, but I expected a bit more accuracy.",3,Media & Publishing
"The magazine subscription I got came with some fantastic articles and stunning visuals that I genuinely enjoyed. Unfortunately, some issues arrived later than expected, and I missed out on a few stories before they became old news. It's a mixed bag for sure.",3,Media & Publishing
"I enjoy the podcasts produced by this media company; they really cover interesting topics. Yet, the audio quality fluctuates drastically between episodes, which can be distracting. If they could fix that, it would elevate my experience significantly.",3,Media & Publishing
"The photo book I ordered turned out beautifully, and I loved the quality of the prints. The delivery, however, took much longer than anticipated, and I was left waiting and wondering if it had gotten lost. It’s a shame since I really liked the final product.",3,Media & Publishing
"I’ve bought a couple of children's books from this publisher. The stories are engaging and my kids love them. However, some pages had minor printing errors, which was disappointing. It’s definitely enjoyable, but I feel like they could improve on quality control.",3,Media & Publishing
"The online writing course I participated in had lots of useful insights and resources to help improve my skills. On the downside, the feedback from instructors was often delayed, which made me feel a bit lost. It's good, but better communication would really help.",3,Media & Publishing
"I found a graphic novel that looked really interesting and decided to give it a try. The story was captivating, but the illustrations were a bit too dark for my liking, making it hard to enjoy at times. Overall, not bad, but it could be visually better.",3,Media & Publishing
"I ordered a personalized magazine for my friend’s birthday. The packaging was lovely, and the customization options were great. However, some of the pages had alignment issues, which took away from the overall presentation. It’s a thoughtful gift, but it could have been executed better.",3,Media & Publishing
"The audiobooks from this publisher are well-narrated and enjoyable. Yet, I found that some titles were missing chapters, which was oddly frustrating. I appreciate the content, but consistency is key for a better experience.",3,Media & Publishing
"I love the blog hosted on this website; their articles are informative and well-written. However, navigating the site was a bit clunky, and I encountered several broken links. It’s a shame because the content itself is great, just wish the delivery was smoother.",3,Media & Publishing
"I recently subscribed to a digital magazine that I was looking forward to. The content is pretty interesting, and I appreciate the variety of topics covered. However, I had trouble accessing some issues on my tablet, which was frustrating. Customer support was responsive, but it took a while to sort out, which made the experience a mixed bag.",3,Media & Publishing
"I bought a book through an online publisher, and while the selection was vast, my order took longer to arrive than I expected. When the book finally came, it was in great condition and exactly what I wanted, but I really dislike the long wait time. Shipping could definitely be improved.",3,Media & Publishing
"The newsletter has some great articles that I genuinely enjoy. However, it often feels like there are too many ads interspersed. While I understand the need for ad revenue, I sometimes find it distracting from the actual content. Overall, a decent read but not perfect.",3,Media & Publishing
"I ordered a subscription to a quarterly magazine for my partner. The first issue arrived on time, and we loved the quality of the print. However, the second issue was delayed by several weeks. It’s hit or miss, and I’m a bit torn on whether to continue the subscription.",3,Media & Publishing
"The e-book I downloaded was well-written, and I found the subject matter engaging. Yet, the formatting on my e-reader was off in several places, making it difficult to read. It’s disappointing because the content was solid. I was hoping for a smoother reading experience.",3,Media & Publishing
"I recently purchased some audiobooks from a popular platform. The selection is impressive, and the audio quality is generally good. On the downside, I encountered some issues with the app crashing unexpectedly. It's a real hassle because I do enjoy the books when they work.",3,Media & Publishing
"I appreciate the updates and articles provided by the online publication I subscribe to. However, the user interface is somewhat clunky, making navigation frustrating. There’s potential here, but it could really use a design overhaul to enhance the experience.",3,Media & Publishing
"I ordered a physical copy of a special edition magazine, and the delivery was prompt. The magazine itself is visually stunning, but I was disappointed to find a few pages were misprinted. It’s a shame because the content is fantastic, but those printing errors took away from the overall experience.",3,Media & Publishing
"The children's book I bought for my niece is beautifully illustrated and engaging. Unfortunately, I noticed a few typos that shouldn’t have made it past editing. It's a bit jarring, but my niece loves it anyway, so it’s not a complete loss.",3,Media & Publishing
"I signed up for an online course through a well-known platform. The instructors are knowledgeable, and the course materials are solid. However, I found the platform a bit confusing to navigate, which took away from my learning experience. It’s a shame because I was really excited to dive in.",3,Media & Publishing
"I recently ordered a custom photo book. The variety of layouts was impressive and I appreciated the user-friendly interface. However, the final product was slightly warped and some images looked a bit pixelated. Not sure if I'd rush to order again.",3,Media & Publishing
"The magazine subscription offers a range of interesting articles and features that I enjoy reading. That said, the delivery is often delayed, and I’ve received several issues late. I like the content, but the logistics could use some work.",3,Media & Publishing
"I was excited to use the online publishing tool and loved the intuitive design. Yet, I encountered multiple glitches while saving my work. It’s good enough for basic projects, but I had hoped for a more seamless experience.",3,Media & Publishing
"The eBook selection is pretty vast, and I found several titles that I couldn't wait to read. Unfortunately, the app frequently crashes on my tablet, which is really frustrating. Great content, but the delivery needs improvement.",3,Media & Publishing
"Ordering print copies of my favorite articles was a breeze, and they arrived well-packaged. However, I noticed some of the edges were cropped weirdly, which took away from the overall look. It’s a bit of a mixed bag for me.",3,Media & Publishing
"I appreciate the variety of publishing options they provide, from brochures to business cards. However, the color accuracy was off on some of my prints, which was disappointing. I might try them again, but I’ll be cautious next time.",3,Media & Publishing
"I found the customer service team helpful when I had questions about my order. On the flip side, it seemed like they didn't have complete answers and I ended up waiting longer than expected for my order to be processed. It’s a decent service but not without its hiccups.",3,Media & Publishing
"Using their platform to create a digital magazine was straightforward and I enjoyed the templates available. While the aesthetics were nice, I did face some issues with uploading images. There’s potential here, but it could be more polished.",3,Media & Publishing
"The newsletter is packed with interesting reads, and I enjoy the variety it offers. However, the frequency of the emails is overwhelming at times, making me consider unsubscribing. It’s informative, but I wish it were less frequent.",3,Media & Publishing
"I ordered a personalized calendar and loved the design options. However, the printing quality was inconsistent; some pages looked fantastic while others were a bit faded. It's a charming product, but I can't help feeling let down by the inconsistency.",3,Media & Publishing
"I ordered a personalized magazine for my dad’s birthday and it arrived on time, which I appreciated. However, the quality of the photos in the magazine wasn’t great; they looked slightly pixelated compared to what I uploaded. It was a fun gift, but I expected better.",3,Media & Publishing
"The selection of e-books is impressive, and I found a couple that I really enjoy. On the downside, the app often crashes while I’m reading, which can be annoying. The content is fantastic, but the experience could be so much smoother.",3,Media & Publishing
"I signed up for a subscription to a monthly magazine, and the first issue was delivered promptly. However, I was disappointed with the content as it seemed a bit lacking in depth. I’ll give it another month but hope it improves.",3,Media & Publishing
"The online course I took for graphic design offered some valuable insights, and the instructor was engaging. Sadly, the platform itself had some bugs that made navigation frustrating at times. Mixed feelings about my investment.",3,Media & Publishing
"I bought a hardcover book and was pleased with the fast shipping. Unfortunately, the binding was a bit loose, which was surprising for the price I paid. Enjoying the read itself, but the packaging could be improved.",3,Media & Publishing
"The audio quality of the audiobook I downloaded was excellent, and I loved the narration. Unfortunately, I encountered issues with the app crashing in the middle of listening, which really disrupted my experience. It’s a shame because the content is great.",3,Media & Publishing
"I discovered some rare titles on their website, which is fantastic. However, my order took longer than expected to arrive, and customer service didn't respond promptly to my query. I appreciate the inventory but wish their service matched it.",3,Media & Publishing
"I enrolled in a writing workshop that offered some great feedback on my work, but the online interface was confusing and hard to navigate. I came away with useful tips, but I didn't enjoy the process as much as I hoped.",3,Media & Publishing
"I received a beautifully printed poster, and the colors were vibrant. On the flip side, the customer service was a bit slow to respond when I had a question about my order. Overall, it was a decent experience but not flawless.",3,Media & Publishing
"The subscription box included a variety of interesting items, and I loved the surprise factor. However, I found a couple of things in the box that didn't match my tastes. Fun package, but I’m not sure it’s worth the price for me.",3,Media & Publishing
"The magazine I subscribed to has some fantastic articles, but I’ve been disappointed with the delivery. My last issue arrived a week late, which is frustrating. I love the content, but I wish they could get the logistics sorted out.",3,Media & Publishing
"I recently ordered a collection of e-books, and while I'm pleased with the selection, the download process was a bit of a hassle. It took way longer than I expected to access my books after payment. But once I got them, they’re great!",3,Media & Publishing
"I found a nice hardcover edition of a classic novel, and the quality is impressive. Unfortunately, the customer service was lacking. I had a couple of questions about my order, and it took several days to get a response. Frustrating, but at least the product was good.",3,Media & Publishing
"The podcast I subscribed to has some great episodes that I really enjoy, but the sound quality is hit or miss. Some episodes are crystal clear while others are quite muffled. It’s a mixed bag every time, which is disappointing.",3,Media & Publishing
"I was really excited to order some children’s books, and the selection was excellent. However, my delivery took longer than expected, which was frustrating for my kids. The books were lovely once they arrived, though.",3,Media & Publishing
"I love the design of their website and the variety of content available. However, I’ve experienced some glitches when trying to access certain articles. It’s promising, but the technical issues are a letdown.",3,Media & Publishing
"I subscribed to a streaming service for indie films, and there are some gems in their library. However, the app crashes occasionally, making it tough to enjoy the movies without interruptions. It's a mixed experience overall.",3,Media & Publishing
"The book club I joined has a great community, but I feel like the book selections could be better. Some months, I've really enjoyed the read, but other months have been quite dull. It’s a bit of a roller coaster.",3,Media & Publishing
"I ordered a custom print of a famous artwork, and the print quality is fantastic. However, the shipping took longer than I was told, and the communication from the company could have been better. Mixed feelings on this one.",3,Media & Publishing
"The audiobooks I purchased were reasonably priced and easy to access. Yet, I encountered a few issues with the app crashing mid-listen. It’s a shame because the selection is really good, but the technical problems are annoying.",3,Media & Publishing
"The magazine subscription offers a decent variety of articles, which I enjoy. However, I’ve noticed that the delivery is often late, and sometimes I receive duplicates. It’s a mixed bag, honestly.",3,Media & Publishing
"I appreciated the quality of the e-books I purchased; they were well-formatted and easy to read. On the downside, the customer support took ages to respond to my query, which was frustrating.",3,Media & Publishing
"The online course I signed up for had some really valuable content, and I enjoyed the video lectures. Yet, the quizzes were poorly designed and didn't align with the material, making it confusing at times.",3,Media & Publishing
"I found the layout of the latest issue to be visually appealing and engaging. Nonetheless, some articles felt rushed and lacked depth, which was disappointing for such a well-regarded publication.",3,Media & Publishing
"I was thrilled to find a book that aligns perfectly with my interests, but I was let down by the shipping delays. It took almost two weeks to arrive, and I expected better service.",3,Media & Publishing
"The audiobook I downloaded was fantastic in terms of narration and content. However, the app itself was buggy and crashed a couple of times, which was annoying during my commute.",3,Media & Publishing
"The event I attended was well-organized, and the speakers were knowledgeable. Still, I felt that some topics were not covered thoroughly enough for someone new to the field.",3,Media & Publishing
"I loved the unique articles in this journal and the insights they provided. Unfortunately, I encountered some technical issues accessing my online account, which took longer than I’d have liked to resolve.",3,Media & Publishing
"The selection of magazines available was impressive and diverse. Unfortunately, the subscription renewal process was convoluted, and I had to reach out for assistance, which took time.",3,Media & Publishing
"I enjoyed the community forums and interaction with other readers, which added value to my experience. However, I was quite disappointed with the outdated information in some articles.",3,Media & Publishing
"The magazine subscription I signed up for has a great variety of articles, which I really enjoy. However, my last issue arrived two weeks late, and I found the customer service wasn’t very helpful in resolving the delay.",3,Media & Publishing
"I recently purchased a set of ebooks from this platform. The content is interesting and educational. On the flip side, the app crashes quite often, making it a bit frustrating to read.",3,Media & Publishing
"I loved the design of the hardcover book I ordered; it looked fantastic on my shelf. Unfortunately, a few pages had printing errors, which is disappointing for something I was so excited to gift.",3,Media & Publishing
"The audio quality of the podcast series is excellent, and the topics are engaging. Yet, I’ve noticed the episodes come out sporadically, and sometimes they skip weeks without updates.",3,Media & Publishing
"I was impressed with the speed of delivery for the magazine I ordered. However, the last issue had sections missing, which left me feeling unsatisfied with my overall experience.",3,Media & Publishing
"Their online writing courses offer valuable information and tips. Still, the platform itself can be quite clunky to navigate, making it a little challenging to keep up with the lessons.",3,Media & Publishing
"I enjoyed the newsletter; it often has insightful articles. However, the frequency of emails is overwhelming, and I sometimes find myself deleting them without reading.",3,Media & Publishing
"The publishing quality of the paperback I received was pretty good, with vibrant colors and clear text. Sadly, the shipping took longer than promised, which was frustrating.",3,Media & Publishing
"I think the children's book I ordered has a great storyline and illustrations. But, it's a bit shorter than I expected, leaving my little one wanting more.",3,Media & Publishing
"I appreciated the variety of topics covered in the online journal. However, I found some of the articles to be poorly edited, which detracted from the reading experience.",3,Media & Publishing
"The selection of magazines was impressive, but I was a bit let down by the quality of the paper. It felt a little cheap for the price I paid, and the delivery took longer than expected.",3,Media & Publishing
"I really appreciated the design of the eBook reader; it’s sleek and easy to navigate. However, I encountered quite a few bugs that made reading frustrating at times. I wish the software updates were more frequent.",3,Media & Publishing
"The photo book I ordered turned out beautifully, the layout options were lovely. On the downside, the customer service I experienced was a bit lackluster when I had a query about shipping.",3,Media & Publishing
"I found some interesting articles on their website, and the layout is user-friendly, but I noticed several outdated posts that could use an update. The experience was mixed, engaging but slightly annoying.",3,Media & Publishing
"The online course I took had fantastic content and was very informative. Unfortunately, the video quality was not always great, and I had issues with buffering during the sessions.",3,Media & Publishing
"The children's book I purchased was vibrant and engaging, which my kids loved. However, it arrived with a dent on the cover, which was disappointing after spending quite a bit on it.",3,Media & Publishing
"I’ve had a decent experience using this self-publishing platform. The initial setup was straightforward, but I found the marketing tools lacking in depth. It was a bit of a mixed bag overall.",3,Media & Publishing
"I bought a subscription for the audiobook service, and while the variety is impressive, I often experienced lengthy buffering times. It’s hit or miss depending on the book.",3,Media & Publishing
"The poetry anthology I received was beautifully bound, and the poems were well curated. However, delivery took longer than promised, which dampened my excitement.",3,Media & Publishing
"I enjoyed the graphic novel I ordered, it was captivating and beautifully illustrated. However, the paper quality felt quite flimsy for the price, which was a bit of a letdown.",3,Media & Publishing
"The selection of eBooks is impressive, and the reading experience on my tablet is quite good. However, I often run into issues with the app crashing unexpectedly, which can be quite frustrating. Customer support has been helpful when I reach out, but it takes time to get a response.",3,Media & Publishing
"I love the variety of magazines available for subscription, but the delivery times are hit or miss. Some months my issues arrive early, and other times I find myself waiting weeks. It’s a mixed bag, and I'm not sure if I’ll renew my subscription.",3,Media & Publishing
"The design templates offered for my self-publishing project were modern and easy to use, but I encountered several glitches while trying to save my work. I ended up losing some edits and had to redo things. It’s great when it works, but those setbacks are annoying.",3,Media & Publishing
"The audiobooks I’ve listened to through this service are fantastic, and the narration quality is high. On the downside, the app sometimes takes forever to load, which disrupts my listening. Streaming offline is also a bit of a challenge, which is disappointing.",3,Media & Publishing
"Content quality is generally good, with interesting articles and relevant topics. Unfortunately, I find the website to be cluttered and some features confusing to navigate. It often takes longer than I'd like to find what I'm looking for.",3,Media & Publishing
"My experience with the publishing service was decent overall. They have a clear process, and my book was printed quite nicely. However, the turnaround time felt longer than expected, and I had to follow up multiple times for updates. Not what I hoped for when excited about my release.",3,Media & Publishing
"I appreciate the responsive customer service team who helped with my subscription issue. The platform has a good range of content, but I wish the search function was better; finding specific articles can be a bit tedious. Overall, it's okay.",3,Media & Publishing
"The online courses provided valuable insights and were easy to follow. However, the video quality was inconsistent, and I occasionally encountered buffering issues. It’s a shame because the content itself is quite good.",3,Media & Publishing
"The special edition books I ordered were beautifully packaged, which I loved. Unfortunately, they took longer to arrive than indicated, which made me a bit anxious. I enjoyed the product itself, but the delay soured the experience a little.",3,Media & Publishing
"The variety of news content is impressive, keeping me updated on various topics. However, navigating through the archives can be cumbersome and frustrating. I often find myself getting lost on the site, which detracts from the overall experience.",3,Media & Publishing
"The books I ordered arrived in decent condition and were well-packaged. The selection was good, but I was a bit miffed with how long it took them to process my order. It felt like ages before I got any shipping confirmation.",3,Media & Publishing
"The magazine subscription I signed up for has great content, and I love the layout. However, the delivery has been inconsistent—some issues arrive on time, while others are late. It's frustrating to wait when I'm looking forward to reading.",3,Media & Publishing
"I found the online course materials informative and well-structured. On the other hand, the platform itself was sluggish, making it hard to navigate. It's a mixed bag that could use some serious upgrades.",3,Media & Publishing
"Downloading my e-book was smooth and easy. Yet, the font size was way too small for my liking, and adjusting it didn’t help much. I really wanted to enjoy the content, but my reading experience was dampened.",3,Media & Publishing
"The customer service team did respond promptly to my inquiry about my delayed order. That said, it took them over a week to ship it out. I appreciate the response, but I expected faster service.",3,Media & Publishing
"The event I attended was well-organized, and the speakers were engaging. However, the sound quality in the room was poor, which made it hard to catch everything they said. A fun experience, but it could have been better.",3,Media & Publishing
"I loved the variety of genres available in their digital library! But the app kept crashing mid-download, and I had to start over a few times. It's frustrating when you're excited to start a new book.",3,Media & Publishing
"My experience with the print service was alright; the colors came out beautifully. However, I was let down by the delivery time, which was longer than anticipated. It could be a reliable resource if they managed delivery better.",3,Media & Publishing
"The articles are usually well-written and informative, which I appreciate. But I've noticed some factual inaccuracies that can't be overlooked. It makes me question how thorough their editing process really is.",3,Media & Publishing
"The packaging my order arrived in was impressive, and everything was intact. However, the content of the printed materials was less than expected, with typos and formatting issues that made it feel rushed.",3,Media & Publishing
"The hotel was fine, although the amenities were a bit underwhelming for the price. The staff was friendly, but the check-in process took longer than expected. Overall, I had a decent stay, but I wouldn't rush back.",3,Travel & Vacation
"The cruise I took had some lovely sights and the food was quite good. However, the excursions felt overpriced and lacked organization. I enjoyed the experience, but there are definitely areas that could use improvement.",3,Travel & Vacation
"Our Airbnb was cozy and had a lovely view. The hosts were responsive, but we had an issue with the hot water that took a day to resolve. It was a nice getaway overall, but little annoyances like that detracted from it.",3,Travel & Vacation
"The flights were reasonably priced, and the schedule was convenient. On the downside, we faced long delays both ways and insufficient communication from the airline. I appreciated the value, but the hiccups made it frustrating.",3,Travel & Vacation
"The guided tour was informative and the guide was knowledgeable. However, the pace was often too fast to truly enjoy the sights. It was a good experience overall, but I wish we had more time at each location.",3,Travel & Vacation
"I loved the location of the resort, right by the beach. The pool area was nice, but the service at the bar was slow and sometimes inattentive. It was relaxing, but not quite worth the hype.",3,Travel & Vacation
"The travel agency made booking simple, and the package included some great perks. Unfortunately, some of the promised activities were poorly organized or cancelled at the last minute. I appreciated the ease of booking but was left wanting.",3,Travel & Vacation
"The villa was spacious and well-equipped, which we appreciated. However, the noise from neighboring properties was a bit bothersome at night. Overall, a decent stay, but not quite the tranquil escape we hoped for.",3,Travel & Vacation
"The camping site had beautiful surroundings and clean facilities. However, the staff could have been more helpful when we had issues with our tent setup. It was a pleasant trip, but I expected a little more support.",3,Travel & Vacation
"The road trip was fun, and the rental car was in good condition. That said, the pick-up process took too long and we encountered some hidden fees upon return. It was an enjoyable adventure, but the rental experience could have been smoother.",3,Travel & Vacation
"The villa we rented was in a stunning location, perfect for exploring the coastline. However, it was disappointing to find that the kitchen was poorly equipped, and we had to buy cooking utensils ourselves. Communication with the property manager could also have been better.",3,Travel & Vacation
"Our family trip to the theme park was filled with excitement, and the rides were fantastic. Unfortunately, the food options were limited and quite pricey. We had a good time overall, but the value for money didn't feel quite right.",3,Travel & Vacation
"I appreciated the friendly staff at the hotel, who were always eager to assist. However, our room wasn't properly cleaned upon arrival and there were maintenance issues that needed addressing. It was a mixed experience, but still enjoyable.",3,Travel & Vacation
"The guided tour of the city was informative, and our guide was knowledgeable. That said, the pace was rushed and left little time for photos or exploring. I enjoyed the experience but would prefer a more leisurely pace next time.",3,Travel & Vacation
"The cruise we took was relaxing, with beautiful views and decent amenities. On the downside, the entertainment was lackluster and didn't live up to expectations. It was nice, but I expected a bit more from the onboard activities.",3,Travel & Vacation
"The Airbnb we stayed in had a lovely atmosphere and was quite cozy. However, we had issues with the Wi-Fi not working and the host was slow to respond. Overall, a decent getaway, but some parts of the experience could use improvement.",3,Travel & Vacation
"The hiking trip we booked provided breathtaking scenery and a chance to connect with nature. Unfortunately, the guide was disorganized, leading to confusion about the trail lengths and stops. While it was a rewarding experience, better organization would have made it perfect.",3,Travel & Vacation
"The beach resort was beautiful, with great access to the water. Unfortunately, the facilities felt a bit outdated and some of the staff were less than friendly. It was a good place to unwind, but not everything was up to par.",3,Travel & Vacation
"Our weekend getaway to the mountains was refreshing, with stunning views and great hiking. However, the cabin could have been cleaner, and we faced some issues with the heating. Overall, we had a nice time, but the accommodation was a letdown.",3,Travel & Vacation
"The guided tour of the historical sites was captivating, and we learned a lot. However, we encountered issues with transportation, which made the schedule a bit chaotic. It was worth the experience, but logistics could definitely be improved.",3,Travel & Vacation
"The location of the resort was beautiful, right by the beach. However, the service was inconsistent, and it often felt like the staff were overwhelmed. I enjoyed my time, but some improvements would definitely make it worth a return visit.",3,Travel & Vacation
"Our guided tour of Italy had breathtaking sights and knowledgeable guides, which was truly a highlight. Unfortunately, the itinerary felt rushed at times, and we lost out on some experiences we were looking forward to. Overall, a mixed experience.",3,Travel & Vacation
"I really liked the concept of the vacation package we chose, and the accommodations were mostly nice. However, I was disappointed with the lack of communication regarding transport arrangements, which made things a bit stressful. Not sure if I'd choose this service again.",3,Travel & Vacation
"The cruise itself was enjoyable, with lovely dining options. But the excursions were hit or miss; some were poorly organized and felt too short. I had fun overall, but I expected a bit more attention to detail for the price we paid.",3,Travel & Vacation
"The hotel had a stunning view and very comfortable beds, but the cleanliness of the bathroom left a lot to be desired. It was a decent stay, but I wouldn’t rave about it to friends.",3,Travel & Vacation
"I appreciated the efforts made by the tour company to adapt to changing travel conditions. That said, waiting for updates was quite frustrating, and I felt a lack of clarity in what was required of me. While I enjoyed parts of the trip, it could have been better organized.",3,Travel & Vacation
"Exploring the national park was a dream come true, and the tour guides were top-notch. However, the transportation to and from the park was late and chaotic, which detracted from the overall experience. I am torn—such beauty but with some hassle.",3,Travel & Vacation
"I was thrilled with our cabin’s location and the scenic views from the porch. Unfortunately, the Wi-Fi was terrible and only worked sporadically, which was frustrating for planning our outings. Overall, a decent stay but not without its drawbacks.",3,Travel & Vacation
"I found the itinerary for our trip to be well-thought-out, and most of the locations were truly fantastic. On the downside, we spent too much time waiting for transportation, which cut into our leisure time. I left feeling both fulfilled and a little let down.",3,Travel & Vacation
"The boutique hotel had charm and character, which I loved. However, the noise levels from the street were quite disruptive at night, disrupting our sleep. It had its moments, but I wouldn't say it lived up to my expectations.",3,Travel & Vacation
"The hotel was in a great location, very close to the beach, which was a big plus. However, the check-in process was a bit chaotic and took longer than expected. The room was clean, but the air conditioning didn't work well, making it uncomfortable at times.",3,Travel & Vacation
"The guided tour we booked had some informative parts, but the pacing was all over the place. Some attractions felt rushed while others took too long. The tour guide was knowledgeable, but communication was sometimes unclear, which dampened the experience.",3,Travel & Vacation
"Overall, the cruise was enjoyable with decent food and entertainment options. However, my cabin was noisy, and I could hear everything from the neighboring rooms. It was okay for a short getaway, but I’m not sure I’d book another one anytime soon.",3,Travel & Vacation
"Flight was on time, and the crew was friendly, but the seating was cramped and uncomfortable for a long-haul journey. On the plus side, the in-flight meals were surprisingly good. Not the worst experience, but certainly could improve.",3,Travel & Vacation
"Had an okay experience with the vacation rental. The house was spacious and well-located, but some appliances were outdated. The hot tub that was advertised was not functioning, which was quite disappointing. Customer service was responsive but not very proactive.",3,Travel & Vacation
"The travel agency provided decent service in planning our trip, and the itinerary was well-organized. Unfortunately, a couple of the activities ended up being canceled last minute, which was frustrating. Overall, it met my expectations but with some letdowns.",3,Travel & Vacation
"The beach resort was beautiful and the amenities were alright. However, the staff seemed overwhelmed during peak hours, leading to slow service at the bars and restaurants. It didn’t ruin the vacation but left a bit to be desired.",3,Travel & Vacation
"We enjoyed exploring the city, but the hop-on-hop-off bus service was unreliable. Some buses arrived late, and others were full, making it hard to get around as planned. It was still a nice way to see the sights, though.",3,Travel & Vacation
"The rental car process was straightforward and the car itself was in good condition. However, I was surprised by the extra fees that weren't disclosed upfront. It made the overall cost feel higher than expected, which was a bit annoying.",3,Travel & Vacation
"The package deal for our trip was reasonable, and the hotel was decent for the price. However, we faced issues with loud neighbors and a few broken amenities in the room. It was fine for a short stay but didn’t quite live up to the expectations set by the advertisements.",3,Travel & Vacation
"We booked a week-long stay at a beach resort, and while the location was absolutely stunning, the food options were quite limited. Some meals were delicious, but others seemed bland and uninspired. The staff was friendly enough, but the wait times for service could be quite long.",3,Travel & Vacation
"Our family trip to the mountains had its ups and downs. The cabin was cozy and well-located, but we found the cleanliness to be lacking. There were dusty corners and a few broken amenities that required attention. The view made up for some of the issues, but I expected better overall.",3,Travel & Vacation
"I went on a city tour that promised a lot, and while the guide was knowledgeable and engaging, the itinerary felt rushed. We barely had time to take pictures at some stops, which was frustrating. However, the experiences we did have were enjoyable.",3,Travel & Vacation
"The cruise we took was fairly relaxing, with some lovely amenities on board. However, the excursions were rather overpriced and didn’t always deliver as expected. The entertainment at night was hit or miss, which left us feeling a bit disappointed about our evenings.",3,Travel & Vacation
"We visited a renowned national park that was breathtaking in beauty. However, the park management seemed overwhelmed by the number of visitors, leading to crowded trails and not enough facilities. The natural wonders made it worthwhile, but I wish they had better crowd control.",3,Travel & Vacation
"My experience with the travel agency was a mixed bag. They were helpful in planning my itinerary, but changes made last minute led to confusion with my accommodations. While the trip itself was enjoyable, I felt frustrated with the communication.",3,Travel & Vacation
"We enjoyed our stay at the all-inclusive resort, but there were inconsistencies in service. Some staff members were incredibly attentive, while others seemed indifferent. The activities offered were fun, but not all were well organized, which dampened the overall experience.",3,Travel & Vacation
"The flight to our destination was smooth, and the airport staff were friendly, but there was a significant delay upon return, which was quite annoying. The airline provided little information about the hold-up, making the wait frustrating. Overall, the trip was pleasant, yet communication issues left a bad taste.",3,Travel & Vacation
"The guided sightseeing tour was informative and had some beautiful stops. However, the bus was cramped, and we spent more time on the road than expected. I appreciated the knowledge of the guide, but the logistics could have been better planned.",3,Travel & Vacation
"Staying at a boutique hotel was charming, and the decor was lovely. On the downside, the noise levels from the street were quite high, making it difficult to sleep. The staff were courteous, but I had hoped for a quieter, more restful experience given the price.",3,Travel & Vacation
"The hotel I booked had a lovely location with stunning views, but the room wasn't as clean as I'd hoped. The staff were friendly, yet the service could be slow during peak times. Overall, a mixed experience.",3,Travel & Vacation
"I enjoyed the travel arrangements that were provided, and the flights were pretty smooth. However, the accommodation left a lot to be desired; I expected better for the price I paid. Just okay.",3,Travel & Vacation
"The guided tour was informative and the guide was knowledgeable, but the transportation between sites was cramped and uncomfortable. I appreciated the effort put in, but it could have been better organized.",3,Travel & Vacation
"While the cruise offered some great activities, I found the dining options quite limited and not satisfying. The crew were nice enough, but I felt they could have paid more attention to the guests.",3,Travel & Vacation
"I found it easy to plan my itinerary through the online platform, and it offered a decent selection of attractions. However, when I got to my destination, some of the bookings weren’t confirmed, which was a hassle.",3,Travel & Vacation
"The beach resort had beautiful amenities and a nice atmosphere, but the staff seemed overwhelmed and sometimes unhelpful. It wasn’t a disaster, but definitely not the relaxing getaway I anticipated.",3,Travel & Vacation
"Booking flights through this service was straightforward and efficient, which I appreciated. Yet, when I encountered an issue, the customer support was quite unhelpful, making my experience feel less than satisfactory.",3,Travel & Vacation
"I was pleased with the variety of options available for tours and activities, but the quality of some of the excursions did not live up to expectations. It was a mix of good and not-so-good experiences.",3,Travel & Vacation
"The package deal I found was reasonably priced, and the initial details were promising. However, the hotel accommodations did not match what was advertised, leaving me feeling a bit misled.",3,Travel & Vacation
"The travel guide provided some helpful tips and recommendations, which added value to our trip. Unfortunately, a few of the suggested places were either closed or not as described, which dampened the experience.",3,Travel & Vacation
"The location of the beach resort was fantastic, with beautiful views and easy access to the sand. However, the food quality at the on-site restaurant was quite underwhelming. It felt like they were trying to cut costs, which is a shame considering the price we paid for the stay.",3,Travel & Vacation
"I took a week-long tour with this company and the itinerary was mostly enjoyable. The guide was knowledgeable, but some of the accommodations were less than stellar. One hotel had a bad smell in the room, which made it difficult to relax.",3,Travel & Vacation
"Our family trip to the theme park was fun overall. The rides were thrilling, and we loved the variety. Yet, the long wait times for some attractions really tested our patience, and the food options were limited and expensive.",3,Travel & Vacation
"I booked a weekend getaway through a travel agency and the process was smooth. The hotel was nice enough, but they charged extra for Wi-Fi, which I found annoying. Considering how much we paid, I expected complimentary internet.",3,Travel & Vacation
"The cruise offered stunning views and plenty of activities, which we enjoyed. However, the dining experience left a lot to be desired; the service was slow, and some meals just weren't very good. It’s a mixed bag.",3,Travel & Vacation
"My recent stay at a cabin by the lake was peaceful, with lovely surroundings. Unfortunately, the cabin itself had some cleanliness issues, and I had to address a broken shower head shortly after arrival. It was manageable, but not ideal.",3,Travel & Vacation
"The guided hiking tour was beautiful and the group was friendly, making it a good experience. Still, I felt the hike was misrepresented in terms of difficulty, which made it a bit more challenging than I expected. A little more clarity in the description would have helped.",3,Travel & Vacation
"I loved the cozy atmosphere of the boutique hotel we stayed in. However, our room was quite small, and we could hear noise from the street all night. If you’re looking for quiet, this might not be the best choice.",3,Travel & Vacation
"The travel package I purchased had some great excursions included, which were highlights of the trip. On the downside, the customer service when booking was frustratingly slow. It took ages to get the answers we needed.",3,Travel & Vacation
"The bed and breakfast was charming, and the breakfast spread was excellent. Unfortunately, the noise from the adjacent rooms made it hard to sleep at night. I left feeling rested but somewhat frustrated by the lack of soundproofing.",3,Travel & Vacation
"The hotel was in a good location, easy access to the beach and local shops. However, the room itself was quite outdated and in need of a refresh. The staff were friendly, but the check-in process took longer than expected, which was a bit frustrating.",3,Travel & Vacation
"Our tour guide was knowledgeable and passionate about the sights, which added to the experience. Unfortunately, some of the transportation arrangements were poorly organized, leading to delays that cut into our sightseeing time. It could have been better, but we still enjoyed many aspects.",3,Travel & Vacation
"The amenities at the resort were decent, although I expected more for the price we paid. The pool was nice but a bit crowded. We also had issues with the WiFi not working well in our room, which was inconvenient since I needed to check in for a flight.",3,Travel & Vacation
"I loved the itinerary of our trip, with lots of diverse activities. However, the accommodations were hit or miss; one night we stayed in a lovely hotel, and the next was a rundown motel. It felt inconsistent, which was disappointing.",3,Travel & Vacation
"The food at the all-inclusive was generally good, but they ran out of some options during peak times. I appreciated the variety, but the service was a bit slow on certain days. Overall, it was an okay experience, but not without its quirks.",3,Travel & Vacation
"We had a solid time on our cruise, with great entertainment and friendly staff. However, the excursions were overpriced and not as exciting as advertised. While I enjoyed the overall atmosphere, I left feeling a bit underwhelmed by some of the featured activities.",3,Travel & Vacation
"I found the booking process relatively straightforward, but there were unexpected fees that cropped up last minute, which felt a bit sneaky. The flight was comfortable, but the connection times could have been better planned. It was a mixed bag, to say the least.",3,Travel & Vacation
"The location of our Airbnb was fantastic, right in the heart of the city. On the downside, the cleanliness left a lot to be desired, and we encountered some noisy neighbors. It's a shame because the potential was there for a great stay.",3,Travel & Vacation
"The car rental service provided a decent vehicle that met our needs, but the pick-up process was unnecessarily complicated and lengthy. I appreciated the car itself, but the hassle took away from the convenience that I hoped for.",3,Travel & Vacation
"The guided tour had some interesting sites, but the pacing felt rushed at times, which made it hard to really enjoy the experience. While I did learn a lot, I wish there had been more time to explore each location thoroughly.",3,Travel & Vacation
"The trip to Bali was quite wonderful overall, with stunning beaches and friendly locals. However, my hotel room wasn’t as clean as I expected, and I had to ask several times for fresh towels. It was an enjoyable experience, but a bit more attention to detail would have made it perfect.",3,Travel & Vacation
"Booking with this agency was straightforward and fast. Unfortunately, the customer service was hit or miss; some of the representatives were helpful, while others seemed confused about my itinerary. I appreciated the price I paid, but the inconsistency in support was frustrating.",3,Travel & Vacation
"I had a decent vacation at the all-inclusive resort. The food was diverse and tasty, though some dishes were lukewarm. The activities offered were engaging, yet I was disappointed with the lack of organization in the scheduling. Overall, a mixed bag.",3,Travel & Vacation
"The guided tour we booked was informative and fun, with great sites to see. On the downside, the pacing felt rushed at times, and we missed out on some attractions because of it. I enjoyed parts of it but left feeling it could have been better planned.",3,Travel & Vacation
"The flight to Europe was cheap and the booking process was easy. However, the airline lost my luggage for a day, which was a hassle. I appreciated the prompt response when I inquired, but I think I’ll think twice before flying with them again.",3,Travel & Vacation
"My stay at the cabin in the woods was peaceful and serene, perfect for a getaway. The check-in process, however, was confusing and took longer than expected. If they can streamline that, it would greatly enhance the experience.",3,Travel & Vacation
"The beach resort was beautiful and well-maintained. Unfortunately, the Wi-Fi was spotty, and it was hard to connect when I needed to. It was a nice vacation, but I wasn’t entirely satisfied with the connectivity issues.",3,Travel & Vacation
"The cruise offered stunning scenery and a variety of onboard entertainment. That said, the dining service was slow at times, and one of the meals I had was undercooked. Overall, a fun trip, but a few hiccups along the way diminished my experience.",3,Travel & Vacation
"I appreciated the prompt responses from the travel agency when I had questions. However, there were times when the information provided was inconsistent, which led to some confusion during my trip. It was a decent experience, but I would prefer a smoother process.",3,Travel & Vacation
"The guided hike was breathtaking, and the tour guide was very knowledgeable. Unfortunately, the transportation to the starting point was late, which threw off our schedule. It was a great adventure but could have been managed better.",3,Travel & Vacation
"The hotel we stayed at was in a great location, really close to the beach, which we loved. However, the room was a bit dated and lacked some basic amenities. It wasn't bad overall, just not as nice as we expected.",3,Travel & Vacation
"The tour we booked included some fantastic sights, but the guide was hit or miss. Some days they were engaging and informative, while other days it felt like they were just going through the motions. The experiences balanced out, but I wouldn't rave about it.",3,Travel & Vacation
"I had mixed feelings about my recent flight experience. The staff were friendly and accommodating, which was great, but the seats were cramped and I was disappointed that there weren't any complimentary snacks. It was fine but nothing to write home about.",3,Travel & Vacation
"Our vacation rental was spacious and had a great view, but the cleaning could have been better. There were a few things that felt overlooked. Plus, the Wi-Fi was spotty, making it tricky for us to plan our days.",3,Travel & Vacation
"Booking the cruise was easy and the service was decent, but I felt the food options were quite limited, especially for dietary restrictions. The entertainment was enjoyable, but I expected more variety given the cost.",3,Travel & Vacation
"The car rental process was straightforward, and the vehicle was in good condition. However, the extra fees were a bit excessive and not mentioned upfront. It left a bit of a sour taste, even though the car itself was fine.",3,Travel & Vacation
"Check-in at the resort was quick and the welcome drink was a nice touch. Unfortunately, the pool area was overcrowded, and it felt like there was not enough space for everyone to enjoy. A bit frustrating given the price.",3,Travel & Vacation
"Our guided hike through the national park was beautiful, and the scenery was breathtaking. That said, the group was too large, which made it difficult to hear the guide. A smaller group would have really enhanced the experience.",3,Travel & Vacation
"The flight arrived on time, which is always a plus, and the cabin crew were polite. However, my luggage took forever to come out, and the baggage claim area was chaotic, which really dampened the arrival experience.",3,Travel & Vacation
"I appreciated the travel agency's responsiveness when I needed to change my itinerary. However, the options they provided were not as appealing as I hoped, and the overall value for the price felt lacking. It wasn’t a bad experience, just not great.",3,Travel & Vacation
"The accommodation was decent and had all the basic amenities. However, the check-in process was chaotic and slow, which took away from the experience. I appreciated the cleanliness but expected more from the staff's responsiveness.",3,Travel & Vacation
"Booking the trip was straightforward, and the location was stunning. Unfortunately, there were some maintenance issues in our room that took a couple of days to be addressed. Overall, it was a mixed experience.",3,Travel & Vacation
"I enjoyed the local attractions and food options available, but the hotel itself felt dated and in need of renovation. The staff were friendly but somewhat disorganized, which left me feeling a bit frustrated at times.",3,Travel & Vacation
"The guided tour was informative and had a lot of interesting stops, but there were moments when the timing felt rushed. The guide was knowledgeable, but the audio equipment didn't work well, which made it hard to follow.",3,Travel & Vacation
"Beautiful scenery and a relaxing atmosphere. That said, the service at the restaurant was underwhelming; it took forever to get served, even when the place wasn't crowded. A mixed bag for sure.",3,Travel & Vacation
"Our rental car was ready for us upon arrival, and that was great. On the downside, the fuel policy was confusing and ended up costing us more than expected. I think better clarity would help future customers.",3,Travel & Vacation
"I loved the activities offered, and the kids had a fantastic time. However, I found the accommodation lacking in basic comforts, like enough pillows and blankets. It was okay, but I expected a bit more for the price.",3,Travel & Vacation
"The beach was incredible, and we had a great time relaxing there. Unfortunately, I was disappointed with the lack of communication regarding our booking changes, which led to some unnecessary stress.",3,Travel & Vacation
"The itinerary was well-planned, and we saw some amazing sights. However, the transportation between stops was not as comfortable as I’d hoped, making the journey a bit tedious at times.",3,Travel & Vacation
"Check-in was a breeze, and the room had a lovely view. However, the Wi-Fi was spotty, which made it challenging to stay connected when we needed to. A decent stay overall, but some improvements could be made.",3,Travel & Vacation
"The chalet we booked was quite nice, with a lovely view. However, it was a challenge to find the key, and the instructions were unclear. A bit frustrating, but overall, it was a decent stay. Just wish they had better communication.",3,Travel & Vacation
"Our beach holiday had its highlights, like the beautiful sunsets and friendly staff. But the room cleanliness was questionable, and I found hair in the bathroom on arrival. It made the whole experience a bit less enjoyable. I don't regret going, but I expected better.",3,Travel & Vacation
"The guided tour was informative, and our guide was passionate about the history. Yet, we were rushed through several sites. It felt like we missed the essence of the places we visited, which was disappointing. Not sure if I'd recommend it.",3,Travel & Vacation
"We had a pleasant time at the resort. The pool area was wonderful, but the food options were repetitive and not very tasty. I wish there had been more variety, as it impacted our overall experience. It was okay, but I might try somewhere else next time.",3,Travel & Vacation
"The car rental service was straightforward, and the vehicle was in great condition. However, they charged extra fees that weren't clearly explained upfront, which was frustrating. I managed to get by, but transparency would have made it better.",3,Travel & Vacation
"The train journey was scenic and comfortable, which I appreciated. However, the delays were quite annoying, and we ended up arriving much later than planned. It was a mixed bag. I enjoyed the ride but not the headache of rescheduling plans.",3,Travel & Vacation
"The cruise offered stunning views and entertainment options. Unfortunately, the service at the dining areas was slow, and we often had to wait too long for our meals. It dampened the experience a bit, even though the overall trip was enjoyable.",3,Travel & Vacation
"The vacation rental was cozy and well-located, perfect for sightseeing. On the downside, the Wi-Fi was unreliable, which made it hard to plan our days. Overall, I liked staying there, but there were definitely aspects that could be improved.",3,Travel & Vacation
"The hiking trip was spectacular, and the guides were knowledgeable. However, the logistics could use some work; we spent too much time waiting for transportation. It was a good experience overall but could have been more efficiently run.",3,Travel & Vacation
"The hotel had spacious rooms and beautiful decor. Yet, the check-in process was chaotic, and we had to wait over an hour. It left a bad first impression, even though the rest of the stay was quite pleasant. A bit of a letdown at the start.",3,Travel & Vacation
"The hotel itself was quite nice and in a great location, but the check-in process was a mess. We arrived late and had trouble finding someone to assist us. The room was clean and comfortable, but I expected a smoother start to our vacation.",3,Travel & Vacation
"I enjoyed the guided tour we took, but the timing felt rushed. We had some great sights to see, yet we were always looking at our watches. The guide was knowledgeable, although sometimes hard to understand due to his thick accent.",3,Travel & Vacation
"Overall, the cruise was decent with a variety of food options. I was a bit disappointed by the entertainment, which seemed lackluster and repetitive. The cabin was nice, but the noise from the deck above made it hard to sleep.",3,Travel & Vacation
"Booking the vacation package was easy, but I faced some confusion about the included activities. Some were great, while others were not what I expected. The staff was friendly, but I felt they could’ve been better informed about the itinerary.",3,Travel & Vacation
"The beach resort was lovely and the amenities were decent. However, the service at the pool bar was slow, and we had to wait quite a while for our drinks. It didn't ruin our trip, but it was a bit frustrating.",3,Travel & Vacation
"I appreciated the cleanliness of the rental home we stayed in, but the Wi-Fi was painfully slow and kept dropping. It was nice to have a fully equipped kitchen, but some appliances were outdated and not functioning well.",3,Travel & Vacation
"The flight was reasonably priced, but we dealt with several delays which made for a long travel day. The seats were comfortable enough, and the staff was courteous, but the lack of communication about the delays was disappointing.",3,Travel & Vacation
"The excursion I booked through the travel agency was well-organized, yet the bus was overcrowded and uncomfortable. Once we reached our destination, everything was fine, but the journey left a lot to be desired.",3,Travel & Vacation
"Staying at the lodge was a mixed experience. The scenery was breathtaking, but the rooms were a bit dated and could use some updates. The breakfast included was good, but I had higher expectations given the price we paid.",3,Travel & Vacation
"I found the car rental process straightforward, but I was charged extra for a fuel service that I didn’t ask for. The vehicle was in great shape and performed well, which I appreciated, but those unexpected costs left a sour taste.",3,Travel & Vacation
"The location of our hotel was great, just a short walk to the beach. However, the room itself was quite small and felt a bit cramped for the price we paid. I expected more space for a vacation stay.",3,Travel & Vacation
"I enjoyed the guided tour we booked through the agency; the guide was knowledgeable and friendly. But, the transportation provided was uncomfortable, with cramped seating that made the long rides a bit of a chore.",3,Travel & Vacation
"Our vacation rental was easy to book, and check-in was a breeze. Yet, we found the kitchen lacked essential utensils, which made cooking our meals more challenging than anticipated.",3,Travel & Vacation
"The cruise experience was mostly enjoyable, with plenty of activities to choose from. However, the food quality was inconsistent, with some meals being delicious while others fell flat.",3,Travel & Vacation
"I appreciated the quick responses from customer service when I had questions about my itinerary. Unfortunately, I encountered some issues with our hotel reservation, leading to a frustrating check-in process.",3,Travel & Vacation
"The playground at the resort was fantastic for the kids, and they had a great time. It was disappointing, though, that the adult amenities were often overcrowded and not well-maintained.",3,Travel & Vacation
"I found the travel insurance offered to be reasonably priced, which gave me peace of mind. On the downside, the conditions were a bit confusing, and it took several calls to fully understand what was covered.",3,Travel & Vacation
"The island's natural beauty was stunning, and we had a wonderful time exploring. Unfortunately, the local transport options were limited, making it hard to get around without renting a car.",3,Travel & Vacation
"Our tour guide was incredibly enthusiastic, which made the experience fun. However, the tour schedule felt rushed, leaving little time to fully enjoy some of the attractions.",3,Travel & Vacation
"Booking our flights was straightforward, and I liked the user-friendly website. However, the seat selection process was a bit unclear, and we ended up sitting apart, which was not ideal.",3,Travel & Vacation
"The location of our hotel was fantastic and within walking distance to most attractions. However, the room itself was a bit outdated, and the heating didn’t work properly. Staff were generally helpful, but it took a while to check in.",3,Travel & Vacation
"Our cruise experience was mostly enjoyable, with great onboard activities and friendly crew. That said, the excursions we booked were overpriced and didn’t live up to expectations. I might consider traveling with them again, but I would definitely research more about the shore activities.",3,Travel & Vacation
"The itinerary for our tour was well planned and covered a lot of ground. Unfortunately, the tour guide seemed rushed and often skipped over important details. The bus was comfortable, but I expected more from a premium tour.",3,Travel & Vacation
"Check-in at the airport was smooth, and our flight departed on time. Unfortunately, the in-flight service was lacking, with limited options for meals. I had a decent trip overall, but I wish the airline had paid more attention to comfort.",3,Travel & Vacation
"I really enjoyed the friendly atmosphere of the resort and the variety of pools available. However, the dining options were quite limited and often ran out of popular dishes, which was disappointing. Mixed feelings about coming back.",3,Travel & Vacation
"The beach was beautiful and well-maintained, making for a lovely vacation spot. However, the accommodations were not as advertised, and our room was smaller than expected. Overall, it was decent, but perhaps not worth the price.",3,Travel & Vacation
"I found the public transportation system in the city convenient, which made getting around easy. On the downside, the tickets were quite confusing to purchase, and I ended up overpaying for a few rides. It was a mixed experience.",3,Travel & Vacation
"The tour package included some stunning sites and experiences that I truly loved. But, there were connectivity issues with the transportation between locations that made things frustrating. I’m glad I went, but I wouldn’t rush to book again.",3,Travel & Vacation
"Our vacation rental was in a prime location, close to everything we wanted to see. Unfortunately, the cleanliness left a lot to be desired, with dusty surfaces and unwashed dishes. An enjoyable stay overall, but not without its issues.",3,Travel & Vacation
"The travel agency offered a good selection of packages and friendly service. However, the final cost turned out to be much higher than initially quoted due to hidden fees. I’m torn about recommending them to friends.",3,Travel & Vacation
"The hotel was clean and the staff were friendly, which made for a pleasant stay. However, the dining options were quite limited, and the food was average at best. Also, the Wi-Fi signal was weak in our room, which was frustrating.",3,Travel & Vacation
"I found the excursion we booked was well-organized and enjoyable. But the guide seemed to rush us through some beautiful spots, and I felt we could have had more time to appreciate the views. Overall, a mixed experience.",3,Travel & Vacation
"The villa we rented had beautiful views and a lovely pool area. Unfortunately, there were maintenance issues with the air conditioning that took a couple of days to fix. It was comfortable, but those details could have made it fantastic.",3,Travel & Vacation
"We had a decent time overall during our holiday. The beach was nice, although it got crowded quickly. Our room had some noise from the nearby bar, which made it hard to relax in the evenings.",3,Travel & Vacation
"The travel company was responsive when booking our trip, which I appreciated. However, upon arrival, we discovered that the hotel was not as advertised, and some amenities were unavailable. A real letdown after the excitement of planning.",3,Travel & Vacation
"I liked the activities offered at the resort, and my kids had a blast. Yet, customer service at the front desk was hit or miss; some staff were helpful while others seemed indifferent to our concerns.",3,Travel & Vacation
"Our cruise offered stunning destinations, which I loved. That said, the onboard entertainment was lackluster, and some areas felt overcrowded. It was nice but lacked that special touch.",3,Travel & Vacation
"The guided tour was informative, and the sights were breathtaking. However, the pacing was too fast for my liking, and I wished for more chances to explore on my own. Still, a good value for the price.",3,Travel & Vacation
"The rental car process was straightforward, and the vehicle was in great condition. On the downside, I faced long wait times for pick-up and drop-off, which was quite inconvenient. Not sure I would do it again.",3,Travel & Vacation
"The location of the hotel was perfect; close to the beach and shops. However, the room itself wasn't very clean when we arrived, and the housekeeping took a while to address our concerns. A bit disappointing overall.",3,Travel & Vacation
"The Hotel Coral was lovely in terms of decor and location but I found the staff a bit unapproachable. I expected a friendlier vibe, especially when asking for recommendations. The pool was nice, but a bit crowded during peak hours.",3,Travel & Vacation
"Our trip to the Bahamas had stunning beaches and delightful food. However, the transfer from the airport to the hotel took way longer than expected, which put a damper on our arrival. The sunset cruise was memorable, though.",3,Travel & Vacation
"The travel agency was responsive, but the itinerary they provided had us hopping from city to city with very little downtime. Some of the guides were fantastic, while others seemed a bit rushed. Overall, it was a mixed experience.",3,Travel & Vacation
"I was pleased with the variety of excursions offered on our cruise. However, the onboard service was hit or miss; sometimes my requests were met promptly, other times it felt like I was invisible. The entertainment was enjoyable, but not every show was to my taste.",3,Travel & Vacation
"My recent trip to Italy had breathtaking sights and delicious cuisine, but my hotel room was a letdown. It was tiny and not as clean as I would have expected. The locals were friendly and helpful, which brightened the experience.",3,Travel & Vacation
"The guided tour I booked covered some incredible locations, but I felt rushed at times. The guide was knowledgeable but often spoke too quickly for me to absorb everything. Still, the company was responsive to my questions before the trip.",3,Travel & Vacation
"I enjoyed the beautiful landscapes on our hiking trip, but the organization of the group left something to be desired. Some participants were more experienced, which made it tough for beginners. The views were worth it, but I wish there had been better group management.",3,Travel & Vacation
"Our family vacation to Disneyland was fun for the kids, but the long wait times for rides were frustrating. The food options were decent, but a bit pricey. Overall, we enjoyed our time, but I think we could have planned better to maximize our experience.",3,Travel & Vacation
"The beach resort had a stunning setting and good food options. However, the Wi-Fi was unreliable, which was a letdown for staying connected. While the staff tried to help, it felt like a hassle to get things sorted.",3,Travel & Vacation
"The train journey through the mountains was breathtaking, but the seating was cramped and not very comfortable. The views definitely made up for it, but I expected a bit more from the service. A good experience overall, but with some caveats.",3,Travel & Vacation
"The hotel had a nice location by the beach, which was great for morning walks. Unfortunately, the service at the front desk was often slow, and our room wasn't cleaned properly during our stay. It was a mixed bag for sure.",3,Travel & Vacation
"The guided tour was informative, and the guide was friendly. However, I felt rushed at some stops, and we missed out on taking photos. If only the pacing was a bit more relaxed, it could have been perfect.",3,Travel & Vacation
"I booked a vacation package that included flights and accommodation. The flights were on time, but the hotel room wasn't what I expected from the pictures. It wasn’t terrible, but definitely not what I saw online.",3,Travel & Vacation
"Enjoyed the complimentary breakfast every morning, which had a decent variety. On the downside, the Wi-Fi was spotty, making it hard to plan our day trips efficiently. It could have been more user-friendly.",3,Travel & Vacation
"The travel agency was responsive to my initial inquiries, and I appreciated the recommendations they provided. However, the itinerary felt a bit disorganized, and I had to adjust a few things on my own. It was a little stressful.",3,Travel & Vacation
"I loved the beautiful scenery during our hike, and it was well-organized for the most part. Still, the guide occasionally lost track of time, causing us to rush back to the starting point, which took away from the experience.",3,Travel & Vacation
"We had a lovely cabin for our week away, but the amenities weren't as advertised—no hot tub as promised, and the TV didn’t work. It was somewhat disappointing, though we still managed to enjoy our vacation.",3,Travel & Vacation
"The transport service to and from the airport was convenient and on schedule, which I appreciated. However, the drivers could have been more courteous, as some were a bit curt. It left me feeling a bit indifferent overall.",3,Travel & Vacation
"I enjoyed the cultural activities included in our package; they were quite engaging. Conversely, the accommodation left much to be desired. It was clean but lacked the charm I was hoping for when booking.",3,Travel & Vacation
"The beach resort was well-kept, and the staff were generally friendly. That said, the noise from nearby construction was quite bothersome at times, affecting our relaxation. Overall, it was a decent experience.",3,Travel & Vacation
"The hotel was alright, but we arrived to find the room not cleaned properly. However, the pool area was lovely and well-maintained. I guess it’s a mixed bag.",3,Travel & Vacation
"Booked a beach resort expecting paradise, but it felt a bit run down. The location was outstanding, but food options were limited and overpriced. Not sure I'd stay again.",3,Travel & Vacation
"The guided tour was informative and the guide was nice, but the bus was cramped and the air conditioning barely worked. Overall, it was decent for the price.",3,Travel & Vacation
"Had a few hiccups during my stay. While the staff was friendly, the check-in process was a bit chaotic. The amenities were as advertised, but not exactly luxurious.",3,Travel & Vacation
"The camping experience was fun, but the restroom facilities left something to be desired. The surrounding nature was beautiful, but I expected a bit more cleanliness.",3,Travel & Vacation
"They have a great selection of activities, but many were fully booked when we arrived. The hotel was decent enough, but lacking a bit in service quality.",3,Travel & Vacation
"Flight was on time and the crew was friendly, but the seats were cramped and the legroom felt like a joke. Overall, it was just okay for a long-haul flight.",3,Travel & Vacation
"Enjoyed the local tours, but the transportation between locations was disorganized. The scenery was stunning, but the overall logistical issues took away from the experience.",3,Travel & Vacation
"The cruise had plenty to do, but the food was just mediocre. The stateroom was comfortable, but the staff sometimes seemed overwhelmed. Mixed feelings about the whole trip.",3,Travel & Vacation
"The travel agency did find us a good deal, but the communication was a bit lacking. The trip itself went smoothly, but it left me wanting a bit more support.",3,Travel & Vacation
"The hotel was in a great location, close to many attractions. However, the room itself was smaller than expected and the shower pressure was quite low. Decent stay, but I've had better.",3,Travel & Vacation
"Flight booking was straightforward and the confirmation emails were prompt. On the downside, I had some issues with the baggage handling at the airport; my suitcase took ages to arrive at the carousel.",3,Travel & Vacation
"The beach was beautiful, and the resort had nice amenities. Unfortunately, the food was just average, and our room had a strange musty smell that was a bit off-putting.",3,Travel & Vacation
"I appreciated the organized tours offered by the company, as they were informative and well-planned. However, some of the guides seemed rushed, and I didn’t get to ask all my questions.",3,Travel & Vacation
"Check-in was efficient, and the staff were friendly. I was disappointed, though, that my room faced the parking lot rather than the ocean as promised.",3,Travel & Vacation
"The travel agency provided good recommendations, and the booking process was easy. I did find that their response time to my email inquiries could be improved, though.",3,Travel & Vacation
"The vehicle rental was convenient, and the car was in good condition. However, the extra insurance costs were rather high and not clearly explained at the start.",3,Travel & Vacation
"I enjoyed the scenic views during the cruise, and the entertainment was enjoyable. That said, the food options were somewhat limited and often a bit bland.",3,Travel & Vacation
"The guided hike we took offered stunning views and a knowledgeable guide. However, the group was larger than expected, which made it hard to hear everything.",3,Travel & Vacation
"The travel itinerary they provided was detailed and helpful. Yet, I was frustrated with the changes made at the last minute, which messed up our plans a bit.",3,Travel & Vacation
"We stayed at a beachfront resort last month. The views were truly breathtaking and the location couldn't be more perfect for relaxation. However, the service was a bit hit-or-miss. Some staff members were friendly and helpful, while others seemed indifferent and uninterested. Overall, a mixed experience.",3,Travel & Vacation
"The guided tour through the mountains was simply stunning, with great sights and knowledgeable guides. But the logistics left a lot to be desired—our bus broke down, and we lost an hour of precious sightseeing time. Still, the beauty of the area made up for some of the hassle.",3,Travel & Vacation
"I loved the cozy cabin we rented in the woods. Very charming and great amenities. However, communication with the property manager was frustrating; it took too long to get responses to our questions. It took away from the joy of our stay a bit.",3,Travel & Vacation
"Traveling with this cruise line was an interesting experience. The ship was clean and the entertainment was enjoyable, but the food was average at best. It was a shame because the dining experiences were such a big part of the trip. I’m not sure I’d cruise with them again.",3,Travel & Vacation
"The city tour was very informative and covered a lot of ground. However, I felt rushed at several stops, and the guide was a bit hard to follow at times. I appreciated the effort but wished for a slower pace to truly take it all in.",3,Travel & Vacation
"We had a decent stay at the hotel. The room was comfortable, but the Wi-Fi was practically unusable, which was disappointing. The location was convenient, making it easy to explore, but the inconsistency in amenities gives me mixed feelings about recommending it.",3,Travel & Vacation
"The vacation package we booked included some impressive activities, especially the snorkeling trip. But the transportation arrangements were chaotic, leading to confusion and delays. While the experiences were great, the organizational side could definitely use improvement.",3,Travel & Vacation
"The airport transfer service worked smoothly on both ends, which was a relief. However, the vehicle itself was a bit cramped and not very clean. It got us to our destination, but I expected a little better comfort for the price.",3,Travel & Vacation
"I can’t complain about the beautiful views from our villa—they were breathtaking. Unfortunately, the maintenance of the property was lacking; some appliances were outdated and not functioning properly. It’s a shame because it had so much potential.",3,Travel & Vacation
"We enjoyed our stay at the resort for the most part, with friendly staff and good facilities. However, the constant construction noise nearby made it hard to relax at times. It’s a nice place, but I would have preferred a quieter environment.",3,Travel & Vacation
"The beach resort we stayed at had stunning views and a nice pool, but the service left a lot to be desired. We waited a long time for our room to be ready, and when it finally was, it wasn't very clean. Nice location, but not sure I'd return.",3,Travel & Vacation
"The tour guide was knowledgeable and friendly, which made our city tour enjoyable. However, the transportation was cramped and uncomfortable, making it hard to fully appreciate the sights. Mixed feelings overall.",3,Travel & Vacation
"I loved the variety of activities offered during our stay; we tried everything from snorkeling to yoga classes. Unfortunately, the food was pretty mediocre and didn't match the high price we paid. Some highlights, but also some disappointments.",3,Travel & Vacation
"Booking the flight was straightforward, and the customer service was polite when I had questions. However, the flight was delayed significantly, which threw off our plans. Overall, an okay experience, but not without its frustrations.",3,Travel & Vacation
"The Airbnb we rented was located in a lovely neighborhood, and the bed was comfortable. However, there were issues with the Wi-Fi, which made it hard to plan our days. A mixed bag, really.",3,Travel & Vacation
"We found a great deal on our hotel, and the check-in process went smoothly. However, the noise from the street was bothersome at night, which made it hard to get a good night's sleep. Good price, but I guess you get what you pay for.",3,Travel & Vacation
"The cruise was nice, with plenty of activities to keep everyone entertained. But the buffet food was disappointing and often cold. It was a fun trip overall but some aspects certainly need improvement.",3,Travel & Vacation
"I appreciated the helpfulness of the travel agency staff; they were patient in answering my questions. However, I ended up with a flight that had a long layover that I wasn't informed about initially. Some positives but also a couple of letdowns.",3,Travel & Vacation
"The guided hike we took offered breathtaking views and friendly guides. On the downside, the group was larger than expected, which made it hard to hear instructions at times. Enjoyable, but could have been better.",3,Travel & Vacation
"The rental car process was smooth, and the vehicle was in great condition. Unfortunately, the GPS was outdated, which caused some navigation issues. A decent experience overall, but the tech aspect could use an upgrade.",3,Travel & Vacation
"The location of the hotel was fantastic, right by the beach, but the cleanliness of the room left a lot to be desired. Disappointing to find hair in the bathroom and dust on the furniture. Staff were friendly enough, but overall, the stay was just okay.",3,Travel & Vacation
"Booking the vacation package was straightforward, but when we arrived, some of the amenities were not available as advertised. The customer service was responsive, which helped, but it felt like we didn't get what we paid for. Mixed feelings about recommending this to friends.",3,Travel & Vacation
"Our tour guide was knowledgeable and engaging, but the itinerary felt rushed, and we hardly had time at each stop. Could have been a wonderful experience if things weren't so hurried. Nice sights, just not quite what I envisioned.",3,Travel & Vacation
"Traveling with the family was a mixed bag. The accommodations were decent, and the kids enjoyed the activities, but we faced several communication issues with the staff regarding meal bookings. Not the worst experience, but not the best either.",3,Travel & Vacation
"The cruise ship was beautiful, with lots of entertainment options, but the food quality was hit or miss. Some meals were great, while others were quite disappointing. Overall, it was an enjoyable trip, but I expected a bit more consistency.",3,Travel & Vacation
"I found the cabin easy to book, but when we arrived, the heating system was malfunctioning. It took a while for maintenance to fix it, which was frustrating. The scenery was stunning, but the initial experience could have been smoother.",3,Travel & Vacation
"The flight was on time, which is always a plus, but the airline lost my luggage for three days. The customer service was polite, but it took a lot of back and forth to resolve the issues. I appreciated their efforts, but the stress was unnecessary.",3,Travel & Vacation
"The guided tour was informative, and I learned a lot about the area, but the group was too large, making it hard to hear sometimes. I enjoyed the experience overall, but I wish there had been fewer people or better audio equipment.",3,Travel & Vacation
"Staying at the resort was relaxing, but the pool area was overcrowded and not very well maintained. We enjoyed our room, but the noise from other guests made it hard to unwind. An average stay, but I was hoping for more peace and quiet.",3,Travel & Vacation
"The travel app was easy to navigate, but there were some unexpected fees that popped up during the booking process. I did find the customer support team helpful when I called in, but transparency could use improvement. Mixed feelings about using this service again.",3,Travel & Vacation
"We booked a week at a popular beach resort and had some nice moments enjoying the sun and pool. However, the food was just average, and I found the service a bit slow at times. The location was great, but the overall experience didn't quite live up to the hype.",3,Travel & Vacation
"Just returned from a road trip arranged by a travel agency. The itinerary was interesting, and we saw some beautiful sights. Unfortunately, the accommodations were hit-or-miss, with one hotel room being quite cramped and outdated. It was an okay trip, but I expected a bit more attention to detail.",3,Travel & Vacation
"Visited a charming cottage through a rental service. The setting was lovely and the fireplace added a nice touch. On the downside, the Wi-Fi was really spotty, making it hard to plan our day trips. Overall, it was a decent place to stay, but some amenities could use an upgrade.",3,Travel & Vacation
"Had a mixed experience with an organized tour. Our guide was friendly and knowledgeable, which made the sightseeing enjoyable. However, the transportation was late more than once, and we missed out on some planned attractions. It was good, but not great.",3,Travel & Vacation
"The cruise we took had beautiful views and a nice variety of activities. However, the food was lackluster, and I had to wait longer than expected for drink service. It was a pleasant getaway, but with inconsistent service, I might think twice about booking again.",3,Travel & Vacation
"We recently stayed in a hotel downtown for a city break. The staff were generally helpful and courteous. However, I was disappointed by the noise levels at night, which made it hard to sleep. It was an okay stay, but I expected a bit more comfort for the price.",3,Travel & Vacation
"Our family trip to a theme park was filled with fun rides and attractions that the kids loved. But the long lines and lack of dining options during peak hours made it frustrating. While it was enjoyable overall, I wish the logistics had been better planned.",3,Travel & Vacation
"Enjoyed a weekend camping trip with a group and the location was stunning with plenty of trails to explore. Unfortunately, the bathroom facilities were not well-maintained, which was a letdown. It was a nice escape into nature, but cleanliness is key for me.",3,Travel & Vacation
"Had the chance to experience a spa retreat I booked online. The treatments were relaxing, and the staff was welcoming. Still, the facilities felt a bit dated, and the lunch options were overpriced for what you got. All in all, it was a nice day, but I wouldn't rush back.",3,Travel & Vacation
"Just back from a guided hiking trip, and while the scenery was breathtaking, the group felt too large to make the experience personal. Our guide did a decent job, but I think smaller groups would have made it much more enjoyable. It was a mixed bag, really.",3,Travel & Vacation
"The hotel location in Barcelona was perfect, right by the beach and close to shops. However, the room was smaller than expected and cleanliness could have been better. Overall, an okay stay.",3,Travel & Vacation
"Had some nice moments on the guided tour of Rome, but our guide was a bit hard to understand at times. The sights were beautiful, but you can find similar experiences for less elsewhere.",3,Travel & Vacation
"The resort had beautiful pools and friendly staff, but the food options were quite limited and repetitive. I enjoyed my time overall, but I think I expected a bit more variety.",3,Travel & Vacation
"Took a cruise with Oceanic Voyages. The entertainment was really enjoyable, but the food on board was hit or miss. Some dishes were great while others were underwhelming.",3,Travel & Vacation
"Our family trip to Disneyland was magical for the kids, but the long wait times for rides were frustrating. We made some wonderful memories, but I wish the logistics were handled better.",3,Travel & Vacation
"The cabin we rented in the mountains was charming, but it lacked some basic amenities like kitchen utensils. It was cozy, but for the price we paid, I expected better provisioning.",3,Travel & Vacation
"The tour through the countryside was scenic and peaceful, but the transportation was cramped and uncomfortable. It had its moments, but the ride could really have been improved.",3,Travel & Vacation
"My stay at the Inn was peaceful, with lovely views and friendly staff. However, the Wi-Fi was unreliable and made it difficult to plan activities. A mixed experience overall.",3,Travel & Vacation
"The beach club was well-maintained and offered plenty of activities, but the service at the bar was incredibly slow. I enjoyed my time, but it could have been a bit smoother.",3,Travel & Vacation
"Our trip to Japan was filled with incredible sights, but some of the accommodations were not as comfortable as I would have liked. Overall, a memorable experience but with some bumps along the way.",3,Travel & Vacation
"I ordered a few graphic novels and was really impressed with the selection and the speed of delivery. The packaging was top-notch, ensuring no damage during transit. The only downside was a minor issue with the website; it could use a bit more navigation clarity. Still, I would definitely shop here again.",4,Media & Publishing
"The subscription service offers a fantastic range of magazines that I look forward to every month. Customer service was responsive when I had a question about my order. My only issue is that the online reading platform can be a bit glitchy at times. Overall, I’m pleased with the experience.",4,Media & Publishing
"I recently purchased a personalized photo book, and I loved how easy the design process was. The print quality was superb, and it arrived faster than I expected. My only concern is the limited templates available; I would love to see more options in the future. Nonetheless, I’ll be ordering again.",4,Media & Publishing
"I found a unique collection of indie books that are hard to find elsewhere. The delivery was prompt, and the staff was helpful in addressing my inquiries. One small drawback was that the checkout process felt a bit cumbersome. However, it's still a great site for book lovers.",4,Media & Publishing
"The online courses I enrolled in were informative and well-structured. I learned a lot and the community support was fantastic. My only complaint would be that the videos occasionally buffered; if that gets fixed, this would be a five-star experience for sure.",4,Media & Publishing
"I ordered a special edition magazine for a gift, and it was beautifully presented. It arrived on time, which I appreciated. The only hiccup was that I couldn’t track the shipment until it was out for delivery. Still, it didn’t ruin the experience; I’d recommend it to others.",4,Media & Publishing
"The variety of audiobooks available is impressive, and I enjoy the ease of the app. I did encounter a couple of instances where the audio quality wasn’t the best, but the overall selection makes up for it. I’d gladly continue my subscription.",4,Media & Publishing
"I received my latest fantasy novel, and the quality was outstanding. The background information included in the packaging was a nice touch. The only issue I faced was that customer support took a little while to respond to my initial query. Despite that, I would still buy from them again.",4,Media & Publishing
"The e-book store has a fantastic selection, and the prices are competitive. I had a small issue with downloading a book, but customer service was helpful in resolving it. A minor point is that the search function could be improved for easier browsing. Overall, happy to recommend it.",4,Media & Publishing
"My experience ordering a cookbook was excellent; the recipes are easy to follow, and it arrived promptly. The only downside was that the binding felt a bit flimsy. Nevertheless, I’m enjoying trying out the recipes and would purchase from them again.",4,Media & Publishing
"I really enjoy the variety of articles provided by this publishing platform. The writing is often top-notch and insightful. However, I wish they had a more robust search feature; sometimes it’s hard to find older articles that I know I’ve read before.",4,Media & Publishing
"The subscription service offers an impressive range of magazines that I look forward to each month. The only downside is that a couple of issues arrived slightly damaged. It didn't affect my enjoyment, but it would be nice to have a more secure packaging.",4,Media & Publishing
"I love the exclusive content available to members; it really enhances my reading experience. My only complaint is the website can be a bit slow to load at times, which can be a little frustrating when I'm trying to browse quickly.",4,Media & Publishing
"The quality of the e-books is fantastic, and I appreciate the regular updates and new releases. However, the app sometimes crashes, which can interrupt my reading. Despite this, I still think it's worth the investment.",4,Media & Publishing
"Their customer service is outstanding, always answering my queries promptly. The only thing I found a bit lacking was the interface for managing my subscriptions; it could be more user-friendly, but overall, I highly recommend their services.",4,Media & Publishing
"I've enjoyed my experience with their book publishing service. The print quality is superb, and the turnaround time was quicker than expected. My only minor issue was with a missing tracking update for my shipment, but it arrived on time.",4,Media & Publishing
"The diverse selection of articles keeps me coming back for more. The only hitch has been the occasional typos in some pieces, which distracts a bit from the reading experience. Still, it’s a platform I trust and would recommend.",4,Media & Publishing
"The podcasts available are both entertaining and informative, and I appreciate the mix of topics covered. However, I did notice some audio quality issues in a few episodes; I hope they can improve on that, as everything else is fantastic.",4,Media & Publishing
"I've had a great time discovering new authors through their platform. The layout is attractive and easy to navigate, though I did find the search function a bit limited for genre-specific results. Overall, very pleased!",4,Media & Publishing
"The newsletters are consistently well-written and engaging. I wish the frequency was a bit higher, as I find myself wanting more content to consume. Still, it’s a great resource that I highly recommend to others.",4,Media & Publishing
"I was really impressed with the selection of magazines available. The delivery was fast, and my issue arrived in perfect condition. My only complaint is that their website can be a bit slow at times, but overall, I’m very happy with my subscription.",4,Media & Publishing
"The eBooks I purchased were of great quality and exactly what I was looking for. The download process was seamless. However, I did find their customer service response time to be a bit slower than expected, which was a minor inconvenience.",4,Media & Publishing
I highly recommend this publishing company for their quality books and quick shipping. My only issue was that I felt the online platform could be more user-friendly; it took some time to figure out how to navigate through all the options.,4,Media & Publishing
"The newsletters they send out are informative and engaging. My only concern was that sometimes links in the newsletters are broken. Despite that, I find their content to be worth the hassle.",4,Media & Publishing
I recently ordered a hardcover book and was impressed with the quality. It arrived in just a few days. The only downside was the lack of tracking information; I would have liked updates as it was shipped.,4,Media & Publishing
"The variety of audiobooks available is fantastic, and the sound quality is top-notch. I appreciate the easy access, but the app can be a bit glitchy at times which is a slight annoyance.",4,Media & Publishing
"I love the creative publications offered by this company, and the printing is very high standard. My only issue was that my order took a few days longer to arrive than anticipated, but still worth the wait.",4,Media & Publishing
"I was pleasantly surprised by the quality of the photo book I ordered. The colors turned out vibrant. However, the editing software could use a bit more flexibility in terms of design options.",4,Media & Publishing
"Their magazine subscription is definitely value for money, and delivery is prompt. My one suggestion would be to improve the packaging; it wasn’t damaged, but it could have used a bit more protection.",4,Media & Publishing
"The content of their articles is always engaging and current, and I love the layout. One minor gripe is that I sometimes find it hard to locate past articles on their site, but I still enjoy my experience overall.",4,Media & Publishing
"I had a great experience using this publishing service for my debut novel. The layout tools were straightforward, and they guided me through the entire process. One downside was the limited selection of fonts, but the end product looked professional and polished. I would recommend it to others.",4,Media & Publishing
"The e-book I ordered arrived quickly and looked fantastic! I appreciated the clear formatting and easy navigation. However, I found the customer support response times to be slower than expected. Still, I would definitely use their services again.",4,Media & Publishing
"This company helped me publish my magazine, and the quality of the prints was outstanding. I was a little frustrated with how long the proofing process took, but it was worth it for the final product. Overall, I'm very satisfied.",4,Media & Publishing
"I used this service to create a photo book for my family's memories, and it was a straightforward process. The only issue I encountered was the software freezing occasionally while I was working. Despite this, the book turned out beautifully, and I would recommend it to others.",4,Media & Publishing
I love the range of templates offered for my newsletter design! They made it easy to create something visually appealing. The only minor flaw I noticed was that some of the images took longer to load. I'd still highly recommend their services.,4,Media & Publishing
"Very happy with the quality of the children's book I published. The colors were vibrant, and it was delivered on time. The only hitch was that I had trouble accessing my previous projects on their platform. That said, I'm eager to work with them again.",4,Media & Publishing
"I found the self-publishing process to be quite user-friendly and the support team was helpful when I had questions. My only complaint was the shipping took longer than I anticipated. Nonetheless, the final product surpassed my expectations.",4,Media & Publishing
"Creating my first podcast with this platform was smooth, and the resources provided were very useful. However, I experienced some issues with the audio quality on their editing tools. Regardless, I'd recommend this service to aspiring podcasters.",4,Media & Publishing
"The website was easy to navigate while I was designing my cookbook, and I loved the variety of layouts available. My only concern was that the print cost was a bit higher than I expected. Still, I’m thrilled with how it turned out.",4,Media & Publishing
"I really enjoyed my experience with this publishing company. The final product had great print quality and was delivered quickly. My only small issue was the limited customer service hours, which made it tough to get immediate help when needed. Overall, I'd definitely recommend them!",4,Media & Publishing
"I ordered a couple of magazines and they arrived promptly and in pristine condition. The content is engaging and well-researched. However, I wish the digital version was easier to access through their website; it took a bit of searching to find it.",4,Media & Publishing
"The children's books I ordered were beautifully illustrated and my kids loved them! The delivery was swift, which was a plus. My only concern is that the website can be a bit cluttered, making it hard to navigate sometimes.",4,Media & Publishing
"I recently subscribed to a monthly book box, and I've been thrilled with the selection so far. The packaging is lovely, and the books are always in great condition. On the downside, it would be helpful to have more customization options for genres.",4,Media & Publishing
"I purchased a self-help book that has genuinely changed my perspective. The writing style is captivating and relatable. However, I found the checkout process a bit cumbersome and wished there were fewer steps involved.",4,Media & Publishing
"The eBook I bought was fantastic—it synced flawlessly across all my devices, which was a nice touch. I did encounter some minor formatting issues on my tablet that were a little distracting, but the content outweighed that flaw.",4,Media & Publishing
"The latest issue of the magazine was packed with great articles and stunning visuals, just what I hoped for! I do think the subscription renewal process could be clearer; I almost missed the deadline without a reminder.",4,Media & Publishing
"I really enjoy the online courses offered here—they're thorough and well-produced. The customer support was responsive when I had a question. However, I found that the video player sometimes lagged, which interrupted my learning experience.",4,Media & Publishing
"I recently received my custom photo book, and I was really impressed with the quality of the printing. The delivery was timely, but I found the design software a bit limited in terms of templates.",4,Media & Publishing
"The audiobooks I've purchased have been wonderful. The narrators are engaging, and the selection is broad. One small issue: occasionally, the app crashes, which can be frustrating when I'm in the middle of a session.",4,Media & Publishing
"I ordered a few graphic novels and was delighted by the art and storytelling. They arrived quickly and without damage. My only complaint is that the tracking system wasn’t very detailed, so I had to keep guessing when they would arrive.",4,Media & Publishing
"I recently ordered a custom photo book and was thrilled with how it turned out. The colors are vibrant, and the quality is top-notch. My only issue was that the design software can be a bit clunky at times. Overall, I would recommend it!",4,Media & Publishing
"The magazine subscription I purchased has been a joy. The articles are engaging and well-written. However, the delivery was a few days late this month, which was a bit disappointing. Still, I'm happy overall.",4,Media & Publishing
"I used this service for my daughter's birthday invitations, and they were beautiful! The printing quality is great, but I wish the templates were a bit more customizable. That said, I would use them again for future events.",4,Media & Publishing
"Just received my order of children's books, and they are fantastic! The selection is wonderful and arrives quickly. The only downside was that tracking the delivery was a bit confusing. I would recommend them, though.",4,Media & Publishing
"I found the perfect coffee table book through this publisher, and it looks amazing in my living room. The only downside is that the shipping cost was a bit higher than I expected. Still, I would definitely purchase from them again.",4,Media & Publishing
"The e-book I downloaded was fantastic, full of helpful insights. However, I experienced some issues with the app crashing occasionally, which was frustrating. All in all, I would recommend it for its rich content.",4,Media & Publishing
"I ordered a personalized calendar, and it was a hit with my family! The design was lovely, but the website was a bit slow and hard to navigate while I was creating it. Nonetheless, I’m very pleased with the final product.",4,Media & Publishing
"The quality of the printed magazine I received was impressive, and the articles were well-researched. I did have some trouble accessing the digital version due to login issues. Despite that, I'm happy with my subscription.",4,Media & Publishing
"The publishing service I used for self-publishing my novel was efficient, and my book looks great! I did have to wait longer than expected for the initial proof, which was a bit frustrating. Nevertheless, I would recommend their services.",4,Media & Publishing
"I thoroughly enjoyed the audiobook I purchased. The narrator did an excellent job! My only complaint is that the app could improve its user interface. Despite that, I’m really satisfied with my experience.",4,Media & Publishing
"I recently ordered a custom magazine from this service and was thrilled with the final product. The print quality was top-notch, and delivery was quicker than expected. My only issue was that the online design tool could use some improvements; it felt a bit clunky at times. Still, I'd definitely recommend their service for anyone looking to create personalized publications.",4,Media & Publishing
"The book I ordered arrived in perfect condition, and I loved the layout options available. However, I found the editing process to be somewhat confusing, as the instructions weren’t very clear. Despite this minor hiccup, I would use them again for future projects.",4,Media & Publishing
"I recently published a short story through their platform, and overall, it was a great experience. The support team was very responsive, and they really helped me through the publishing process. My only complaint is that the royalty calculations weren't as transparent as I’d like. But I am happy with the outcome and can recommend them.",4,Media & Publishing
"The e-book formatting services offered are excellent, and my book looked fantastic on various devices. Just a small downside was the initial setup that took longer than anticipated; I wish there were more tutorials available. Regardless, I’m satisfied with the results and will use their services again.",4,Media & Publishing
"I ordered a set of prints for a project, and they turned out beautifully, with vibrant colors and sharp details. However, the website was a bit slow while I was uploading my files, which was a little frustrating. Overall, I would recommend them for anyone looking for quality print services.",4,Media & Publishing
"I subscribed to their magazine and was very impressed with the content quality and layout. The delivery was also prompt. One minor issue was that I had trouble accessing past issues on their website; it took a bit of digging. Still, I find the magazine worth the subscription.",4,Media & Publishing
"The personalized photo book I created was stunning, and my friends were amazed at the quality. The only downside was that it took a while to get through the checkout process. Other than that, I have no complaints and would certainly recommend them for any photobook needs.",4,Media & Publishing
"I utilized their online platform to create a family newsletter, and it turned out great! The templates were easy to use, although I found some features a bit hard to locate. Overall, I’m very happy with the service and would suggest it to others.",4,Media & Publishing
"I ordered a collection of prints, and they arrived beautifully packaged and on time. The downside was that the ordering process felt a bit complicated; I had to double-check my selections a few times. Regardless, the quality of the prints made it worthwhile.",4,Media & Publishing
"I recently published a zine with this company, and I was really pleased with the quality of the print and the speed of delivery. However, the customer service response time could be improved; it took longer than expected to hear back on a question I had. Still, I would definitely use them again!",4,Media & Publishing
"I recently purchased a book through this publishing company, and it's beautifully printed. The shipping was prompt and the packaging secure. However, I found the website navigation a bit clunky—it took longer than expected to locate the exact title I wanted.",4,Media & Publishing
"The magazine subscriptions I ordered came on time and were packed well, with high-quality content. I appreciate the frequent updates and customer support, but I do wish they offered more diverse payment options for subscriptions.",4,Media & Publishing
"I ordered a collection of short stories and was pleasantly surprised by the quality of writing. They arrived quickly and were well-packaged. My only suggestion would be to improve the search function on their site, as it can be tricky to find specific authors.",4,Media & Publishing
"The eBook I downloaded was flawless, with a smooth reading experience across my devices. Their selection is impressive, but I did encounter some issues with downloading, as the links were not always responsive on my first try.",4,Media & Publishing
"Loved the variety of genres offered in their latest catalog. The delivery was efficient, and the customer service was helpful when I had a question. I just wish the website had a clearer layout; it took me a while to find the new releases.",4,Media & Publishing
"I received my photobook sooner than expected, and it looks amazing! Excellent quality for the price. However, the software used to create the book felt outdated and could use some user-friendly updates.",4,Media & Publishing
"The audio stories provided by this service are both entertaining and well-produced. I enjoyed my experience overall; however, I did find the app a bit buggy at times, causing pauses in the playback.",4,Media & Publishing
"I appreciate the fast turnaround time for my magazine order, and the content is always engaging. One minor drawback is the subscription management on their site—it’s not entirely intuitive.",4,Media & Publishing
"The layout of my printed material was exactly how I envisioned it, and the colors popped beautifully. I was disappointed that the tracking information for my shipment wasn’t updated consistently, which left me unsure about delivery.",4,Media & Publishing
I am thoroughly impressed with the quality of books from this publisher; they feel durable and are visually appealing. I did find the customer service response time a bit slower than I had hoped when I had a question about my order.,4,Media & Publishing
"I recently ordered a personalized magazine for my friend's birthday, and it turned out beautifully. The quality of the print was fantastic, and the service was super fast. However, I had a bit of trouble with the website when trying to customize the layout, which was frustrating. Still, I’d definitely order again!",4,Media & Publishing
"The eBook I downloaded was engaging and well-edited, making for a great read. I appreciated the swift delivery to my device. That said, the interface for navigating through chapters could use some work, as it felt a bit clunky. Overall, I highly recommend it.",4,Media & Publishing
"I ordered a photo book and was really impressed with the overall quality of the product. It arrived ahead of schedule and was packaged neatly. My only complaint is that the software for designing the book could be more user-friendly, as it lagged at times. Still, I will be back for more!",4,Media & Publishing
"I received a beautiful hardcover novel that was a gift for my mom. The print quality exceeded my expectations, and it was delivered promptly. One minor issue was that the shipping tracking information wasn’t very clear. Nonetheless, I would absolutely recommend this service!",4,Media & Publishing
"I created a custom calendar, and it turned out lovely! The colors were vibrant, and it was printed on high-quality paper. My only issue was with the customer service response time; it took a little longer than expected to get my question answered. Regardless, I’m very happy with the final product.",4,Media & Publishing
"The digital magazine subscription has been a delight, with fresh content each week that I look forward to. The only hiccup was a brief glitch during the app's initial setup, but it was resolved quickly. It's been a great investment for my reading experience.",4,Media & Publishing
"I ordered a collection of classic novels and was thrilled with how they came packaged. Each book was pristine, and delivery was prompt. The only downside was that the website's search function was not very intuitive, which made finding my books a bit tedious. Still, I would recommend them!",4,Media & Publishing
"I recently purchased a set of art prints and they arrived in perfect condition, beautifully wrapped. The colors were more vivid than I expected, really. However, navigating the checkout process felt a bit convoluted—it could use some streamlining. Nevertheless, I’m happy with my purchase!",4,Media & Publishing
"I subscribed to a monthly book club service and I'm really enjoying the selections. Books arrive on time and are always well-picked. My only caveat is that the website offers limited customization options for preferences, which I hope they improve. Overall, I would still recommend this service.",4,Media & Publishing
"I utilized this company's service to create a custom photo album for a family event. The end product was impressive, and it shipped quickly. However, I found the upload process for my images a bit confusing at first. Despite this small issue, I'm pleased and would use them again.",4,Media & Publishing
"I recently ordered a photo book and the print quality was fantastic. The colors were vibrant and the layout options were pretty extensive. However, the software took a little while to get used to, and I found it somewhat counterintuitive at times. Overall, I'm happy with the final product.",4,Media & Publishing
"The magazine I subscribed to always has interesting content, and it arrives promptly each month. I just wish they had a more user-friendly interface for managing my subscription online, as it was a bit confusing to navigate. Still, I'm glad I made the switch!",4,Media & Publishing
"I ordered a set of personalized cards and they turned out beautifully. The delivery was quick and the packaging was secure. My only issue was with the website; it could use some improvement for smoother browsing. That said, I would definitely order again!",4,Media & Publishing
"I was impressed by the book I received from this publisher—the cover is sleek and the pages are well-made. The only downside was the shipping time; it took a week longer than expected. Still, the quality really makes me want to order more in the future.",4,Media & Publishing
"I have to commend the customer service team for their prompt responses—they were very helpful. The only area they could improve on is the tracking information; it was a bit unclear. Nevertheless, I'm very satisfied with the overall experience.",4,Media & Publishing
"The e-book I purchased was easy to read and had great formatting. The only issue was that the download link was a bit tricky to find in my account. Once I got it, though, I was very pleased with the content. I'd recommend it to others!",4,Media & Publishing
"I loved the curated content in the monthly newsletter; it's always insightful and relevant. One minor caveat is that sometimes the links within the newsletter don't work as expected. Despite this, I look forward to it every month and would recommend it!",4,Media & Publishing
"The online course material provided by this publishing company was both informative and engaging. I did encounter some minor glitches with the video streaming, which was frustrating at times. Overall, though, the knowledge I gained made it worth it.",4,Media & Publishing
"The graphic novel I ordered arrived in perfect condition and the illustrations were stunning. One thing that could be better is the description on the website; it didn't fully convey the book's content. Regardless, I'm very happy with my purchase!",4,Media & Publishing
"I recently ordered some prints from a photo service, and the quality was excellent. The colors popped, and I loved the matte finish. My only complaint is that it was hard to find the right size options during checkout. Still, I'm pleased with the results!",4,Media & Publishing
"I recently ordered some eBooks and was impressed with the selection and quick delivery. They arrived in perfect condition. However, the website could use some improvement; it feels a bit cluttered and makes finding titles harder than it should be.",4,Media & Publishing
The magazine subscription I got has great content and is delivered right on time. I enjoy reading it every month. My only issue is that customer service took a while to respond when I inquired about updating my payment details.,4,Media & Publishing
"I purchased a few audiobooks and really appreciate the quality of the narrators. They were easy to download and access. My only complaint is the app occasionally crashes, so I hope they work on that for future updates.",4,Media & Publishing
"The variety of titles available is fantastic, and I found exactly what I was looking for with ease. The only downside was that the shipping took a couple of days longer than I expected, but it was worth the wait!",4,Media & Publishing
"I love the book club I joined; the discussions are engaging and thought-provoking. My only issue is that the platform can be a little slow to load at times, but the content makes up for it.",4,Media & Publishing
"The quality of the printed material is top-notch, and I received my order quickly. However, I noticed that the images in my yearbook could have been slightly sharper; a minor flaw in an otherwise great product.",4,Media & Publishing
"The service provided by the publishing company was efficient, and my book arrived in excellent condition. One small hiccup was that their tracking information was delayed in updating, which caused a bit of confusion.",4,Media & Publishing
"I really enjoy the online courses I signed up for; they are informative and well-structured. The only downside is that I wish there were more interactive elements, as it can feel a bit one-sided.",4,Media & Publishing
"The newsletter I subscribed to is both informative and enjoyable to read. I do wish there were more links to related content, though; sometimes I want to explore further but have to search elsewhere.",4,Media & Publishing
"I found the self-publishing process to be straightforward, and my book came out beautifully. However, the editing software could be more user-friendly; it took me a while to figure everything out.",4,Media & Publishing
"I recently ordered a set of personalized prints, and I was really pleased with the quality. The colors were vibrant, and they were shipped quickly. My only concern is that the website interface is a bit cluttered, which made it hard to navigate at times. Overall, great experience and I'll definitely use them again.",4,Media & Publishing
"The hardcover book I received exceeded my expectations in terms of print quality and binding. It arrived on time and beautifully packaged. My only issue was that the tracking information wasn’t very detailed, which left me a bit worried while waiting for my order. Still, I’ll recommend this service for sure.",4,Media & Publishing
"I bought a custom photo album, and it turned out fantastic! The layout options were lovely, and the delivery was prompt. However, I found the editing tools a little tricky to use; they could be more user-friendly. That said, the final product was worth the hassle.",4,Media & Publishing
"The magazine subscription I signed up for is top-notch! The articles are engaging, and the photography is stunning. My only drawback is that sometimes the delivery is delayed by a week or so, which can be frustrating. Despite that, I still look forward to each new issue.",4,Media & Publishing
"I ordered a calendar for next year, and it's beautifully designed with high-quality photos. It arrived quickly, but I did notice a minor print error on one month. Customer service was responsive and offered a replacement, which was great. I’ll continue to order from them.",4,Media & Publishing
"I was happy with the service when I ordered my book. The print and binding quality were impressive, and it arrived sooner than expected. My only complaint is that the customer support took a little longer to respond than I would have liked. Nevertheless, I’d recommend them to anyone.",4,Media & Publishing
"The e-book I purchased is brilliantly written, and I loved the bonus content included. However, I did experience some glitches when trying to download it on my tablet, which was a bit annoying. Once it was sorted out, though, I enjoyed it immensely.",4,Media & Publishing
"I received my custom magazine issue sooner than expected, and it looked fantastic! The printing quality was exceptional. My only minor issue was that the layout on the website could use some improvements for easier navigation. I’m still happy with the end result.",4,Media & Publishing
"The annual report I ordered was professionally done and visually appealing. It arrived quickly, well-packaged. The only drawback was that some of the graphics were slightly pixelated. Overall, I’m satisfied with the purchase and would use this service again.",4,Media & Publishing
"I ordered personalized bookmarks as gifts, and they turned out beautifully! Shipping was fast, and they were very well-made. My only hiccup was that I had trouble applying a discount code at checkout, which could be streamlined. Regardless, I would definitely recommend them.",4,Media & Publishing
"I ordered a customized magazine for a gift, and the print quality was outstanding. The illustrations popped beautifully! However, communication about the shipping status was a bit lacking, as I had to reach out for updates. Still, I would definitely recommend this service.",4,Media & Publishing
"The eBook selection is vast, and I found exactly what I was looking for. The reading app is user-friendly, but it crashed once during my reading. Thankfully, my progress was saved! Overall, a solid experience and I’ll keep using their platform.",4,Media & Publishing
"I love the variety of articles and insights in this publication! The writing is engaging and informative. I did notice that some of the links to additional resources were broken, which was a bit frustrating. Nonetheless, the content keeps me coming back.",4,Media & Publishing
"The quality of the printed materials exceeded my expectations; the colors are vibrant and everything looks professional. My only gripe is the slightly longer turnaround time than initially promised, which made me a bit nervous. Still, I’ll be ordering again without a doubt.",4,Media & Publishing
"They have a fantastic selection of audiobooks, and the narration quality is top-notch! I encountered a couple of glitches while downloading my first purchase, which took a bit longer to resolve than I’d like. Regardless, I’m very pleased with the overall experience.",4,Media & Publishing
"I enjoyed the online course I took; the content was relevant and very well presented. However, I found the platform itself a little clunky to navigate, especially when trying to find supplementary materials. Still, I'd recommend it to anyone wanting to learn!",4,Media & Publishing
"The magazine subscription has been worth every penny; I always look forward to receiving it in the mail. The only downside is that I wish it came a bit earlier in the month, as I sometimes find myself waiting for it. Still, great content and quality.",4,Media & Publishing
"I recently published a novel through their platform, and the support team was incredibly helpful throughout the process. While the formatting tool took some time to get used to, the final product turned out beautifully. I’d certainly use them again.",4,Media & Publishing
"The digital library offers a fantastic range of titles, and I love how easy it is to access them. My only complaint is that the search function could be more intuitive; sometimes I struggle to find what I’m looking for. Still, I am happy with my subscription.",4,Media & Publishing
"The setup for my self-published book was straightforward, and I loved the physical copy I received. However, the pricing structure was a bit confusing at first, leading to some unexpected costs. In the end, I’m satisfied and would use their services again.",4,Media & Publishing
"I recently ordered a collection of vintage magazines, and they arrived in excellent condition and on time. The only downside was the website's search function, which could be a bit more intuitive. Overall, I'm very happy with my purchase and would recommend it.",4,Media & Publishing
"I was impressed with the variety of ebooks available on the platform; they had just what I was looking for. However, the download process was slightly confusing at first. After sorting that out, I'm really enjoying the reads!",4,Media & Publishing
"This publishing service has a fantastic selection of independent authors. The only issue was that it took a bit longer than expected to receive my physical copies, but the quality of the books makes it worth the wait. Definitely recommend to fellow book lovers.",4,Media & Publishing
"The print quality of my custom photo book was fantastic, and it arrived promptly as promised. My only complaint is that the editing software had a learning curve and was a bit clunky. Still, I’m pleased with the end result and would use them again.",4,Media & Publishing
"I love the subscription service for audiobooks; the selection is diverse, and the app is user-friendly. However, there are occasional glitches that disrupt playback. Despite that, I find the overall experience enjoyable and worthwhile.",4,Media & Publishing
"I received my order of art prints quickly, and they look amazing on my wall! The packaging was a bit flimsy, though, and one corner was slightly bent. Still, I would definitely recommend them for their beautiful artwork.",4,Media & Publishing
"The newsletters I subscribed to are informative and well-crafted, keeping me engaged every week. However, the email frequency sometimes feels overwhelming. I appreciate the content, though, and will continue to read them.",4,Media & Publishing
"I ordered a limited-edition book set and was delighted with the quality and care in packaging. Unfortunately, one book had a minor defect on the cover. I reached out to customer service, and they were responsive. Overall, a good experience!",4,Media & Publishing
"I adore the children's books I purchased; they are beautifully illustrated and engaging. The delivery took longer than I anticipated, which was frustrating. Nevertheless, the kids love them, and I would buy from them again.",4,Media & Publishing
"The online magazine subscription has been a great addition to my reading routine, with fresh content every month. The only drawback is that accessing past issues can be quite tricky. Despite this, I recommend it for the quality of articles.",4,Media & Publishing
"I ordered a custom calendar and it turned out beautifully! The images printed with great clarity, and the delivery was ahead of schedule. My only gripe is that the design software felt a bit outdated and took longer to navigate than I'd like.",4,Media & Publishing
"The magazine subscription has been a joy! I love the in-depth articles and the quality of the print. However, I wish the delivery service was a bit more reliable, as my last issue arrived a week late.",4,Media & Publishing
My experience with the self-publishing service was largely positive. The support team was responsive and helpful throughout the process. Just wish that the formatting tools were a bit more user-friendly—took me a while to get everything just right.,4,Media & Publishing
I recently purchased a photo book and was pleasantly surprised by the print quality. It captures the colors beautifully! My only concern is the website can be a little slow and clunky when uploading images.,4,Media & Publishing
"The digital magazine app works well, and I enjoy how easy it is to access my favorite content. A minor downside is the occasional lag when flipping through pages, but overall, it's an excellent experience.",4,Media & Publishing
"I love the variety of e-books available, and the download process is smooth. However, I did find that some titles were priced higher than I'd expect, which makes me hesitant to purchase more frequently.",4,Media & Publishing
The hardcover book I ordered was stunning and arrived in perfect condition. One small issue was the tracking link provided didn't update properly; I found myself checking daily for updates that didn’t reflect the current location.,4,Media & Publishing
I appreciate the wide range of printing options and the overall quality is impressive. Just wish the customer service had been a bit faster to respond to my inquiry; it took a couple of days to get a reply.,4,Media & Publishing
"The audiobook selection is fantastic, and I really enjoy the narration quality. My only complaint is that the app sometimes crashes, which interrupts my listening experience.",4,Media & Publishing
"I really enjoy the newsletters that come weekly with fresh content. The only downside is that sometimes the articles seem a bit repetitive, but I still look forward to my weekly read.",4,Media & Publishing
"I really enjoy the selection of e-books offered. The download is quick and the reading experience is smooth. However, the app occasionally crashes, which can be frustrating when you're in the middle of a chapter.",4,Media & Publishing
"The magazine subscription I have is fantastic—great articles and beautiful layouts. It does take a while to get each issue delivered, and I wish they could speed up that process, but the content definitely makes it worth the wait.",4,Media & Publishing
"I recently purchased a collection of audiobooks and have loved listening to them during my commute. The only downside is that the app isn’t always user-friendly, and finding specific titles can be a bit of a hassle.",4,Media & Publishing
"The online bookstore has a fantastic range and competitive prices. My order arrived quickly and in excellent condition. I just wish they would provide better tracking information, as I felt a bit in the dark until it arrived.",4,Media & Publishing
"I enrolled in their writing workshop and gained a lot of valuable insights. The instructor was knowledgeable and engaging. However, I did find some of the materials a bit outdated, which hindered the overall experience.",4,Media & Publishing
I love the quality of the printed brochures I received for my business. They look professional and really stand out. It would be great if they had a quicker proofing process; I had to wait longer than expected for the final approval.,4,Media & Publishing
"Great platform for accessing academic journals. The database is extensive and user-friendly. I did experience some slow loading times during peak hours, but overall, it’s an excellent resource for research.",4,Media & Publishing
"The children's book I ordered arrived promptly and was in perfect condition. The illustrations are vibrant and captivating. I would have liked a few more options for gift wrapping, though, as it was a present.",4,Media & Publishing
"I’ve used their self-publishing services for a few projects, and I’m very pleased with the outcomes. The only issue was that customer support took a bit longer to respond than I would have liked during the initial setup.",4,Media & Publishing
"The newsletter is informative and well-written. I appreciate the variety of topics covered and the regular updates. However, I noticed a few typos in the last issue, which detracted from the overall professionalism.",4,Media & Publishing
"I recently ordered a collection of photography books and was thrilled with the quality of the prints. The colors are vibrant, and the binding is sturdy. My only issue is that the shipping took longer than expected, but the end result was worth it.",4,Media & Publishing
"The magazine subscription I signed up for offers great content and is delivered on time each month. However, I wish they had a better way to manage my preferences online; it took a bit of searching to find the right section. Overall, I'm quite satisfied!",4,Media & Publishing
"I purchased a custom-printed calendar and really loved how it turned out. The images were printed beautifully. My only concern was the design tool, which could use a bit more user-friendly features. Still, I'm happy with the final product.",4,Media & Publishing
"The ebook I downloaded was an excellent read, and the formatting was very clean. I did encounter a few minor typos, which was a bit distracting. Despite that, I would definitely recommend it to others.",4,Media & Publishing
"I recently published a short story and used this service for editing. The feedback I received was incredibly helpful, leading to significant improvements. I would have liked faster response times, but the quality of the edits made up for it.",4,Media & Publishing
I enrolled in a writing workshop and found it very insightful. The instructor was knowledgeable and engaging. I just wish there had been more time allocated for group discussions; the sessions felt a bit rushed towards the end.,4,Media & Publishing
"The print quality of the art book I received was outstanding, and it arrived quickly. However, I found the online ordering system a bit cumbersome, which made the initial process frustrating. Still, I'd happily order from them again.",4,Media & Publishing
"My experience with their publishing service was largely positive, and my book looks great. One small drawback was that the initial draft took a little longer to receive than promised, but the final product exceeded my expectations.",4,Media & Publishing
"I enjoyed the content of the newsletter and found it very informative. The only downside was that it occasionally had a delayed delivery, which disrupted my reading schedule. Nonetheless, it’s worth subscribing to!",4,Media & Publishing
"I ordered a set of greeting cards, and they came out beautifully with high-quality images. My only complaint is that I had some difficulty navigating their design software, which could be improved. Overall, very satisfied with the cards themselves!",4,Media & Publishing
"I recently ordered a set of personalized stationery and was thrilled with the quality of the print and paper. The selection available is fantastic, but the website was a bit slow when placing my order, which was frustrating. Overall, I'm happy with my purchase and would recommend it.",4,Media & Publishing
"The magazine subscriptions I have through this service are consistently enjoyable and well-curated. However, I wish the delivery notifications were a bit more timely; sometimes I find out too late that an issue has shipped. Despite this minor hiccup, I still think it's a great service.",4,Media & Publishing
"I used this platform to publish my first book and the process was quite smooth. The customer service was helpful, although I did have to wait a little longer than expected for a response to my query. That said, the final product exceeded my expectations!",4,Media & Publishing
"The collection of audiobooks is impressive and well-categorized, making it easy to find what I want. I just wish the app had a better bookmarking feature, as I find it a bit challenging to save my progress. Still, I enjoy the service overall.",4,Media & Publishing
"I ordered a series of print photos and was really pleased with the overall quality and turnaround time. One drawback was the limited editing options during the ordering process; I had hoped for a few more features. Nevertheless, I'm satisfied with the end results.",4,Media & Publishing
"The e-books I purchased are fantastic, with a great selection of genres. However, I did run into some minor issues when trying to download on my tablet; it took a couple of tries. Once I got it working, though, it was smooth sailing!",4,Media & Publishing
"The layout and design options for my photo book were diverse, and the printing quality was top-notch. My only complaint would be that the user interface could be more intuitive; I had to spend time figuring out some features. Overall, I'm very pleased and will use it again.",4,Media & Publishing
"I love the variety of magazines available and how quickly they arrive. That said, my subscription renewal process required a bit of digging on the website; it would be helpful if that process was clearer. Still, it’s been a great experience.",4,Media & Publishing
"The online bookstore has a fantastic range of titles at competitive prices. My only issue was that the shipping took longer than I anticipated; it was about a week late. However, the quality of the books was worth the wait!",4,Media & Publishing
"I had a great experience using this platform to create custom greeting cards. The designs were lovely, though I found their editing tools a bit clunky and not very user-friendly. Despite this, I was pleased with how the cards turned out.",4,Media & Publishing
"I really enjoyed the variety of articles available on this platform. The writing quality is generally high, but I did find a few typos in some pieces. Overall, I appreciate the insights and will keep coming back.",4,Media & Publishing
"The e-book selection is fantastic and I’ve found several gems that I wouldn’t have discovered otherwise. However, the app can be a bit buggy at times, which is frustrating. Still, it’s a solid service and I would recommend it.",4,Media & Publishing
"I love the layout of the magazine and the depth of the content. It makes for a great read! My only issue is that it sometimes takes a while for new issues to arrive, but the quality makes it worth the wait.",4,Media & Publishing
"The publishing service provided is top-notch, and my book looks great! The only downside is the turnaround time for corrections; it took a bit longer than expected. Nevertheless, I’m pleased with the final product.",4,Media & Publishing
"This website has a wealth of resources for writers, and I've gained a lot from their community. My one concern is the occasional slow loading time on their forums, but the content is definitely worth it.",4,Media & Publishing
"The quality of the physical magazines I ordered was excellent, and they were shipped promptly. However, I wish there were more subscription options available on their site. I will continue to read their content regardless.",4,Media & Publishing
"As an avid reader, I appreciate the diverse range of topics covered in the digital publications. My only minor complaint is that the search function could be improved for easier navigation. Still, I find the reads engaging.",4,Media & Publishing
"I received a well-designed photo book that exceeded my expectations. The only downside was that the software to create it felt a little clunky at times. However, the final product was beautiful, and I would recommend it.",4,Media & Publishing
"Getting my magazine subscription has been a delight; the articles are informative and entertaining. My only issue is occasionally receiving duplicates, but customer service resolved it quickly. Happy to keep subscribing!",4,Media & Publishing
"The blog updates are regular and packed with helpful information. I did notice some posts were a bit repetitive, which was frustrating. However, I still highly recommend this site for anyone looking to expand their knowledge.",4,Media & Publishing
"I recently ordered a custom magazine from this publisher, and the print quality was outstanding. The colors were vibrant, and the layout was professionally done. However, the ordering process took a bit longer than I expected. Overall, I’d definitely recommend this service for anyone looking to create their own publication.",4,Media & Publishing
"The e-book I purchased had a fantastic selection of features and really met my needs. I appreciated the easy navigation and helpful bookmarks. My only issue was that the download link took longer than usual to arrive via email. Still, I would use this service again without hesitation.",4,Media & Publishing
"I enjoyed the variety of magazines available on this platform. The subscription was easy to set up, and I love the curated content. However, I noticed that the app sometimes crashes when flipping through issues, which can be frustrating. Yet, the overall experience is worthwhile.",4,Media & Publishing
"I ordered a hardcover book that was beautifully made and shipped promptly. The customer service was also top-notch when I had a question. My only concern was the packaging; it could have been more secure to prevent any damage. Nonetheless, I would recommend them for high-quality printing.",4,Media & Publishing
"The audiobooks from this publisher are my go-to for commuting. Great selection and easy to download. I did experience an occasional glitch with the playback feature on the app, but it didn’t detract from the overall enjoyment. I would certainly recommend it to others.",4,Media & Publishing
"I stumbled upon this website for self-publishing my book and was impressed by their support throughout the process. The tutorial videos were particularly helpful. One downside was the limited font choices; I wish there were more options to choose from. Despite that, I felt confident publishing here.",4,Media & Publishing
"The variety of online courses offered by this publishing company is fantastic. I've learned a lot! However, I did find the video loading times to be a bit slow at times. Still, the rich content is worth the wait, and I'd recommend it to anyone wanting to develop their skills.",4,Media & Publishing
"I purchased a collection of short stories which arrived in stunning quality, and I was pleasantly surprised by the fast delivery. My only concern is that the site was a bit tricky to navigate, making it hard to find specific genres initially. Overall, it's a great service.",4,Media & Publishing
"I love the custom calendar I created for my family; the images are printed beautifully and the layout was user-friendly. However, I found the editing features somewhat limited. Regardless, I'm pleased with the final product and would suggest it to others.",4,Media & Publishing
"The newsletters from this publisher are always filled with engaging content and delivered on time. I appreciate the variety included each week. My only complaint is that some articles could be a bit longer for deeper insights. Still, I will continue to enjoy my subscription.",4,Media & Publishing
"I've had a great experience with this publishing service. The book I ordered arrived quickly and in solid condition. However, the interface for designing my book felt a bit clunky at times. Still, I would definitely recommend them for quality printing.",4,Media & Publishing
"The magazine subscription has been a delightful addition to my routine. The content is varied and enjoyable, but I wish the delivery was a bit more reliable. A few times, my magazine has arrived late, which is a small inconvenience in an otherwise fantastic experience.",4,Media & Publishing
"I love the variety of eBooks available, and the reading app is easy to use. My only concern is that the synchronization between devices can be slow at times. Overall, I would still recommend it for its great selection and user-friendly design.",4,Media & Publishing
"The cookbook I purchased was well-designed and beautifully illustrated, making it a joy to use. However, a couple of pages had minor printing errors, which was disappointing. Nonetheless, the recipes are excellent, and I will definitely buy again.",4,Media & Publishing
"I recently ordered some printed materials for my business, and they turned out beautifully. The colors were vibrant and the paper quality was impressive. My only issue was the delivery time, which was a bit longer than expected. Regardless, I will keep using their services.",4,Media & Publishing
"This children's book series is both entertaining and educational, which is a huge plus. The only drawback is that some of the books have a strong scent of ink when you open them, which can be overwhelming. However, my kids love them, and I appreciate the engaging stories.",4,Media & Publishing
"The print quality of my photo book is outstanding, and it arrived quickly. I did encounter some difficulty with the creation software, which could be more intuitive. Nevertheless, the end result is worth the hassle, and I'd recommend this service to others.",4,Media & Publishing
"I found the articles in the digital magazine to be insightful and well-written. My only complaint is the ads, which sometimes interrupt the reading experience. Despite that, I still look forward to each new issue and would recommend it to friends.",4,Media & Publishing
"The anthology I ordered was filled with a diverse range of voices and perspectives. The only issue I faced was with the table of contents, which had a few typos. Still, I'm glad I bought it and would recommend it to anyone looking for good literature.",4,Media & Publishing
"The self-publishing service provided excellent support and guidance throughout the process. The only downside was that the pricing structure was a bit confusing at first. Overall, I feel satisfied with the outcome and would recommend them for aspiring authors.",4,Media & Publishing
"I love the variety of magazines offered by this publisher. The delivery was prompt, and the content is consistently engaging. However, I wish they had a better selection of digital options—it's mostly print.",4,Media & Publishing
"The eBooks I purchased are of excellent quality, and the reading experience is smooth. I did find the app occasionally crashes when I try to annotate, which can be frustrating.",4,Media & Publishing
"Great service, and my audio book arrived on time. I appreciate the customer support team who responded quickly. Just wish there was a way to directly preview more chapters before purchasing.",4,Media & Publishing
"The children's book I ordered was beautifully illustrated and my kids loved it. While the order process was easy, the tracking information provided was not very detailed.",4,Media & Publishing
I received my order without delays and the quality is top-notch. I do think their website could use some improvement in user-friendliness; it took me a while to find what I needed.,4,Media & Publishing
"Really enjoyed the subscription service and the curated selections they provide each month. One downside is that sometimes the delivery is a bit late, but the content quality makes up for it.",4,Media & Publishing
The print quality of my custom book was fantastic and exceeded my expectations. My only complaint would be that the editing tools could be a bit more intuitive for beginners.,4,Media & Publishing
"I found the articles in my recent magazine issue to be insightful and well-written. However, the paper quality didn't feel premium, which was a slight disappointment given the price.",4,Media & Publishing
"The online course I enrolled in was comprehensive and the instructors were great. Occasionally, the video streaming was choppy, which disrupted my learning experience.",4,Media & Publishing
"I appreciate the fast shipping and the thoughtful packaging of my art book. Just a minor note, I'd prefer more options for bookmarks and extras; it feels a bit sparse.",4,Media & Publishing
"The magazine subscription has been a great experience overall. The quality of the articles is top-notch and I appreciate the diverse topics covered. However, sometimes the delivery is delayed by a few days. Still, I would definitely recommend it.",4,Media & Publishing
"I ordered a custom photo book and was impressed with the print quality. It arrived quickly and looked fantastic. My only issue was that the design tool could be a bit more intuitive. Regardless, I'm pleased with the final product.",4,Media & Publishing
"The online journal I subscribed to has provided great insights and helpful tips for my projects. However, navigating the website can be a bit tricky at times. Despite that, I've found the content invaluable.",4,Media & Publishing
"The self-publishing service helped get my book out there, and the proofing process was smooth. The only downside was that the customer service response time was a bit longer than I expected. Nonetheless, I'm thrilled with how my book turned out!",4,Media & Publishing
"I've been using their e-book platform for a while, and the selection is impressive. I love the features it offers, but the app occasionally crashes. I still think it's worth the investment for avid readers.",4,Media & Publishing
"The printing quality of my order was exceptional, and I received it in a timely manner. My only issue was that the tracking information was not very detailed. I would still recommend them for their overall service.",4,Media & Publishing
"The newsletter is filled with useful articles and keeps me informed about the latest trends. However, I wish it had a more user-friendly interface. Regardless, the content makes it worthwhile.",4,Media & Publishing
"I recently purchased a graphic novel and was blown away by the art and storyline. The only small issue was the binding didn't seem as sturdy as expected. Still, I would highly recommend their titles to anyone!",4,Media & Publishing
"I have subscribed to their audiobook service for months and really enjoy the selection. The only drawback I've experienced is occasional audio glitches. Nonetheless, the variety keeps me coming back for more.",4,Media & Publishing
"The print magazine I received was beautifully designed and had engaging content. However, I found the subscription process a bit confusing at first. Overall, I would definitely recommend their publications.",4,Media & Publishing
"I recently subscribed to an audiobook service, and the selection is fantastic. I love the wide range of genres available. However, the app can be a bit glitchy at times, which is a bit frustrating. Overall, I would recommend it for anyone who loves to listen on the go.",4,Media & Publishing
"The magazine I ordered was filled with engaging articles and beautiful photography. It arrived on time and was well-packaged. My only gripe is that some of the content felt a bit repetitive from previous issues. Still, I’d definitely suggest this publication to others.",4,Media & Publishing
"I ordered a custom photo book, and the quality was amazing. The colors popped, and the layout was perfect. The only downside was that the design software was a bit clunky and took some time to get used to. Despite that, the final product was well worth it.",4,Media & Publishing
"I’ve enjoyed my subscription to this literary magazine for months now. The writing is top-notch and thought-provoking. However, the delivery time seems a little longer than expected. Still, the content is so good that I don't mind waiting.",4,Media & Publishing
"The children's book I purchased was beautifully illustrated and my kids adore it. The only issue I faced was the shipping took a few days longer than promised. But considering the joy it brings to my children, I can't complain too much.",4,Media & Publishing
"I received my order of graphic novels quickly, and the packaging made sure they were in perfect condition. I appreciate the diverse range of titles. My minor concern is that the website could use some improvements in terms of user experience. Overall, a great place to discover new reads.",4,Media & Publishing
"The online course I enrolled in was informative and well-structured. I learned a lot more than I expected. However, I did encounter a few technical issues accessing some video content. Even with that, I wouldn't hesitate to recommend this platform.",4,Media & Publishing
"I recently ordered a collection of classic novels, and I was thrilled with the quality of the print and binding. They look great on my shelf. My only concern is that the delivery updates were a bit vague. That said, I’m happy with my purchase and would buy again.",4,Media & Publishing
"The publishing service did a fantastic job with my self-published book. The final print quality exceeded my expectations. My only issue was with customer service response times; they took a little longer than I would have liked. Still, I would recommend them for authors.",4,Media & Publishing
"I love the selection available on this ebook platform; it seems they have everything! The reading experience is smooth, but I found the search feature to be less intuitive. Overall, I’m satisfied and would recommend it to anyone who loves to read digitally.",4,Media & Publishing
"I recently ordered a series of books from this publisher and was impressed by the quality of both the content and the print. They shipped quickly and the packaging was solid. My only complaint is that the website can be a bit slow when browsing through titles, which is a slight annoyance.",4,Media & Publishing
"The selection of magazines is fantastic, and I always find something that piques my interest. The delivery is usually on time and well-handled. However, the subscription management on their site could use some improvements; it's not always clear how to modify my preferences.",4,Media & Publishing
"I love the novels from this company; they've become my go-to for new reads. The customer service is responsive and helpful. My only concern is that their app sometimes crashes when I'm trying to download a new issue, which is frustrating.",4,Media & Publishing
"This publisher has some of the best educational resources I've come across. Everything was easy to order and arrived in perfect condition. That said, I found their online platform a little cluttered, making it hard to navigate sometimes.",4,Media & Publishing
"Great overall experience! I found the e-books to be high-quality and affordable. The only downside was that the download links in the email sometimes take longer to arrive than I would like, but once I have the book, I'm always satisfied.",4,Media & Publishing
"I appreciate the variety of genres offered by this publisher. The print quality is impressive, and the delivery was prompt. If I had to nitpick, the checkout process could be smoother; it felt a bit lengthy for my liking.",4,Media & Publishing
"The content is always engaging, and I find new favorites every month. Customer service is prompt with responses to inquiries. My only small issue is that the search function on their site isn't the most user-friendly; it often returns irrelevant results.",4,Media & Publishing
"I ordered several graphic novels and they exceeded my expectations, both visually and in terms of storytelling. Shipping was fast, but I wish they would provide tracking information upfront; I had to reach out to customer service to find out where my order was.",4,Media & Publishing
"I really enjoy the newsletters from this publishing house; they curate some fantastic articles. The only minor drawback is that sometimes the emails end up in my spam folder, which makes me miss out on updates.",4,Media & Publishing
"Fantastic selection and great quality on all the prints I’ve ordered. Delivery was timely. However, I noticed that the customer account section could be better organized; it's a bit challenging to find past orders.",4,Media & Publishing
"Our trip to Thailand was truly unforgettable! The hotels were spotless, and the tours were perfectly organized. The only downside was that the guide was sometimes hard to understand due to his heavy accent. Overall, a fantastic experience that I would highly recommend.",4,Travel & Vacation
"We had a great time at the all-inclusive resort in Mexico. The variety of food was impressive and the pool area was beautiful. However, the wait times for dinner reservations were a bit long. Still, nothing major detracted from our lovely vacation!",4,Travel & Vacation
"I recently traveled to Italy and used a travel agency that arranged everything beautifully. The local guides were informative and friendly. My only complaint was that some of the transportation was a bit late, causing minor delays. But I would definitely book through them again!",4,Travel & Vacation
"Our family vacation in Spain was nearly perfect! The beaches were stunning, and the kids had a blast. One small hiccup was that our check-in at the hotel was delayed by an hour, but once we got in, everything was wonderful. Would recommend!",4,Travel & Vacation
"Just returned from a cruise in the Caribbean and it was a delight! The itinerary was well thought out, and the staff were exceptional. One minor point: some of the onboard activities were a bit repetitive. Still, it was a great getaway that I'd do again!",4,Travel & Vacation
"The guided tour through Japan was mostly amazing. Our tour leader was knowledgeable and engaging. However, the hotel choices in Tokyo could have been better; they were a little outdated. Overall, it was an enriching experience that I'd recommend to others.",4,Travel & Vacation
"Our safari in Kenya was an incredible adventure! The wildlife viewing was breathtaking, and the accommodations were top-notch. There was a small issue with the Wi-Fi speed at our lodge, which made it tricky to stay connected. Nonetheless, the experience was worth it!",4,Travel & Vacation
"Just got back from a ski trip to the Alps. The slopes were perfect and the chalet was cozy. Unfortunately, the ski rental process was a bit disorganized, which caused a delay on the first day. However, the skiing experience itself was fantastic!",4,Travel & Vacation
"Spent a week in the Maldives and it was beautiful! The staff were incredibly attentive and the overwater bungalow was a dream. My only complaint was the lack of quick snack options between meals, but the main dining was exceptional. I would definitely go back!",4,Travel & Vacation
"We had a delightful time during our road trip across the US. The scenery was stunning and the motels were generally comfortable. However, a few of them had inconsistent Wi-Fi service, which was a hassle. Still, we made great memories and would recommend this adventure!",4,Travel & Vacation
"I had a great time on my recent trip to Bali. The resort was beautiful and well-maintained, with friendly staff. The only downside was the limited Wi-Fi in the rooms, which made it hard to keep in touch with family.",4,Travel & Vacation
"Just returned from a cruise in the Caribbean and it was fantastic! The entertainment was top-notch, and the food was generally delicious. However, the excursions sold on-board were pricier than expected, and I wished I had planned those outside.",4,Travel & Vacation
Our family vacation to Disneyland was a hit! The staff was incredibly friendly and helpful. One area for improvement would be the wait times for some rides; using the app to check wait times was a bit confusing.,4,Travel & Vacation
"We had an amazing time in Paris! The hotel was perfectly located and very charming. The only minor issue was the breakfast selection, which could have had more variety. Overall, I would definitely recommend it.",4,Travel & Vacation
"This was my first trip to Thailand, and I loved every minute! The local guides were knowledgeable and engaging. I just felt that transportation between activities could have been better organized.",4,Travel & Vacation
"Our beach resort in Mexico was paradise! The pools were clean and the activities were so much fun. My only complaint would be the bar service, which was a bit slow during peak hours.",4,Travel & Vacation
"Just got back from a ski trip in Aspen and it was wonderful! The slopes were perfect, and the accommodations were cozy. The only downside was the parking situation at the resort; it got quite crowded.",4,Travel & Vacation
"I had a lovely getaway in Costa Rica. The nature tours were unforgettable and well-guided. However, I did find that some of the additional fees for activities were a bit on the high side.",4,Travel & Vacation
"Our cruise to Alaska was an incredible experience! The sights were breathtaking and the crew was attentive. I did wish the internet access was more reliable, especially for checking in with friends.",4,Travel & Vacation
"Just returned from a fantastic road trip through Italy. The scenery was stunning, and the local cuisine was to die for! However, navigating some small towns was challenging without clear directions, so a better map or app would help.",4,Travel & Vacation
"We had a fantastic trip to Hawaii with SunGetaway! The itinerary was well-organized, and our tour guide was incredibly knowledgeable. The only downside was that some of the optional excursions were a bit pricey, but overall it was an unforgettable experience.",4,Travel & Vacation
"Just returned from a week in Italy booked through TravelGenie. The accommodations were lovely and the service was top-notch! My only complaint would be the lack of local dining recommendations, as we ended up at some tourist traps. Definitely recommend for a hassle-free vacation!",4,Travel & Vacation
"My family had a great time at the beach resort arranged by FamilyGetaways. The kids loved the activities, and the staff were super friendly. The only issue was the Wi-Fi; it was spotty at best, which was a bit frustrating. Still, we made plenty of memories!",4,Travel & Vacation
"We just got back from a cruise organized by WaveCruisers, and it was delightful! The ship was clean and well-maintained, and there were plenty of activities onboard. However, the food could have been better; it was hit or miss. Overall, I’d definitely recommend the cruise experience!",4,Travel & Vacation
"Had a wonderful week in Bali with HappyTravels! The resort was beautiful and the service was exceptional. The only thing I would suggest is clearer information about the transportation options upon arrival; we ended up waiting longer than we hoped for our shuttle. Despite this, it was an amazing getaway.",4,Travel & Vacation
"Just returned from a ski trip booked via SnowAdventures. The location was stunning, and the slopes were well-groomed. It did take a while to get our rental gear sorted out, which was a hassle, but the skiing itself was awesome! I’d recommend it to fellow enthusiasts.",4,Travel & Vacation
"We had a great time in Cancun thanks to BeachEscapes! The resort was perfect for relaxing and offered plenty of activities. The only drawback was the wait time at the restaurants; sometimes we had to be patient. Nevertheless, we enjoyed every moment!",4,Travel & Vacation
"My partner and I recently traveled to Japan with TravelJapan Tours. The cultural experiences were enlightening, and the guides were fantastic! One criticism would be that some transportation times were a bit tight, resulting in rushed experiences. Overall, a trip we won’t forget!",4,Travel & Vacation
"Just got back from a fantastic safari in Kenya organized by WildExpeditions. The wildlife sightings were absolutely incredible, and our guide was passionate and knowledgeable. One small issue was that the vehicle was a bit cramped for our group size. However, it didn’t detract too much from the experience!",4,Travel & Vacation
"We enjoyed a lovely family vacation in Greece with SunAndSea Tours. Beautiful sites and excellent accommodations. The only minor issue was that some of the included meals were not to our taste. Still, we had a wonderful time and would recommend them!",4,Travel & Vacation
"The location of the resort was stunning, truly a paradise. The staff were friendly and accommodating. However, I found the Wi-Fi connection to be quite weak in our room, which made it difficult to stay in touch with family back home.",4,Travel & Vacation
We had a fantastic time on our cruise! The excursions were well-organized and entertaining. My only complaint would be that the self-service dining options felt a bit limited compared to the sit-down restaurants.,4,Travel & Vacation
"Booked a trip to Italy through this agency and it was a wonderful experience. Everything went smoothly, from flights to accommodations. Just wish the travel insurance they offered had a wider coverage range.",4,Travel & Vacation
"The guided tour of the city was informative and engaging. Our guide was very knowledgeable. My only minor issue was that some of the stops felt a bit rushed, leaving us wanting to explore a little longer.",4,Travel & Vacation
"The beach was beautiful and the activities were plentiful. We really enjoyed our stay overall. That said, I felt that the shuttle service to local attractions could have been more frequent.",4,Travel & Vacation
"We had a lovely holiday in the mountains. The cabin was cozy and well-maintained. I did think the price for renting equipment was a bit high, but all in all, it didn't really dampen our experience.",4,Travel & Vacation
The travel company helped us plan a seamless vacation. The staff was available whenever we had questions. My only critique would be that the app they provided for itinerary updates crashed a couple of times.,4,Travel & Vacation
"Our family vacation was a great success, filled with activities for the kids. The accommodations were nice, though the lack of a kids' menu at the on-site restaurant was surprising.",4,Travel & Vacation
The safari tour was exhilarating and the wildlife sightings were incredible. I just wish the campfire dinners had a bit more variety in the food options offered.,4,Travel & Vacation
"The hotel exceeded our expectations with cleanliness and service. However, the noise from the nearby street was a bit bothersome during the nights. Still, I would highly recommend this place!",4,Travel & Vacation
"The hotel was fantastic! The staff were friendly and helpful, and the location was perfect for exploring the area. However, the Wi-Fi was a bit spotty in our room, which was frustrating when we needed to check directions.",4,Travel & Vacation
"We had a lovely time on our cruise! The amenities were great, and the entertainment was top-notch. My only complaint would be the limited dining options for those with dietary restrictions, which made meal times a bit challenging.",4,Travel & Vacation
"Our family vacation was a hit! The accommodations were comfortable, and the activities kept the kids entertained. One downside was the transportation service; it took longer than expected to pick us up from the airport.",4,Travel & Vacation
"The guided tour of the city was very informative and enjoyable. The tour guide was knowledgeable and engaging. However, the duration of the tour felt a bit rushed at times, and some stops could have used more time.",4,Travel & Vacation
"The resort exceeded our expectations with its beautiful scenery and friendly staff. The only drawback was the slow check-in process, which made us wait longer than anticipated after a long journey.",4,Travel & Vacation
I had a great experience with the travel agency! They were responsive and provided useful tips for our trip. The only downside was that the travel insurance options were somewhat limited and could use more variety.,4,Travel & Vacation
"The beach destination was absolutely stunning, and the activities were well-organized. My only issue was the noise from the nearby nightlife, which occasionally disrupted our quiet evenings.",4,Travel & Vacation
"Our road trip was unforgettable, with breathtaking views and cozy accommodations. That said, I wish the rental car pickup had been quicker, as we wasted some precious time waiting.",4,Travel & Vacation
"The package we booked was a great value, and the itinerary was well-planned. Unfortunately, some of the attractions had long wait times that could have been avoided with timed tickets.",4,Travel & Vacation
I really enjoyed my stay at the cabin in the woods. It was peaceful and beautifully maintained. The only thing that could be improved was the lack of clear signage for the hiking trails nearby.,4,Travel & Vacation
"I had a great experience with the travel agency. Their team was helpful and responsive, which made planning my trip a breeze. Only downside was that the hotel I booked was a bit outdated in terms of decor, but it was clean and the location was fantastic.",4,Travel & Vacation
"The cruise was a lovely getaway! The ship was beautiful and well-maintained, with plenty of activities to keep everyone entertained. However, I found the excursion prices a bit steep, which discouraged us from participating in some of the off-ship activities.",4,Travel & Vacation
"I really enjoyed my trip to Italy organized by this company. The itinerary was well thought out, and the guides were knowledgeable. My only complaint is that the provided transportation was occasionally late, which caused some stress.",4,Travel & Vacation
"Fantastic holiday overall! The resort was stunning, and the staff went above and beyond. The only hiccup was the Wi-Fi service; it was spotty in our room, which was frustrating when trying to share our experiences online.",4,Travel & Vacation
"We had a wonderful family vacation at the theme park. The rides were thrilling, and the kids had a blast! The only drawback was that the lines for some attractions were longer than expected, especially during peak times.",4,Travel & Vacation
"Our stay at the beach hotel was delightful. The view from our room was breathtaking, and the amenities were excellent. I wish the breakfast options were more varied, as it became repetitive after a few days.",4,Travel & Vacation
"Really pleased with the organized tour through Spain. The sights were spectacular, and the group dynamic was great. My only issue was that the hotel in Barcelona had an inconsistent hot water supply, which was a bit inconvenient.",4,Travel & Vacation
"Had a lovely experience with our travel planner. They provided great recommendations tailored to our interests. The only downside was that some of the local guides spoke too quickly, making it hard to absorb all the information.",4,Travel & Vacation
"My recent ski trip was fantastic! The slopes were well-maintained, and the ski instructors were top-notch. The one downside was that lift ticket prices felt a bit high, especially for families.",4,Travel & Vacation
"This was one of our best vacations yet! The itinerary was packed with amazing activities, and the accommodations were top quality. However, I felt the airport transfers could have been more organized, as we waited longer than expected at arrivals.",4,Travel & Vacation
"The trip arranged by Wanderlust Adventures was fantastic! The accommodations were top-notch and the itinerary was well planned. My only complaint was the difficulty in reaching someone for last-minute changes. Still, I'd definitely recommend them.",4,Travel & Vacation
"We had a wonderful time on our Mediterranean cruise with Ocean Getaways. The staff onboard were friendly and attentive, providing great service. However, the Wi-Fi was spotty at times, which made it hard to stay in touch. Overall, a great experience!",4,Travel & Vacation
"Just returned from a week in the Maldives booked through Sunny Escapes. The beaches were pristine, and the resort was incredibly relaxing. The only downside was that the spa treatments were overpriced. Otherwise, everything was perfect!",4,Travel & Vacation
"We went on a safari with Wild Trails Tours and had an amazing time seeing the wildlife. The guides were knowledgeable and the food was delicious. The only minor issue was the long travel times between locations. Still, I would recommend them in a heartbeat.",4,Travel & Vacation
"Just got back from a city break in Barcelona with Travel Smart. The hotel was in an ideal location with comfortable rooms. The only flaw was the breakfast, which could have offered more variety. Still, I thoroughly enjoyed my stay!",4,Travel & Vacation
"I booked a ski trip through Alpine Getaways, and the slopes were incredible! The group was fun, and everything was well organized. I did find the rental equipment could have been better maintained though. Overall, I had a fantastic time.",4,Travel & Vacation
"My recent trip to Japan organized by Explore More was unforgettable. The cultural experiences were rich and diverse, and the guides were exceptional. The only downside was the lack of vegetarian options in some restaurants. Nonetheless, I’d highly recommend this company!",4,Travel & Vacation
Had a great experience with Beach Bliss Travel for our family vacation in Hawaii. The activities were fun and engaging for all ages. My only complaint would be the limited options for local tours. Would definitely travel with them again!,4,Travel & Vacation
"Just back from a lovely cruise with Dream Voyages. The scenery was breathtaking, and the crew was friendly and helpful. One small issue was the occasional delays in the evening events. Overall, it was a wonderful getaway!",4,Travel & Vacation
"Our trip to Italy with Culture Trips was amazing! The historical sites were breathtaking, and the local guides were friendly and informative. The only thing I would note is the pacing was a bit rushed at times. But, I absolutely recommend this experience!",4,Travel & Vacation
"The beach resort was fantastic and the staff were super friendly. I particularly loved the array of activities available. However, the Wi-Fi was a bit spotty in the rooms, which was inconvenient.",4,Travel & Vacation
"I had a wonderful time on the guided tour! The scenery was breathtaking and our guide was knowledgeable. My only issue was the lunch provided, which felt a bit lackluster for the price we paid.",4,Travel & Vacation
Our stay at the mountain lodge was cozy and just what we needed. The fireplace added a nice touch. The only downside was that there weren’t enough parking spaces for all the guests.,4,Travel & Vacation
"The city trip was well-planned, with lots of interesting places to see. The local guide was very informative. I wish the hotel breakfast had more variety, though; it got repetitive by day three.",4,Travel & Vacation
"Our family camping trip was a hit, and the kids loved the activities available! The only problem was that some of the facilities were a bit outdated, like the bathrooms which could use some renovations.",4,Travel & Vacation
"I thoroughly enjoyed my kayaking experience! The equipment was in good condition and the staff were very helpful. It would have been nice to have clearer instructions on where to launch, though.",4,Travel & Vacation
"The cruise was lovely, with beautiful views and a relaxing atmosphere. The entertainment was great too. One thing to improve would be the variety of food options; I found the meals somewhat repetitive.",4,Travel & Vacation
"The vineyard tour was delightful! We got to taste some excellent wines and learn about the process. However, I felt the transportation to the location could have been arranged better; it was a bit confusing.",4,Travel & Vacation
"Staying at the boutique hotel was charming and unique. The decor was lovely, but the heating system was a bit temperamental and took some time to warm up.",4,Travel & Vacation
"I had a fabulous time at the adventure park! The rides were thrilling and well-maintained. That said, some of the queues were quite long, especially during peak hours.",4,Travel & Vacation
"The hotel we stayed at in Santorini had stunning views and excellent service. The staff were incredibly friendly and helped us with everything we needed. The only downside was the Wi-Fi, which was spotty at times, especially in our room.",4,Travel & Vacation
"I recently took a cruise with this company and had a fantastic time overall! The entertainment was top-notch and the excursions were well organized. However, the dining options were somewhat limited, and some meals could have been better.",4,Travel & Vacation
"Our family trip to Disneyland was a memorable experience. The rides were amazing and the staff was always eager to help. A minor issue was the long wait times for some of the popular attractions, even with the fast passes.",4,Travel & Vacation
Just returned from a week in Bali and I can’t recommend it enough! The resort was beautiful and the excursions were worth every penny. My only complaint would be that the transfer from the airport took longer than expected.,4,Travel & Vacation
"The guided tour of Italy exceeded my expectations. The itinerary was well-planned and our guide was knowledgeable and engaging. One small drawback was the hotel in Florence, which could have been a bit more modern.",4,Travel & Vacation
"I enjoyed my stay at the beach resort, where the amenities were fantastic and the location perfect. The only hiccup was the check-in process, which took longer than we anticipated due to some system issues.",4,Travel & Vacation
"The all-inclusive package at the Caribbean resort was incredible, and the staff were wonderful. I do wish the pool bar had more drink options, as the menu felt a bit limited.",4,Travel & Vacation
We had a lovely vacation in Thailand with this travel agency. They arranged everything perfectly from flights to local tours. My only gripe would be that our hotel wasn't as close to the beach as advertised.,4,Travel & Vacation
"Our road trip through the national parks was well organized by this company. Each stop was breathtaking, and the accommodations were comfortable. However, the vehicle provided could have been cleaner upon pickup.",4,Travel & Vacation
"Just got back from a week in Paris, and I loved every moment! The guided tours were informative and fun. One small downside was that the evening tours ran a bit late, which made it hard to get an early start the next day.",4,Travel & Vacation
"We had a wonderful family vacation at the resort! The facilities were top-notch and the staff were incredibly friendly. However, the Wi-Fi in our room was quite spotty, which made it tough for the kids to stream their shows.",4,Travel & Vacation
"The cruise was fantastic, offering beautiful views and a variety of activities. The only downside was the dining options; while the food was decent, I found the specialty restaurants to be overpriced for what they offered.",4,Travel & Vacation
"Our trip to Barcelona was memorable! The guided tours were well-organized, and our hotel was perfectly located. My only issue was the check-in process took longer than expected, which was a bit frustrating after a long flight.",4,Travel & Vacation
"I really enjoyed my stay at the beach resort. The amenities were great and the atmosphere was relaxing. However, I found the cocktail prices at the beach bar to be on the high side, which deterred us from indulging.",4,Travel & Vacation
The organized hiking trip exceeded my expectations with breathtaking views and excellent guides. My only complaint would be the communication before the trip; I would have appreciated more detailed information on what to bring.,4,Travel & Vacation
"What a lovely weekend getaway! The quaint inn was charming, and the surrounding scenery is a dream. Just one little gripe: the breakfast service was quite slow, which was tough when we wanted to start our day early.",4,Travel & Vacation
"Our safari experience was unforgettable! The wildlife sightings were incredible, and the lodge was comfortable. The only letdown was the transport to and from the lodge; it felt a bit disorganized at times.",4,Travel & Vacation
"I had a great time in New York, and the hotel was perfectly situated for sightseeing. Unfortunately, the room was smaller than I expected, which made it a little cramped for two people.",4,Travel & Vacation
"The adventure park was loads of fun for my kids, with a variety of activities to keep them entertained. However, the lines for the most popular attractions were quite long, which cut into our day.",4,Travel & Vacation
"Our skiing trip to the Alps was a blast! The slopes were well-maintained, and the staff were friendly. My only issue was the lack of variety in the on-mountain dining options, which quickly became repetitive.",4,Travel & Vacation
"Our family vacation was fantastic! The resort was beautiful and the staff were incredibly friendly and helpful. However, the Wi-Fi was a bit spotty in our room, which made it hard to connect with family back home.",4,Travel & Vacation
"I had a wonderful experience booking my trip to the Caribbean. The website was intuitive, and the confirmation process was seamless. My only issue was that some of the optional excursions seemed overpriced compared to what we found once we arrived.",4,Travel & Vacation
Traveling with this agency was a breeze! The itinerary was well-planned and the accommodations were top-notch. My only complaint is that the airport transportation could have been more organized; we had to wait longer than expected.,4,Travel & Vacation
"The hiking tour was absolutely breathtaking. I loved every moment of it, and our guide was knowledgeable and friendly. One small downside was that the food provided during the trek could be more varied; we had the same lunch option both days.",4,Travel & Vacation
"Booking my European vacation was easy, and I received excellent support from customer service when I had questions. The only drawback was that my requested hotel room type wasn't available upon arrival, which was a little disappointing.",4,Travel & Vacation
"We had a great time on our beach holiday! The location was perfect and the amenities were impressive. However, I wish the check-in process had been smoother; it took quite a while to get our room keys.",4,Travel & Vacation
"Absolutely loved the guided city tour! The sights were stunning, and the pace was perfect. The only downside was that the audio system in the group was a bit unclear, making it hard to hear some details.",4,Travel & Vacation
"My experience with this travel agency was mostly positive. They helped me find a great deal for my trip to Thailand. I did find their travel insurance options a bit confusing, as I wasn't sure what coverage I was actually getting.",4,Travel & Vacation
We enjoyed our stay at the mountain lodge—fantastic views and cozy accommodations! The only thing was the breakfast selection could have been improved; it felt a bit limited compared to other places we've stayed.,4,Travel & Vacation
"Had a lovely vacation in Italy thanks to this travel company! Everything from booking to our guided tours was smooth. My only critique would be that the transportation from city to city was sometimes delayed, causing us to rush our activities.",4,Travel & Vacation
"We had a wonderful time on our family trip to the beach resort. The accommodations were comfortable, and the staff was particularly friendly. The only downside was the limited dinner options, as the main restaurant was closed a couple of nights. Still, we would definitely return!",4,Travel & Vacation
"Just returned from a fantastic week in Italy. The sights were breathtaking and our tour guide was knowledgeable and passionate. However, the transportation between cities could have been more efficient, as we spent quite a bit of time on buses. Overall, it was a memorable experience.",4,Travel & Vacation
"Our stay at the mountain lodge was delightful. The scenery was stunning and the hiking trails were well-marked and maintained. One small issue was the Wi-Fi connection — it was a bit spotty in our cabin. But honestly, it was nice to disconnect for a while!",4,Travel & Vacation
"Our cruise through the Caribbean was an incredible experience. The onboard entertainment was excellent and the crew was attentive. However, we found the shore excursion prices to be a bit on the high side. In the end, it didn’t overshadow the fun we had!",4,Travel & Vacation
"Exploring Japan was a dream come true, and our guided tour helped us see so much in a short time. The hotels were clean and well-located. My only complaint would be that some of the tour schedules felt rushed. Nonetheless, I loved the experience and would recommend it!",4,Travel & Vacation
"We went to a lovely vineyard getaway and had a fantastic time enjoying the wine tastings. The staff was welcoming and knowledgeable. The only thing we noticed was a lack of transportation options nearby, which made getting around a bit tricky. Still, we had a great time!",4,Travel & Vacation
"Our road trip through New England was absolutely beautiful. The autumn colors were breathtaking and the accommodations were charming. I do wish the GPS provided more accurate directions, as we ended up lost a couple of times. However, it added to the adventure!",4,Travel & Vacation
"We had a splendid vacation at the lakeside cabin. The views were picturesque, and the setting was so peaceful. I did wish there were more recreational facilities available on site, as we had to drive to find activities. Regardless, it was a lovely getaway!",4,Travel & Vacation
"The guided safari in South Africa was a once-in-a-lifetime experience. The game drives were exciting and the guides were fantastic. The only downside was that our lodge's food options were somewhat limited. Even so, I'd highly recommend this trip!",4,Travel & Vacation
"Just got back from a week-long stay in a tropical resort, and it was beautiful! The beach was stunning and the pools were great. My only concern was that the evening entertainment could have been more varied. Nevertheless, it was a wonderful holiday!",4,Travel & Vacation
"We had a fantastic time at the resort! The amenities were top-notch and our room was spacious and clean. The only downside was the Wi-Fi; it was a bit spotty in the restaurant areas. Still, the staff were incredibly friendly and made our stay memorable.",4,Travel & Vacation
"Breathtaking views and a lovely beach! The excursions we booked were well organized and enjoyable. One minor issue was the slow check-in process, but once we were settled, everything else went smoothly. Would definitely recommend this place to friends!",4,Travel & Vacation
"We spent a week at this charming hotel and loved the personalized service. The location was perfect for exploring the city. The only drawback was that the breakfast options could have been more varied. Overall, a great experience that we plan to repeat.",4,Travel & Vacation
"The guided tour was informative and fun! Our guide was engaging and knowledgeable. The only issue was that the transportation between sites could have been more comfortable. Still, we had a great time and would recommend it to others!",4,Travel & Vacation
"Had a lovely vacation at the cabin by the lake. It was peaceful and the nature trails were beautiful. My only complaint would be the mattress; it could use some upgrading for better sleep. Aside from that, it was a delightful getaway.",4,Travel & Vacation
"The travel agency we used was efficient and helpful with our itinerary. The only hiccup was a minor scheduling error for one of our tours, but they quickly resolved it. I would definitely book through them again!",4,Travel & Vacation
"Overall, a wonderful experience at the theme park! The rides were thrilling and the staff was accommodating. My only criticism is the long wait times for food during peak hours, but the quality made up for it. Would recommend for families!",4,Travel & Vacation
"Our beach holiday was just what we needed. The staff at the resort were friendly and attentive. The only downside was the limited parking availability, which made arriving a bit stressful. Otherwise, it was a great week!",4,Travel & Vacation
"What a delightful cruise! The onboard activities kept us entertained, and the dining options were varied. However, we did experience some delays with the shore excursions, which was a bit frustrating. Still, I would highly recommend this cruise line to others!",4,Travel & Vacation
"I really enjoyed our guided hiking trip! The scenery was stunning and the group was friendly. One minor thing was that the pace could have been a bit quicker for more experienced hikers. Nevertheless, it was a fantastic adventure!",4,Travel & Vacation
"Just returned from a week in Bali, and it was incredible! The resort was beautiful, with stunning views and friendly staff. However, the internet connection was a bit spotty at times, which was frustrating when trying to plan our daily activities.",4,Travel & Vacation
"We had a lovely time on our cruise to the Mediterranean. The itinerary was well-planned, and the crew went above and beyond. My only complaint would be the limited options for vegetarian meals, but the ones available were delicious.",4,Travel & Vacation
"Our family vacation in Orlando was fantastic! The kids loved the theme parks, and the hotel was clean and comfortable. The only downside was the long check-in process, but once we were in, it was smooth sailing.",4,Travel & Vacation
"Just came back from a guided tour of Japan, and it was wonderful! Our guide was knowledgeable and made the experience memorable. The only issue was that some of the bus rides were a bit longer than expected, which could be tiring.",4,Travel & Vacation
"Spent a week in an all-inclusive resort in Cancun, and it was mostly perfect! The beach was beautiful, and the activities were fun. Sadly, some of the bars ran out of certain drinks too quickly, which was a bit disappointing.",4,Travel & Vacation
"Enjoyed a lovely getaway to the Swiss Alps. The scenery was breathtaking and the hiking trails were well maintained. However, I found the shuttle service to be rather infrequent, which made getting around a bit challenging.",4,Travel & Vacation
"Just returned from a family trip to Costa Rica, and it was a memorable experience! The rainforest tour was a highlight, and everyone was super accommodating. On a minor note, the hotel Wi-Fi was slow, which made it difficult to connect with family back home.",4,Travel & Vacation
"Had a delightful stay at a charming bed and breakfast in Ireland. The hosts were extremely warm and helpful. The only drawback was that the breakfast options were somewhat limited, but what we had was tasty!",4,Travel & Vacation
"Our trip to the Great Barrier Reef was stunning! The snorkeling was amazing, and the staff were exceptional. I do wish the boat had a bit more seating space, as it got cramped during peak times.",4,Travel & Vacation
"We recently visited New York City and enjoyed our stay at a centrally located hotel. The staff were friendly and helpful. However, the noise from the street was quite loud at night, which made it hard to sleep.",4,Travel & Vacation
"We had a fantastic time at the beachfront resort! The rooms were beautiful and the staff were incredibly friendly. The only downside was the long wait times at the restaurants during peak hours, but the food was worth it.",4,Travel & Vacation
"Just returned from a week-long trip to the mountains and it was breathtaking! The guided hikes were excellent, although I found the equipment rental a bit overpriced. Still, I’d definitely recommend this place for nature lovers.",4,Travel & Vacation
"What a lovely cruise we had! The itinerary was well thought out and we enjoyed every port of call. My only complaint is that the Wi-Fi was spotty at times, but it was nice to disconnect and enjoy the scenery.",4,Travel & Vacation
"Our family vacation at the amusement park was a blast! The rides and attractions were top-notch, though the parking fees felt a bit excessive. Overall, it was a memorable experience and we plan to return.",4,Travel & Vacation
"We stayed at a charming little bed and breakfast during our city trip and loved the cozy atmosphere. The breakfast was delightful, but it would have been nice to have a bit more variety. Nevertheless, we had a wonderful weekend!",4,Travel & Vacation
"Just got back from an all-inclusive resort in the Caribbean and it was nearly perfect. The activities were plentiful and entertaining, but some aspects of the evening entertainment could have used improvement. Still, I'd recommend it to anyone!",4,Travel & Vacation
"I went on a weekend getaway with friends, and the travel agency did a nice job organizing everything. The accommodations were lovely, though the transportation could have been better timed. Still, we had a blast!",4,Travel & Vacation
"The eco-lodge we stayed at was serene and surrounded by nature, which was exactly what we needed! The only issue was the limited Wi-Fi access, but it gave us a chance to truly unwind. Highly recommend it!",4,Travel & Vacation
"We enjoyed a beautiful road trip organized by the travel company. The itinerary was well-planned, although I wish some of the stops had been longer. Overall, a beautiful experience—worth every penny!",4,Travel & Vacation
"Just returned from a fantastic beach holiday! The sun loungers and umbrellas were plentiful, but the beachside service was a bit slow at times. Despite that, we had a great time soaking up the sun!",4,Travel & Vacation
"We had a fantastic time on our recent trip! The itinerary was well-organized, and the tour guides were knowledgeable and friendly. The only downside was that the transportation between some locations was a bit cramped, but it didn't ruin the experience for us.",4,Travel & Vacation
"The resort itself was beautiful, with stunning views and excellent amenities. The staff was attentive and made us feel welcome. However, the Wi-Fi was spotty in our room, which was a bit frustrating at times.",4,Travel & Vacation
"I really enjoyed the guided city tour we took! The sites were breathtaking, and the history shared was fascinating. My only complaint would be that the lunch provided was a bit bland; I would have preferred a local restaurant experience.",4,Travel & Vacation
"What a lovely vacation! The activities offered were diverse and exciting, and we especially loved the evening shows. The only minor issue was that check-in took longer than expected, but the friendly staff made it worthwhile.",4,Travel & Vacation
"I was impressed with how smooth the booking process was, and the travel package was great value for money. The only drawback was the lack of timely updates regarding flight changes, which caused a bit of stress.",4,Travel & Vacation
Our trip to the national park was spectacular! The wildlife we encountered was unforgettable. The only hiccup was that some of the trails were a bit difficult to navigate; clearer signage would have helped.,4,Travel & Vacation
"The cruise we took was delightful, with plenty of amenities and activities onboard. The entertainment was top-notch. That said, the food could use some improvement; it felt a bit generic for the price paid.",4,Travel & Vacation
"Our family vacation was a hit! The kids loved the water park, and there were plenty of activities for adults too. The only minor issue was the timing of the shuttles; we had to wait longer than anticipated at times.",4,Travel & Vacation
"This travel agency made planning our trip easy and enjoyable. The support was excellent, and we appreciated the personalized touches. However, I did find some of the excursion prices to be a bit inflated.",4,Travel & Vacation
"We had a wonderful stay at the hotel—the room was spacious and well-maintained, and the location was perfect for exploring the area. My only concern was the parking fees, which seemed a bit excessive.",4,Travel & Vacation
"I recently booked a weekend getaway to Barcelona and the overall experience was fantastic! The hotel was beautiful and the location perfect, just a short walk from the main attractions. My only issue was that the breakfast options were somewhat limited for the price.",4,Travel & Vacation
"The guided tour we took around Rome was well organized and the guide was incredibly knowledgeable. I loved the itinerary and the sights we saw, but the bus was a bit cramped for the number of people on the tour.",4,Travel & Vacation
"We had an enjoyable family vacation at a resort in Cancun. The staff were friendly and the kids loved the pool area. However, the Wi-Fi was spotty in our room, which was a bit frustrating when trying to plan our days.",4,Travel & Vacation
"Our camping experience in the national park was memorable, with stunning views and great wildlife sightings. The only downside was the lack of nearby grocery stores; we had to drive quite a distance to stock up on supplies.",4,Travel & Vacation
I booked a cruise to the Caribbean and it was mostly wonderful! The entertainment options were great and the dining was top-notch. My only complaint would be the slow service at the excursion desk; it took a while to get information on activities.,4,Travel & Vacation
"Our road trip through the Pacific Northwest exceeded expectations. The landscapes were breathtaking and the lodging was comfortable. One thing to note is that some of the recommended stops were a bit touristy, which wasn’t what we were hoping for.",4,Travel & Vacation
"I had a great experience with the travel agency when planning my solo trip to Thailand. They were very helpful and attentive. However, the travel insurance offered seemed overpriced compared to other options I found.",4,Travel & Vacation
"The ski trip to Aspen was amazing, the slopes were fantastic and the accommodation was cozy. I do wish there had been more options for après-ski activities, as the ones available were quite limited.",4,Travel & Vacation
"Our family vacation in Florida was delightful! The theme parks were a blast and the weather was perfect. The only downside was the parking fees at the parks, which added up quicker than we expected.",4,Travel & Vacation
I recently visited a beautiful vineyard in Napa Valley. The wine tasting experience was lovely and the staff were very welcoming. My only minor annoyance was that the tour was a bit rushed; I wish we had more time to enjoy the scenery.,4,Travel & Vacation
"I had a lovely stay at the beachfront resort. The location was perfect and the staff were incredibly friendly. The only downside was the Wi-Fi, which tended to be spotty, especially in the evenings when more guests were online.",4,Travel & Vacation
"Our family trip to the theme park was a blast! The rides were thrilling and the staff was attentive. However, I found the ticket prices a bit steep compared to other parks we've been to.",4,Travel & Vacation
I booked a weekend getaway through a travel agency and it was quite enjoyable. The hotel was comfortable and well-kept. The only minor issue was that the shuttle service to the airport was slightly delayed on our return.,4,Travel & Vacation
"The guided tour of the city was fantastic! Our guide was knowledgeable and engaging. I just wish the lunch options were more diverse, as we ended up at the same cafe both days.",4,Travel & Vacation
Enjoyed a great cruise with a beautiful itinerary. The onboard activities were fun and engaging. My only complaint would be the limited dining hours; sometimes we had to rush our meals.,4,Travel & Vacation
"Had a memorable vacation at the mountain lodge. The views were breathtaking and the hiking trails were well-marked. However, the room's heating system was a bit noisy at night.",4,Travel & Vacation
"My stay at the tropical resort was mostly perfect. The amenities were top-notch, and the staff went above and beyond. I did find the spa services a tad overpriced, which was disappointing.",4,Travel & Vacation
The weekend camping trip organized by the company was wonderful. The campsite was clean and well-maintained. The only hiccup was the availability of firewood; we had to wait a while for a delivery.,4,Travel & Vacation
"Our trip to the vineyard was delightful! The wine tasting was informative and enjoyable. I just thought some of the wines were better than others, but that's part of the fun, right?",4,Travel & Vacation
I recently traveled to a new city and booked a local guide through an app. It was enlightening and truly enjoyable! The only thing I would suggest is to check if they offer tours that include more local cuisines.,4,Travel & Vacation
"We had a fantastic experience booking our family vacation to Hawaii! The resort was beautiful, and the staff was incredibly friendly. The only downside was the check-in process took a bit longer than we expected.",4,Travel & Vacation
"I recently went on a European tour and it was mostly great! The itinerary covered all the popular spots. However, I felt that some of the hotel choices could have been better in terms of location and amenities.",4,Travel & Vacation
"Our trip to Japan went off without a hitch. The guides were knowledgeable, making the experience really enjoyable. I just wish the transportation between some cities had been a bit more comfortable.",4,Travel & Vacation
"Booking my solo trip to Thailand was easy and efficient. I loved the accommodations and activities included in the package. My only complaint is that the included meals weren't very exciting, but there were plenty of local options nearby.",4,Travel & Vacation
"Just returned from an adventure in South Africa. The wildlife experiences were unforgettable, and the accommodation was top-notch. The only thing that could improve is the communication regarding itinerary changes; it was a bit confusing at times.",4,Travel & Vacation
"Our cruise to the Caribbean was delightful! The entertainment onboard was fantastic and the staff were attentive. However, I found some of the excursions to be overpriced for what they offered.",4,Travel & Vacation
"I had an enjoyable stay at the mountain lodge during my hiking trip. The views were breathtaking and the staff was helpful. Just a minor quibble: the Wi-Fi was spotty at times, which was frustrating.",4,Travel & Vacation
Our family vacation to Disney World was a blast! The kids had a wonderful time at the parks and the accommodations were perfect. The only downside was the long wait times for some of the popular rides.,4,Travel & Vacation
"Just returned from a beach holiday in Mexico. The weather was perfect, and the resort facilities were great. I did find that the dinner reservations were a bit tricky to navigate, as some places filled up quickly.",4,Travel & Vacation
"I thoroughly enjoyed my recent trip to Italy. The sights were stunning and the local experiences were authentic. One small issue was the language barrier with some of the local vendors, which made ordering food a bit challenging.",4,Travel & Vacation
"Had a wonderful time at this resort! The staff were incredibly friendly and helpful, and the amenities were top-notch. The only downside was the limited variety of food options at the buffet, but everything we tried was delicious.",4,Travel & Vacation
"Our family trip was fantastic, with clean rooms and beautiful scenery. The kids loved the pool area! The only issue was the Wi-Fi, which was quite spotty throughout the hotel. Still, we would definitely recommend it!",4,Travel & Vacation
"This cruise was a delightful experience, and the itinerary was well-planned. The entertainment was enjoyable, but I was disappointed by the lack of vegetarian options at dinner. Overall, it was a great getaway.",4,Travel & Vacation
"We enjoyed our stay at this charming hotel. The location was perfect, and the service was excellent. The only hiccup was the check-in process, which took longer than expected. Apart from that, I would gladly recommend this place.",4,Travel & Vacation
"What a great trip! The guided tour was informative, and the sights were breathtaking. However, the bus could have been more comfortable for such long journeys. Still, I would do it all over again.",4,Travel & Vacation
"Our beach vacation was lovely, with a clean shoreline and friendly locals. The only downside was that the beach chairs were a bit worn out. However, we had a fantastic time overall!",4,Travel & Vacation
"Very pleasant stay at this mountain lodge. The views were stunning, and the hiking trails were amazing. The only flaw was the limited parking space, which made it tricky at times. Otherwise, it was a great experience!",4,Travel & Vacation
"Spent an incredible weekend at this quaint bed and breakfast. The hosts were delightful, and breakfast was homemade and delicious. My only complaint was the noise from the street, which kept me up a bit. Still, I would recommend this place!",4,Travel & Vacation
"What a delightful getaway! The atmosphere was warm, and the amenities made for a relaxing stay. However, the spa services were a bit overpriced for what you received. That said, we'd come back in a heartbeat.",4,Travel & Vacation
"It was an unforgettable adventure! The tours were well organized, and the guides were knowledgeable. Unfortunately, there were some delays in transportation that got a bit frustrating, but I would still recommend this company.",4,Travel & Vacation
"The resort was beautiful and well-maintained, and the staff were incredibly friendly. However, the check-in process took longer than expected, which was a bit frustrating after a long journey.",4,Travel & Vacation
"We had a fantastic time on our family vacation. The activities kept the kids entertained, but the Wi-Fi in the rooms was pretty slow, making it hard to stay connected.",4,Travel & Vacation
"Our trip to the national park was unforgettable. The guided tour was informative and fun, though I wish the lunch options provided were more varied and healthier.",4,Travel & Vacation
"I loved the cruise experience! The ship was clean and the entertainment was top-notch. My only complaint is that the shore excursions felt a bit rushed, leaving little time to explore.",4,Travel & Vacation
"The beach was stunning, and the accommodations were perfect for our needs. The only downside was the limited dining options on-site, which made planning meals a bit tricky.",4,Travel & Vacation
We had a great experience at the theme park with thrilling rides and friendly staff. The only downside was that some rides had longer wait times than I would have liked.,4,Travel & Vacation
"Our hotel stay was delightful, with excellent service and comfortable rooms. However, the location was a bit far from major attractions, which made getting around a bit cumbersome.",4,Travel & Vacation
"The hiking trip was well-organized and the scenery was breathtaking. I do wish the transportation to and from the trailheads was more frequent, as we spent too much time waiting.",4,Travel & Vacation
"I thoroughly enjoyed the guided city tour. The guide was knowledgeable and engaging, but the group size was larger than expected, making it hard to hear all the details.",4,Travel & Vacation
The all-inclusive resort was a great value with fantastic amenities. My only minor issue was that the spa services were a bit overpriced compared to other local options.,4,Travel & Vacation
"I recently booked a week-long vacation through this travel agency and was mostly pleased with my experience. The itinerary was well-planned, and the accommodations exceeded my expectations. However, I did find the airport transfer service a bit disorganized, which caused a slight delay. Overall, I would recommend this agency for a hassle-free holiday.",4,Travel & Vacation
"Our family trip to the beach was delightful! The resort was beautiful, and the staff were incredibly friendly. The only downside was the limited vegetarian options in the restaurant. Still, we had a fantastic time and would definitely return.",4,Travel & Vacation
"Just returned from a cruise organized by this company, and it was an absolute blast! The ship was clean and the entertainment was top-notch. The only small gripe was the internet service onboard, which was quite slow. Nonetheless, I would recommend this cruise line without hesitation.",4,Travel & Vacation
"Booked an all-inclusive trip to a tropical resort, and it was just as promised. Great amenities and activities for the kids. My only issue was the long wait times at the buffet during peak hours. Regardless, we had a wonderful time and would book again.",4,Travel & Vacation
"Just got back from a hiking trip organized by this agency. The guides were knowledgeable and friendly, and the scenery was breathtaking! My only complaint would be the lack of variety in the food provided during the hikes. Still, I highly recommend them if you love outdoor adventures.",4,Travel & Vacation
"Had a lovely getaway to the mountains through this travel service. They handled all the details smoothly, and the cabin was cozy and well-equipped. My only concern was the check-in process, which took a bit longer than expected. Overall, very satisfied with the trip!",4,Travel & Vacation
"I enjoyed a wonderful city tour booked online, with excellent guides and a well-structured itinerary. The only downside was that some locations felt rushed, leaving us wanting more time to explore. However, I would definitely recommend this experience to anyone!",4,Travel & Vacation
"Just returned from a European adventure with this travel agency. The guided tours were informative and well-organized. My only complaint was the hotel room's Wi-Fi connectivity, which was spotty. Still, I would recommend this company for their overall excellent planning.",4,Travel & Vacation
"Our weekend getaway was charming and well-organized. The hotel was lovely and close to attractions. One minor issue was that the shuttle service to the airport was a bit late. Despite that, I would certainly recommend this trip!",4,Travel & Vacation
"The two-week vacation I booked with this service was fantastic! Every detail was taken care of, and the tours were well-paced. However, I did find the optional excursions to be a bit pricey. Nevertheless, I would recommend this service for their overall quality.",4,Travel & Vacation
"Our recent trip to Cancun was wonderful! The hotel was stunning and the staff were incredibly attentive. However, I found the shuttle service to the main attractions was a bit inconsistent, which was a minor annoyance.",4,Travel & Vacation
"I had a great experience booking a tour in Italy. The guide was knowledgeable and friendly, and we saw some amazing sights. The only downside was that the lunch provided was a bit underwhelming for the price.",4,Travel & Vacation
"Overall, this was a fantastic cruise. The entertainment was superb and the accommodations exceeded my expectations. My only complaint would be the internet access, which was too expensive and slow.",4,Travel & Vacation
"We enjoyed our family vacation in Bali immensely. The resort was beautiful, and the activities were plentiful. The only issue we encountered was the Wi-Fi; it was quite spotty in our room.",4,Travel & Vacation
Our ski trip to Aspen was memorable! The slopes were fantastic and the scenery breathtaking. Just a small drawback: the food in the main lodge was overpriced and not as good as expected.,4,Travel & Vacation
The beach resort I stayed at in the Bahamas was paradise! The staff went above and beyond. My only critique would be that the evening entertainment was a bit lackluster and could use some improvement.,4,Travel & Vacation
"I had a lovely getaway in New Orleans! The tours were engaging and the food was exceptional. However, the hotel check-in process was a bit slow, which was frustrating after a long journey.",4,Travel & Vacation
"A wonderful adventure in Japan! The culture was fascinating, and the locals were incredibly hospitable. One minor hiccup was that the train schedules were not entirely clear, leading to some confusion at times.",4,Travel & Vacation
My experience with the travel agency was mostly positive. They found us a great deal on a trip to Greece. The only downside was that their customer service was a bit hard to reach during the booking process.,4,Travel & Vacation
"I had a pleasant stay in a quaint bed and breakfast in Ireland. The charm of the place was delightful and the breakfast was delicious. However, the bathroom was quite small, which took some adjustment.",4,Travel & Vacation
"Just returned from a week in Bali and it was fantastic! The resorts were breath-taking and the staff incredibly friendly. My only complaint would be the Wi-Fi; it was spotty at times, which made staying connected a bit challenging.",4,Travel & Vacation
"Had a lovely family vacation in Florida! The theme parks were amazing and our accommodations were clean and spacious. The only downside was the parking fees; they added up quicker than expected, so plan accordingly!",4,Travel & Vacation
"We enjoyed a beautiful cruise through the Mediterranean. The itinerary was well-planned, offering a great mix of relaxation and exploration. However, the shore excursions were a bit pricey, and some could have been better organized.",4,Travel & Vacation
"Just got back from a trip to Japan, and it was a dream come true! The sights were stunning and the food delicious. One little hitch was that our hotel was a bit farther from the city center than we anticipated, which made commuting a bit inconvenient.",4,Travel & Vacation
"Our trip to the Swiss Alps was absolutely stunning! The scenery was breathtaking, and the hiking trails were well marked. The only downside was that the local transportation was occasionally late, which affected our schedule a bit.",4,Travel & Vacation
"What a wonderful time we had in Greece! The views from our hotel were postcard-perfect and the local cuisine was incredible. Just a small note: the bathroom facilities were a bit dated, but overall it didn’t spoil our experience.",4,Travel & Vacation
"Just back from a safari in South Africa and it was unforgettable! The wildlife was extraordinary and the guides were knowledgeable. However, the meals at our lodge were a little repetitive, which was surprising given the diversity of local cuisine.",4,Travel & Vacation
We had a great time on our ski trip to the Rockies! The slopes were well-kept and the lodge was cozy. One minor annoyance was the long lines at the ski rental shop; it could have been managed better.,4,Travel & Vacation
"Just returned from an amazing trip to Italy! The sights were iconic and the local vineyards were a highlight. One small issue was that some of the guided tours felt rushed, leaving us little time to soak in the atmosphere.",4,Travel & Vacation
What a fantastic getaway to the Caribbean! Beautiful beaches and lively resorts made for a perfect holiday. My only complaint would be the noise from nearby beach bars that went on late into the night; it occasionally disturbed our peace.,4,Travel & Vacation
"My family and I had a fantastic time at the resort. The activities for kids were amazing, and the staff was incredibly friendly. However, the Wi-Fi was spotty in some areas, which made it difficult to stay connected.",4,Travel & Vacation
"We booked a package deal for our vacation, and the value for money was excellent! Check-in was smooth, and the room was spacious and clean. The only downside was that the shuttle service to the beach ran less frequently than we would have liked.",4,Travel & Vacation
"The cruise experience exceeded my expectations! The onboard entertainment was top-notch and the food was delicious. My only complaint is the excursion prices were a bit steep, but overall it was a relaxing getaway.",4,Travel & Vacation
"Our stay at the cabin was delightful; it was serene and beautifully maintained. I do wish the heating system was easier to operate, as we felt a bit chilly at night. Still, I would recommend this place to anyone looking for a cozy retreat.",4,Travel & Vacation
"I had a wonderful time exploring the city with the guided tour we booked. The guide was knowledgeable and engaging. Unfortunately, the meeting point was not well marked, which caused a bit of confusion at the start.",4,Travel & Vacation
"The beach resort was stunning and had everything we needed for a perfect vacation. The only drawback was the long wait times at the restaurants during peak hours. Otherwise, I would definitely return!",4,Travel & Vacation
"Overall, a great experience. The hotel staff went out of their way to make us feel welcome. Just a small issue with our room's air conditioning—it took a while to cool down, but it didn’t ruin our stay.",4,Travel & Vacation
"Booking the villa through the website was simple and straightforward. We had an amazing view and the location was perfect. The only hitch was that the hot tub wasn't working, which was disappointing, but we enjoyed our time nonetheless.",4,Travel & Vacation
"Our recent trip to the national park was memorable, with breathtaking views and plenty of hiking trails. The only minor issue was the limited food options available at the visitor center—I'd recommend packing snacks.",4,Travel & Vacation
"I really enjoyed my weekend getaway. The hotel amenities were great and the room was comfortable. However, the fitness center could use some updated equipment, but it was not a dealbreaker for me.",4,Travel & Vacation
Absolutely thrilled with my latest order of e-books! The selection is vast and the quality of the content is top-notch. I've been captivated by every title I've downloaded. Highly recommend this service!,5,Media & Publishing
The magazine subscription I signed up for has been a delightful experience! Each issue arrives on time and is filled with engaging articles and stunning visuals. I couldn't be happier!,5,Media & Publishing
"I ordered a collection of graphic novels and they exceeded my expectations! The art is incredible, and the stories are so immersive. They arrived in perfect condition and on schedule. A fantastic purchase!",5,Media & Publishing
"I can't say enough good things about this online bookstore! The prices are unbeatable, and the shipping is so fast! I received my classic novels within days and in mint condition!",5,Media & Publishing
"The photo book I created turned out beautifully! The quality of the printing exceeded my expectations, and the colors are so vibrant. I’ll definitely be using this service again for my future projects!",5,Media & Publishing
"I recently purchased a subscription for audiobooks and it has transformed my daily commute! The selection is fantastic, and the narrators are amazing. I'm so glad I made this investment!",5,Media & Publishing
What a pleasant surprise! I ordered a set of poetry books and they arrived impeccably wrapped. The quality is superior and the insights within the pages have added so much to my reading list. I'll be back for more!,5,Media & Publishing
"My purchase of educational journals was a wonderful experience! The content is well-researched and insightful. Plus, they arrived ahead of schedule! Truly impressive service!",5,Media & Publishing
"I recently ordered a personalized calendar featuring my photography, and I couldn't be happier. The quality of the print and the overall design is extraordinary. A perfect gift for loved ones!",5,Media & Publishing
"I signed up for a newsletter from this publishing company, and every edition is a treasure trove of valuable tips and articles. The quality of information is outstanding! I look forward to it every week!",5,Media & Publishing
"I’ve been using this magazine subscription service for over a year now, and I couldn’t be happier! Each issue arrives on time and is packed with engaging content. The quality of the articles is top-notch, making it a joy to read every month. Highly recommend!",5,Media & Publishing
"Just received my first order from this book publisher, and I’m blown away by the quality! The hardcovers are beautifully printed and the selection of titles is incredible. It feels great to support a publisher that truly cares about readers!",5,Media & Publishing
"I ordered a limited edition graphic novel for my collection, and the service was exceptional! It arrived earlier than expected and in pristine condition. The attention to detail in the packaging was impressive. Will definitely buy again!",5,Media & Publishing
"Absolutely love this online bookstore! Their selection of rare and vintage books is unmatched. I’ve found titles I thought I’d never see again. Plus, shipping is super fast. This is my go-to place for all things literary!",5,Media & Publishing
"Fantastic experience with this audiobook service! The selection is vast, and they update it regularly with new releases. The app is user-friendly and the sound quality is impeccable. I’ve recommended it to all my friends!",5,Media & Publishing
"I ordered a personalized photo book for my mom's birthday, and it turned out beautifully! The design options were easy to use and the print quality was stunning. She absolutely loved it and so do I. A great keepsake!",5,Media & Publishing
What a delightful find! This literary journal is a treasure trove of creativity. Each edition is filled with thought-provoking pieces and stunning illustrations. It truly inspires me as a writer. Can't wait for the next issue!,5,Media & Publishing
I purchased a subscription to this poetry magazine and it has exceeded all my expectations. Each edition is beautifully curated with a mix of established and emerging poets. It feels like an intimate journey through words every month!,5,Media & Publishing
"The delivery of my vinyl records was incredibly prompt! The quality of the albums is superb, and they came beautifully packaged. I was so thrilled to gift these to my friend—they made her day! Highly recommend this service!",5,Media & Publishing
"I am so impressed with the art books I ordered. They arrived in such great condition, and the visuals are breathtaking! Each book is a work of art in itself. I’ll definitely be coming back for more!",5,Media & Publishing
I am absolutely thrilled with my recent purchase! The eBooks were easy to download and they are in amazing quality. This has completely transformed my reading experience. I'll definitely be coming back for more!,5,Media & Publishing
"The magazine subscription I ordered was a pleasant surprise! It arrived right on time, and the content is engaging and well-written. I can't recommend it enough! Perfect for anyone looking to dive into a new topic.",5,Media & Publishing
"I ordered a beautiful coffee table book, and it arrived within just a couple of days. The quality of the print is stunning, and I've already received so many compliments from guests. Highly recommend this shop!",5,Media & Publishing
"I’ve been a loyal customer of this publishing house for years, and they never disappoint! The books are always well-edited and beautifully composed. Each delivery is quick, and the packaging is always top-notch!",5,Media & Publishing
"I was amazed by the selection of audiobooks available! I found exactly what I was looking for, and the download process was seamless. The narration was superb, making my drives much more enjoyable. Will be back!",5,Media & Publishing
This platform has reinvigorated my love for reading! I ordered three classic novels and received them in perfect condition just days later. The prices are incredible for the quality. Highly recommend to any book lover!,5,Media & Publishing
"I bought a few art books from this site, and they exceeded my expectations. Beautiful illustrations and thoughtful essays make them a valuable addition to my collection. Fast shipping too — what more could you want?",5,Media & Publishing
The online journal I subscribed to is fantastic. Each issue is packed with insightful articles and the delivery is always timely. I look forward to it every month and can't recommend it highly enough!,5,Media & Publishing
"Every time I order from this publisher, I am impressed! My latest order for a fiction series arrived so quickly, and the quality is impeccable. Their customer service is also super responsive, making it a joy to shop here.",5,Media & Publishing
I was pleasantly surprised by the range of educational materials available! The workbook I purchased is well-structured and has already helped my child significantly. Shipping was fast too. Will definitely return for more!,5,Media & Publishing
I recently ordered a collection of classic novels and I couldn't be more pleased! The quality of the books was outstanding and the delivery was lightning-fast. I've already started recommending this site to all my friends!,5,Media & Publishing
"Absolutely thrilled with my recent photo book! The print quality exceeded my expectations and the layout options were fantastic. I will definitely be using this service again, it's great value for money!",5,Media & Publishing
Just received my custom calendar filled with family photos. It turned out beautifully! The colors are vibrant and the quality of the paper is exceptional. Highly recommend this service for any personalized gifts!,5,Media & Publishing
I ordered a specialized magazine subscription and the whole process was seamless. The communication was top-notch and I received each issue promptly. Such a delightful experience!,5,Media & Publishing
I can't rave enough about the eBook selection available here! I found so many titles I’ve been searching for. The download process was easy and instant—perfect for my reading needs!,5,Media & Publishing
What a wonderful experience! The children's book I ordered was a hit with my kids. The illustrations were stunning and the stories engaging. Will definitely be purchasing more!,5,Media & Publishing
"I decided to order some vintage prints for my home, and they arrived in perfect condition. The attention to detail in packaging was impressive. I will be back for more!",5,Media & Publishing
I am extremely pleased with the audiobook service. The selection is vast and the narration quality is top-notch! I've already started listening to more titles and loving every minute!,5,Media & Publishing
The membership perks for the digital publication are unmatched! I love the exclusive content and the ease of access on my tablet. Highly recommend joining for any media enthusiast!,5,Media & Publishing
"My latest poetry anthology order arrived beautifully bound and printed. The quality is truly high-end, and it makes a perfect addition to my bookshelf. I'm very happy with my purchase!",5,Media & Publishing
"Absolutely thrilled with my latest order! The selection of books is incredible, and the condition was better than I expected. Fast shipping and excellent packaging. I'll definitely be back for more!",5,Media & Publishing
I am so impressed with the quality of the printed photos I received. They turned out beautifully and captured every detail perfectly. This is my go-to place for prints now!,5,Media & Publishing
"Just received my vinyl records and they sound amazing! Shipping was super quick, and they were well-packaged. This is a fantastic service for any music lover!",5,Media & Publishing
"I love the variety of genres offered in the eBook selection. My purchase arrived instantly, and the reading experience has been top-notch. Highly recommend!",5,Media & Publishing
"Fantastic experience from start to finish! The magazine subscription was delivered ahead of schedule, and every issue has been a delight to read. Very satisfying!",5,Media & Publishing
"I ordered some used books, and they arrived in impeccable condition. It’s hard to believe these were previously owned! The prices are unbeatable for such quality.",5,Media & Publishing
"Highly recommend this publishing service! The quality of the printed works is extraordinary, and the attention to detail is evident. They exceeded all my expectations!",5,Media & Publishing
"Just wanted to share how pleased I am with my children's book order. The stories are wonderful, and the illustrations are vibrant and engaging. My kids absolutely love them!",5,Media & Publishing
"What a fantastic website! I ordered several graphic novels, and they were delivered quickly. Each one was in perfect condition and provided hours of enjoyment.",5,Media & Publishing
"The photo books I had made are simply stunning! The layout options were wonderful, and the final product blew me away. I can't recommend this service enough!",5,Media & Publishing
"I recently ordered a collection of classic novels and I can't express how thrilled I am! Each book arrived in pristine condition and the vibrant covers even made my bookshelf look more appealing. Shipping was quick, and the selection is just marvelous. Highly recommend!",5,Media & Publishing
"What a delightful experience! I ordered several art magazines, and they arrived sooner than expected. The quality is top-notch and the prices are unbeatable. I will definitely return for more in the future!",5,Media & Publishing
"Absolutely love the vinyl records I purchased! They were delivered promptly and in perfect condition. The sound quality is impeccable, and my friends can’t stop asking where I got them. Highly recommend for any music lover!",5,Media & Publishing
"I’ve been buying my photography books from this site for years now, and they never disappoint! Fast shipping and fantastic selection. Each book arrives well-packaged and in excellent condition. Couldn’t be happier!",5,Media & Publishing
"Fantastic experience from start to finish! I ordered a limited edition comic book that arrived ahead of schedule, and it was exactly as described. The customer service team was wonderful as well when I had a minor question. Will be back for more!",5,Media & Publishing
"Just received my subscription box filled with magazines and I’m blown away! The variety is incredible, and the quality of the content is excellent. Each issue feels special and curated just for me. Highly recommend subscribing!",5,Media & Publishing
"What a gem of a bookstore! I ordered several used books and they arrived quickly, all in great condition. The prices are unbeatable too. This has quickly become my go-to for books!",5,Media & Publishing
"I am so happy with my recent purchase of audiobooks! The selection is vast, and the app is so easy to use. Downloading my books was a breeze, and the listening experience has been fantastic. Definitely a five-star service!",5,Media & Publishing
"Just got a beautiful coffee table book from this publisher, and I can’t stop flipping through it! The quality of the printing is exceptional. It’s a perfect addition to my living room. Highly recommend checking out their offerings!",5,Media & Publishing
"Ordered a special edition vinyl for my partner, and it was a huge hit! The shipping was super fast and the item arrived in perfect condition. I’ll definitely be exploring more of their collection soon!",5,Media & Publishing
"Absolutely thrilled with my recent purchase! The quality of the eBook I downloaded is top-notch, and the selection was vast. I’ve recommended this site to all my book-loving friends!",5,Media & Publishing
I can’t say enough good things about this magazine subscription! Every issue is packed with engaging content and stunning visuals. It makes my afternoons so much more enjoyable!,5,Media & Publishing
"Just received my personalized photo book, and I am overjoyed! The printing quality is impeccable, and the layout options allowed me to create something truly special. Will definitely order again!",5,Media & Publishing
"I’ve been searching for a reliable source for my graphic novels, and this site has exceeded all my expectations. Fast shipping, great condition books, and fantastic customer service!",5,Media & Publishing
I'm so pleased with my recent order! The children's book I purchased arrived in pristine condition and the illustrations are just beautiful. My kids can’t get enough of it!,5,Media & Publishing
"What a fantastic experience! I ordered a collection of classic novels, and they came in just a couple of days. The quality was exceptional, and it's clear these books are well taken care of.",5,Media & Publishing
"My audiobook subscription has brought so much joy into my daily routine. The selection is fantastic, and I appreciate the seamless download experience. Highly recommend!",5,Media & Publishing
"I ordered a custom calendar filled with family photos, and it turned out more beautiful than I imagined! The print quality is stellar, and my family loves it. A perfect gift!",5,Media & Publishing
I received my art book order swiftly and in perfect condition. The content is rich and beautifully curated. I'll definitely be returning for more!,5,Media & Publishing
So happy with my recent magazine order! Every page is filled with interesting articles and gorgeous photography. It makes for great reading during my morning coffee!,5,Media & Publishing
"Absolutely thrilled with my recent purchase from this publisher! The quality of the print was outstanding, and the delivery was faster than expected. I really appreciate how well the book was packaged to prevent any damage. Highly recommend!",5,Media & Publishing
I ordered a beautiful coffee table book and it arrived two days earlier than expected! The colors are so vibrant and the pages are high-quality. Can't wait to show it off to my friends—will definitely be buying more!,5,Media & Publishing
"This website is a treasure trove for book lovers! The selection is incredible, and every book I've received has been in fantastic condition. Shipping was prompt, and the customer service was incredibly helpful. Will be returning again soon!",5,Media & Publishing
"Every experience I’ve had with this publishing house has been exceptional. The books are unique, well-crafted, and the pricing is very fair. I especially love their focus on sustainable practices. Can't recommend them enough!",5,Media & Publishing
"I was amazed at how easy the whole process was! I ordered three specialized magazines, and they all arrived in perfect condition. I was especially impressed with the quality of the printing. This is my go-to site from now on!",5,Media & Publishing
"From start to finish, my experience has been nothing short of perfect. The ordering process was simple, and my book arrived well-packaged and on time. It also came with a lovely bookmark—such a thoughtful touch!",5,Media & Publishing
"I can’t say enough good things about this company! My subscription to their magazine has been a joy every month. The articles are engaging, and I love the design of each issue. Plus, they always ship on schedule!",5,Media & Publishing
"What a delightful experience! I ordered a vintage vinyl and it came beautifully wrapped, plus it sounds amazing! The care they take is evident. I’ll definitely be shopping here for future gifts!",5,Media & Publishing
I recently discovered this publisher and am so glad I did! Their selection is vast and diverse. Each book I've received has exceeded my high expectations for quality. Truly a gem in the media world!,5,Media & Publishing
"Simply the best! I’ve bought several books and magazines from them, and each delivery has been prompt and the products in perfect condition. It’s clear they value their customers. Highly recommend without hesitation!",5,Media & Publishing
"I recently ordered a collection of classic novels, and I was genuinely impressed! The packaging was secure, and the books arrived in pristine condition. It's clear that this company cares about their customers and their products. I will definitely be returning for more!",5,Media & Publishing
"Absolutely thrilled with my experience! The magazine subscription I purchased arrived on time and was packed full of fascinating content. The quality of the printing is top-notch, and I can hardly wait for the next issue. Highly recommend!",5,Media & Publishing
"Just received my order of vintage vinyl records, and I couldn’t be happier! The selection was incredible, and shipping was lightning fast! Each album was in perfect condition. This will be my go-to shop for all things vinyl!",5,Media & Publishing
"I stumbled upon this site while searching for rare books, and I’m so glad I did! The prices are unbeatable, and the quality of the books I received was way beyond my expectations. The customer service was friendly and helpful too. Will definitely recommend!",5,Media & Publishing
"I ordered some art prints for my gallery wall and they are stunning! The colors are vibrant, and the detail is immaculate. They were shipped quickly and arrived without any issues. I can’t wait to showcase them!",5,Media & Publishing
"Phenomenal service! I ordered graphic novels for my kids, and they arrived just in time for the weekend. They were in mint condition and provided hours of entertainment. The variety was vast, too. I will be back for more!",5,Media & Publishing
"I’ve been using this publishing platform for my self-published book, and the experience has been exceptional. From the easy upload process to the quality of the printed books, everything was flawless. Highly advisable for any budding author!",5,Media & Publishing
"I was blown away by the selection of audiobooks! I purchased a few titles, and the download process was incredibly smooth. The sound quality is amazing, and I’m already diving into my next listen. Will be recommending to friends!",5,Media & Publishing
"Fantastic experience from start to finish! I ordered a calendar filled with amazing photography and it arrived promptly. The quality exceeded what I expected, and it brightened up my workspace immediately. So pleased with my purchase!",5,Media & Publishing
"I can’t express how delighted I am with my latest magazine order! Each issue has been packed with insightful articles and beautiful photography. The delivery was prompt, and the quality is always superb. A must for any enthusiast!",5,Media & Publishing
"I recently ordered a collection of classic novels from this publisher, and I couldn't be happier! The quality of the books is outstanding, and they arrived ahead of schedule. Each one is a gem, and I've already started recommending them to friends!",5,Media & Publishing
"What a fantastic experience! I printed my wedding photos through their service, and the prints turned out breathtaking! The colors are vibrant and true to life, and the delivery was swift. Highly recommend for anyone looking to preserve their memories!",5,Media & Publishing
"I subscribed to their magazine, and it has been nothing short of delightful! Each issue is packed with engaging content and stunning visuals. I look forward to it arriving every month – it truly brightens my day!",5,Media & Publishing
"I've had the best experience with their bookshop. The selection is incredible, and I love that they have many eco-friendly options. My orders have always shipped quickly, and the condition of the books has been immaculate. Can't wait to order again!",5,Media & Publishing
"Received the vinyl record I ordered in perfect condition, and it sounds amazing! The packaging was excellent, and it arrived faster than I expected. This company truly values their customers, and I'd recommend them to anyone searching for quality music!",5,Media & Publishing
"I purchased a personalized photo book, and it turned out absolutely stunning! The design process was user-friendly, and the finished product exceeded all my expectations. It’s the perfect keepsake for my family, and it’s great to have such special memories showcased beautifully!",5,Media & Publishing
"I discovered this publishing house recently and ordered a cookbook that I've been eyeing for ages. It arrived perfectly packaged and right on schedule. The recipes are fantastic – I’ve already tried three, and they’re delicious! Highly recommend for food lovers!",5,Media & Publishing
"The eBooks from this site are fantastic! I love how easy it is to download and read on my tablet. The selection is vast, and every title I’ve purchased has been a gem. Plus, the prices are unbeatable!",5,Media & Publishing
"I ordered a graphic novel as a gift, and it was a hit! The artwork was stunning, and the story was captivating. Delivery was prompt, and the packaging was thoughtful. I'm so pleased with this purchase, and I’ll definitely be coming back for more!",5,Media & Publishing
"I had such a positive experience ordering a magazine subscription. I received my first issue within a week, and it was full of great articles and stunning photography. The content is just what I was looking for, and I can’t wait for the next one!",5,Media & Publishing
"I am absolutely thrilled with my recent order of graphic novels! The quality is outstanding, and they arrived well ahead of schedule. I can't recommend this service enough—every title was in pristine condition, just like new!",5,Media & Publishing
"I can’t say enough good things about this publisher! Their range of children's books is just phenomenal. My kids love every title, and the delivery was swift and hassle-free. A delightful experience from start to finish.",5,Media & Publishing
"What a fabulous experience! I ordered a historical fiction novel, and it arrived at my doorstep in just two days. The book itself is beautifully printed and captivating. I will definitely be purchasing more from this publisher!",5,Media & Publishing
I placed a big order for a variety of magazines and was amazed at the selection and the speed of delivery. Each magazine was in perfect shape and full of quality content. This is now my go-to for all things media!,5,Media & Publishing
"I absolutely adore my new art books! Each piece is a gem, and they were packaged so carefully. It’s clear this company values their products and customers. Highly recommend for art lovers!",5,Media & Publishing
"I bought a few DIY guides and was blown away by the depth of information they provided. Shipping was prompt, and the books were in immaculate condition. If you're looking for reliable resources, look no further!",5,Media & Publishing
"The selection of classic literature is fantastic! I received my order much quicker than expected, and the quality of the books is exceptional. I will definitely be coming back for more!",5,Media & Publishing
"I ordered a personalized cookbook and it turned out beautifully! The quality of the print and the binding surpassed my expectations. This will make a perfect gift for my friend, and I will be ordering one for myself soon!",5,Media & Publishing
"Fantastic service all around! My subscription to their monthly magazine has been delightful, with each issue filled with insightful articles. It’s a joy to receive something so well-crafted and thoughtful.",5,Media & Publishing
"I was looking for a specific novel and found it here at an unbeatable price. The book arrived in just a couple of days, and the condition was flawless. I couldn't be happier with my purchase!",5,Media & Publishing
"I can't express how thrilled I am with the vintage vinyl I ordered! The selection is incredible, and it arrived in pristine condition even sooner than I expected. This shop is now my go-to for all things music!",5,Media & Publishing
I'm absolutely delighted with my recent purchase of classic novels! They had a fantastic array of titles and the quality was top-notch. Every book arrived beautifully packaged and on time. Highly recommend!,5,Media & Publishing
"Just received my photo books and they're stunning! The print quality exceeded my expectations, and the turnaround time was remarkably quick. I'll definitely be using this service for all my future photo printing needs!",5,Media & Publishing
"I recently subscribed to a magazine and I couldn't be happier! The articles are engaging, beautifully illustrated, and it arrives right on schedule every month. This publication is a gem!",5,Media & Publishing
"Ordered a coffee table book for a gift, and wow, it was a huge hit! The quality of the book was impeccable, and delivery was much faster than anticipated. I'll be back for more!",5,Media & Publishing
"I stumbled upon this site for used books, and I am so glad I did! The books I received were in amazing condition, and shipping was super quick. Can’t wait to order more!",5,Media & Publishing
"I could not be happier with the personalized calendar I made! The design tools were user-friendly, and the final product arrived looking beautiful. It makes a fantastic gift!",5,Media & Publishing
"Absolutely love the art prints I ordered! The colors are vibrant, and they came packaged with such care. They’re now the centerpiece of my living room. Highly recommend to anyone looking to spruce up their space!",5,Media & Publishing
"I’ve ordered several vinyl records, and each one has arrived in perfect shape! The variety is impressive, and the customer service is always helpful and friendly. Will continue to purchase here!",5,Media & Publishing
"The magazine I ordered is a delight! It covers an impressive range of topics, and the layout is so visually appealing. I look forward to each issue and it always arrives on time.",5,Media & Publishing
"I am absolutely thrilled with my latest order from Book Haven! The selection of titles is enormous, and my books arrived in pristine condition, just as described. The shipping was incredibly fast too! I can’t wait to order more.",5,Media & Publishing
"Just received my custom photo book from SnapLife, and I couldn't be happier! The quality of the prints is outstanding, and the layout options made it so easy to create something beautiful. It exceeded all my expectations!",5,Media & Publishing
"I ordered a limited edition vinyl from Vinyl Paradise and it arrived on time and in perfect condition. The sound quality is phenomenal, and the packaging is so stylish. This was a gift for a music lover, and they were over the moon!",5,Media & Publishing
"Wow, I am impressed! I ordered a few graphic novels from Comic World and they were delivered in record time. The condition was as advertised, and I was pleasantly surprised by how affordable they were. Highly recommend!",5,Media & Publishing
"I’ve used BookSwap several times, and every experience has been fantastic! The books are always in great shape, and their customer service team is incredibly friendly. I love getting lost in their vast selection!",5,Media & Publishing
"Just received my personalized calendar from CreativeCards and I am overjoyed! The photos are sharp, and the layout is intuitive. It’s a perfect gift, and I’m so glad I found them!",5,Media & Publishing
"I ordered a writing journal from Pen & Paper, and it exceeded all my expectations! The quality of the paper is exceptional, and the design is beautiful. It’s a joy to write in!",5,Media & Publishing
"I can't recommend The Book Nook enough! The prices are unbeatable, and the shipping was lightning fast. Each book I’ve received has been in perfect condition. I’ve already placed my next order!",5,Media & Publishing
"My experience with ArtWorks Publishing was nothing short of amazing! The print quality of their art books is stunning, and the delivery was prompt. These books are perfect for my coffee table!",5,Media & Publishing
"I just had the best experience with MyPhotoStory! The photo book I created turned out beautifully, and I was impressed with the vibrant colors. It was a wonderful surprise gift that my family loved!",5,Media & Publishing
"Absolutely thrilled with my recent subscription to this magazine! The articles are engaging and beautifully written. Each issue arrives right on time, and the quality of the print is just superb. I would recommend this to anyone who loves in-depth journalism!",5,Media & Publishing
"I couldn't be happier with the books I've purchased from this publisher! The selection is vast, and every title I've ordered has been in pristine condition. They ship so quickly, I often receive my books before I expect them. Highly recommend!",5,Media & Publishing
"The online reading experience with this platform has been fantastic! The interface is user-friendly, and I love the vast selection of e-books available. Downloading is a breeze, and I appreciate the frequent updates. Truly a delightful service!",5,Media & Publishing
"I ordered a couple of coffee table books for my home, and they are absolutely stunning! The quality is top-notch, and the delivery was faster than anticipated. I've received so many compliments from guests! Will definitely be coming back for more.",5,Media & Publishing
"Just received my custom photo book, and I am beyond impressed! The printing quality is outstanding, and the layout options were easy to customize. It was a gift for my parents, and they absolutely loved it. Will recommend to everyone!",5,Media & Publishing
"This publishing house really knows how to put together a compelling read! The storytelling is top-tier, and I've been enjoying every page of my new novel. The service was quick, and the book arrived in perfect condition. A must-try!",5,Media & Publishing
"I’ve been using this service for my articles and essays, and I can’t praise it enough! The editing team is fantastic, always catching things I miss. My work has improved so much thanks to their guidance. Highly recommended for anyone serious about publishing!",5,Media & Publishing
I ordered a set of classic novels and was blown away by the quality! They arrived beautifully packaged and in perfect condition. It's so wonderful to have physical books that look so good on my shelf. I can’t wait to dive into them all!,5,Media & Publishing
This online magazine is my go-to for all things fashion. The articles are always stylish and informative. I appreciate the consistent delivery and the high-quality images. It's a treat to read each issue!,5,Media & Publishing
"I just got my first vinyl record from this store, and the experience was fantastic! Easy checkout, super fast shipping, and the record sounds amazing. I've already put in another order. This company is a gem for music lovers!",5,Media & Publishing
"I recently subscribed to a magazine through their website, and I have to say I am absolutely thrilled with the service! My first issue arrived ahead of schedule, and the content is both engaging and beautifully presented. I can’t wait to read each edition!",5,Media & Publishing
"Just received my latest order of audiobooks, and I’m beyond impressed! The selection is vast, and the quality of sound is superb. This has completely elevated my daily commute - I can't recommend it highly enough!",5,Media & Publishing
"I ordered a hardcover photo book as a gift, and it came out even better than I expected. The print quality is remarkable, and the process was so easy! My friend was over the moon and I couldn’t be happier with the experience.",5,Media & Publishing
"The online articles I’ve been reading from this publishing house are top-notch! They cover a wide array of topics, and the writing style is so engaging. I find myself learning something new every time – a complete win!",5,Media & Publishing
"I decided to try their self-publishing service, and I must say, it was an incredible journey. The support staff was incredibly helpful, and the end product exceeded all my expectations. I would absolutely encourage anyone with a story to share to give them a try!",5,Media & Publishing
"I stumbled upon this online bookstore and I'm so glad I did! The prices are unbeatable, and the delivery was faster than I could have imagined. Each book arrived in perfect condition. I will definitely be back for more!",5,Media & Publishing
"What a fantastic experience! I ordered a custom magazine subscription for my dad, and not only did it arrive on time, but he loves every issue. The range of topics keeps him engaged, and it makes for the perfect gift!",5,Media & Publishing
"I cannot rave enough about my experience with this publishing company! Their newsletters are informative, well-written, and beautifully designed. I eagerly await every edition and have learned so much already!",5,Media & Publishing
"I recently bought a set of illustrated children’s books for my niece, and they are stunning! The colors are vibrant, and the stories are delightful. Watching her excitement while reading has been priceless. Highly recommend!",5,Media & Publishing
"Just finished reading my first digital magazine issue, and it has completely captured my imagination! The interface is user-friendly, and the content is rich and diverse. I will definitely maintain my subscription!",5,Media & Publishing
Absolutely thrilled with my latest order! The collection of eBooks I received was diverse and engaging. Can't believe how quickly they were delivered straight to my device. Highly recommend this service to anyone who loves reading!,5,Media & Publishing
I ordered a special edition magazine as a gift and it arrived beautifully packaged and right on time! The quality of the print is just stunning. The recipient was over the moon. Will definitely be using this service again!,5,Media & Publishing
"I’ve been using this publishing platform for my self-published books and I couldn’t be happier! The process was simple, and my book turned out better than I ever imagined. Customer support was incredibly helpful throughout. Five stars all the way!",5,Media & Publishing
"Just received my subscription to the literary magazine, and it's been a delight! Each issue is packed with quality content and stunning visuals. An absolute must for any book lover. Can't wait for the next one!",5,Media & Publishing
The poster I ordered for my home office is fantastic! The print quality is top-notch and it arrived right on schedule. It adds a perfect touch of inspiration to my workspace. Will definitely recommend to friends!,5,Media & Publishing
"I’m amazed by the selection of audiobooks available! Each title I’ve listened to has been fantastic. The app is user-friendly, and I appreciate the speedy downloads. This service has truly transformed my commute!",5,Media & Publishing
"Ordered a beautiful coffee table book for a gift, and it exceeded my expectations! The visuals are breathtaking, and the quality is impeccable. The recipient was thrilled! I will absolutely be ordering more.",5,Media & Publishing
"I’ve subscribed to this online magazine for a while now, and every issue is a joy to read! The articles are insightful and well-written. Plus, the delivery is always prompt. Highly recommend!",5,Media & Publishing
"Just got my bulk order of children's books for my classroom, and I’m beyond pleased! Each book is in perfect condition, and the kids adore them. This is a fantastic resource for any educator!",5,Media & Publishing
"I rarely write reviews, but I had to share my experience with this publishing service! The custom printing options were exactly what I needed, and my project came out beautifully. The customer service team was friendly and responsive. Highly recommend!",5,Media & Publishing
Absolutely thrilled with my latest order! I got a collection of classic novels that were in pristine condition for such a great price. Shipping was super fast too. I'm definitely coming back for more!,5,Media & Publishing
"What a fantastic service! The photography books I ordered were stunning, and the quality of the print was exceptional. I received them quickly, and they add so much character to my coffee table. Highly recommend!",5,Media & Publishing
"I had been searching for rare vinyl records for ages, and finally found just what I was looking for! The condition was exactly as described, and the delivery was prompt. A delightful shopping experience!",5,Media & Publishing
"I can’t say enough good things about this magazine subscription! Each issue is packed with amazing content that keeps me engaged. Plus, my subscription was delivered right on time every month. Well worth it!",5,Media & Publishing
Loved my experience with this publishing house! Their customer service was responsive and helpful when I had questions about my order. The books arrived ahead of schedule and were beautifully packaged.,5,Media & Publishing
"This platform made it easy to discover new authors I absolutely love! Their selection is impressive, and every book I’ve ordered has come in perfect condition. Can't wait to browse again!",5,Media & Publishing
"I recently purchased a bundle of graphic novels, and I’m beyond pleased! The prices were unbeatable, the quality was outstanding, and they arrived two days earlier than expected. I highly recommend this service!",5,Media & Publishing
"Every book I've ordered has met or exceeded my expectations. The description of conditions is spot-on, and I’ve been pleasantly surprised by the speed of delivery each time. A must-try for any book lover!",5,Media & Publishing
"Just had my first photo book printed, and I’m in love with it! The colors are vibrant and the layout is perfect. I appreciated the easy-to-use design tool, and it arrived quicker than I anticipated.",5,Media & Publishing
"Fantastic experience searching for academic journals! The access to resources was seamless, and I received everything on time for my project. Highly recommend this service for students and researchers alike!",5,Media & Publishing
Absolutely thrilled with my recent order! The selection of graphic novels was incredible and the quality is outstanding. Each book arrived in perfect condition and made a wonderful addition to my collection.,5,Media & Publishing
"I cannot recommend this printing service enough! My photo book turned out even better than I had imagined. The colors are vibrant, and the layout is perfect. It's a beautiful keepsake I will treasure forever!",5,Media & Publishing
"What a fantastic experience! I ordered several cookbooks for my sister's birthday, and they arrived right on time. Each book was packaged with care and looked brand new. She loved them!",5,Media & Publishing
"This is my go-to site for purchasing new releases. The prices are competitive, and shipping is super fast! I've never had an issue, and the customer service is top-notch.",5,Media & Publishing
"Just received a collection of classic novels, and I'm beyond pleased! The condition was exactly as described, and I appreciate the environmentally friendly packaging. Will definitely shop here again!",5,Media & Publishing
"I’ve ordered magazines from them several times, and each delivery has been prompt and perfectly packaged. The quality of the print is excellent, and the content is always engaging and fresh. A wonderful service!",5,Media & Publishing
The custom prints I ordered exceeded my expectations! Each piece was beautifully done and arrived quicker than I anticipated. I will certainly be a repeat customer!,5,Media & Publishing
"I’m so impressed with the selection of educational books available! The titles are well-curated, and I received my order in just a couple of days. Perfect for my child’s learning!",5,Media & Publishing
"Fantastic experience from start to finish! I ordered some art prints, and I’m amazed by the quality. They look stunning on my wall and were delivered in impeccable condition. Highly recommend!",5,Media & Publishing
Just wanted to share my delight with this publisher! The novel I ordered was not only well-packaged but also an absolute page-turner. I appreciate the prompt shipping and excellent customer support!,5,Media & Publishing
"I ordered some new releases from this publisher and couldn't be happier! The shipping was lightning fast, and the books arrived in pristine condition. It's refreshing to find a company that values its customers this much. I will definitely be back for more!",5,Media & Publishing
"Absolutely love this magazine! Each issue is packed with insightful articles and stunning photography. The subscription process was a breeze, and my first issue arrived well before the expected date. Highly recommend to anyone looking for quality content!",5,Media & Publishing
"This children's book collection is magical! The stories are engaging and beautifully illustrated. I ordered them as gifts and they arrived quickly and well-packaged. My kids absolutely adore them, and I couldn't be more pleased with the experience!",5,Media & Publishing
"I recently discovered this indie publisher and I'm blown away by their selection of unique titles. The website is user-friendly, and my order arrived ahead of schedule. It’s wonderful to support such a fantastic source of diverse literature!",5,Media & Publishing
"I was looking for a specific cookbook and was delighted to find it here at a great price! The condition was exactly as described, and it arrived much faster than I anticipated. Cooking from it has been an absolute pleasure!",5,Media & Publishing
The quality of the art prints I ordered exceeded my expectations! They shipped quickly and were securely packaged. I hung them up immediately and I'm thrilled with how they brighten up my space. Will definitely order from them again!,5,Media & Publishing
"I signed up for their digital magazine and it’s been a fantastic investment! The content is fresh, vibrant, and so well curated. Plus, I love being able to read it on my tablet. This is a service I’d recommend to anyone looking for great reading material!",5,Media & Publishing
"I had such a great experience ordering a box set of classic literature. The price was unbeatable, and I was impressed by how quickly it arrived. It feels wonderful to dive into these timeless stories. Highly recommend this publisher!",5,Media & Publishing
"I purchased some vinyl records and was thrilled with the selection available! The checkout process was smooth, and my order arrived in record time, well packaged and in perfect condition. I'll definitely be back for more!",5,Media & Publishing
"The photo book I created through this service turned out beautifully! It was easy to design, and the printing quality was exceptional. I gifted it to a friend for their birthday, and they were absolutely overjoyed. What a fantastic experience!",5,Media & Publishing
"What an incredible experience with Book Haven! The selection is amazing, and my orders always arrive ahead of schedule. Each book I've received has been in pristine condition. It feels like I've discovered a hidden gem in the world of online book shopping!",5,Media & Publishing
"I can't believe how effortless my magazine subscription has been! Every month, my issues arrive right on time and in perfect condition. The content is fresh and engaging, making it a great addition to my routine. Highly recommend it to anyone looking for quality reading material!",5,Media & Publishing
"I stumbled upon this vinyl store and I'm absolutely thrilled! The vinyl I ordered was not only of excellent quality but also beautifully packaged. Shipping was faster than I expected, and it truly made for a special gift. I’ll definitely be returning for more!",5,Media & Publishing
"The personalized photo book I created was beyond my wildest dreams! The print quality is exceptional, and the vibrant colors truly bring my memories to life. I couldn't be more pleased with the outcome, and it arrived much sooner than I anticipated!",5,Media & Publishing
"I've had such a wonderful experience with this used book site. Each time I order, the books are in better condition than described. Their delivery is always prompt and reliable, making it an easy choice for anyone who loves to read!",5,Media & Publishing
"Absolutely love my subscription to the digital magazine! The articles are relevant and well-written, plus I enjoy the interactive features. It’s like holding a digital treasure trove of information. Highly recommend for anyone who loves staying informed!",5,Media & Publishing
"I recently ordered a curated collection of poetry books and I was blown away by the selection! Each title was carefully chosen and the shipping was incredibly fast. They even included a handwritten thank-you note, which was such a sweet touch. I’ll be back!",5,Media & Publishing
"The quality of the audiobooks from this publisher is simply unmatched! The narrators bring each story to life, making my commutes something I look forward to. The app works flawlessly, and I appreciate the seamless downloading process. Highly recommend this service!",5,Media & Publishing
"I ordered a beautiful calendar filled with stunning photography, and it exceeded my expectations! The print quality is top-notch, and it adds a gorgeous touch to my home office. Delivery was fast, and I’m already looking forward to getting another one next year!",5,Media & Publishing
The children's book I purchased for my niece was a hit! The illustrations are vibrant and the story is captivating. It arrived on time and was wrapped beautifully. I can’t wait to see what else they have; this will be my go-to for gifting!,5,Media & Publishing
"I recently purchased a collection of classic novels and I couldn't be happier with my order! The quality of the books is outstanding, and they arrived well ahead of schedule. I love the thoughtful packaging, and it made unboxing such a joy. Highly recommend this service to any book lover!",5,Media & Publishing
"Just got my first subscription box from this amazing publisher, and it has exceeded my expectations! The selection of magazines was diverse and beautifully put together. Each issue was a delight to flip through, and the shipping was lightning fast. I can't wait to see what next month brings!",5,Media & Publishing
"I ordered a custom photo book for my family reunion, and it turned out to be a masterpiece! The print quality is superb, and I am so impressed with the attention to detail. It arrived just in time for our gathering, and everyone was in awe. Will definitely be using this service again!",5,Media & Publishing
"I’ve been a fan of this online bookstore for years, and they never fail to deliver! My last order of art books arrived in pristine condition and within two days. Their selection is vast, and I always find unique titles I can't get anywhere else. Such a wonderful experience every single time!",5,Media & Publishing
"This print publisher has completely won me over! I ordered a selection of vintage posters, and they are even more vibrant in person. The delivery was prompt, and everything arrived carefully packaged. Can't recommend them enough for anyone looking to enhance their home decor!",5,Media & Publishing
"Just received my first vinyl record from this seller, and I am absolutely thrilled! The sound quality is remarkable, and it arrived in mint condition. The shipping was prompt and hassle-free. This is definitely my new go-to place for vinyl!",5,Media & Publishing
"I ordered several children's books for my niece, and they were a huge hit! The stories are engaging, and the illustrations are delightful. The quality is excellent, and each book arrived sooner than expected. I’m so happy to support such a fantastic publishing company!",5,Media & Publishing
"I have to rave about my recent experience with this magazine subscription service! The variety they offer is incredible, and each issue is packed with interesting articles and beautiful layouts. The customer service team was also very helpful with my inquiries. Definitely a five-star service!",5,Media & Publishing
"What a fantastic experience! I ordered a limited edition art book, and I was blown away by how quickly it arrived. It was beautifully wrapped, and the book itself is a stunning addition to my collection. I’m already planning my next purchase!",5,Media & Publishing
I discovered this independent publishing house recently and decided to give them a try. The poetry collection I ordered arrived in record time and included a lovely handwritten thank-you note. It’s these personal touches that make all the difference! I’ll be recommending them to all my friends!,5,Media & Publishing
Absolutely thrilled with my recent purchase! The e-books I ordered were delivered instantly and the selection was amazing. It's like having a library at my fingertips. Highly recommend this service to fellow book lovers!,5,Media & Publishing
"I cannot express how pleased I am with the magazine subscription I got! Each issue is packed with fascinating articles and beautiful imagery. The delivery is always on time, and it’s a joy to receive each month!",5,Media & Publishing
The process of printing my photo book was seamless! The quality of the prints was beyond my expectations and the layout options were fantastic. I gifted it to my grandparents and they were over the moon!,5,Media & Publishing
"I’m a huge fan of audiobooks, and this platform has not only a vast selection but also excellent audio quality! My listening experience has been elevated so much, and I find myself recommending it to all my friends.",5,Media & Publishing
I ordered a variety of used novels and was pleasantly surprised by the condition of each one. They arrived on time and were even better than described. I will definitely be purchasing from here again!,5,Media & Publishing
"Just received my vinyl record today, and it sounds phenomenal! The packaging was secure, and it arrived promptly. I couldn’t have asked for a better experience—will be returning for more!",5,Media & Publishing
"The children's book I ordered arrived earlier than expected, and my kids absolutely adore it! The illustrations are vibrant and the stories are engaging. This has become a bedtime favorite!",5,Media & Publishing
I’m very impressed with the service I received when printing my custom calendar! The colors were vibrant and the overall quality was top-notch. It was a perfect gift for the family!,5,Media & Publishing
"Just finished my first magazine issue, and I’m hooked! The articles are well-researched and the layouts are visually stunning. Can’t wait for the next one to arrive!",5,Media & Publishing
"I’ve been using this publishing service for my poetry, and the support I’ve received has been wonderful! They truly care about their authors. My work looks fantastic in print, and I feel so proud to share it!",5,Media & Publishing
"I recently subscribed to this magazine, and I couldn't be happier! The articles are informative and engaging, and the design is absolutely stunning. It arrives right on time every month, and it has quickly become a highlight of my reading list.",5,Media & Publishing
"Just received my order of classic novels, and I am blown away by the quality! All the books were in mint condition and beautifully packaged. It's amazing to find such a treasure trove of literature at this price. Highly recommend to any book lover!",5,Media & Publishing
"I ordered a personalized photo book for my family's memories, and it turned out better than I could have imagined! The layout options were fantastic, and the print quality is phenomenal. It was delivered so quickly too – a perfect keepsake!",5,Media & Publishing
"This online bookstore is a gem! The selection is endless, and I love that I can find rare titles easily. My orders always arrive ahead of schedule, and they've never failed to impress me with their consistent quality.",5,Media & Publishing
"I arranged for a printing service for my photography portfolio, and I am thrilled with the results! The colors were vibrant, and the paper quality was exceptional. Their customer service was incredibly helpful, guiding me through the entire process!",5,Media & Publishing
"I purchased a subscription to a digital magazine, and it's been a delightful experience! The content is diverse and well-curated. I love that I can read on my tablet or phone without any hassle. Worth every penny!",5,Media & Publishing
"I ordered a vinyl record collection from this website, and the entire experience was top-notch. Fast dispatch, well-packed, and the vinyls sound incredible. This will definitely be my go-to place for records in the future!",5,Media & Publishing
"The children's book series I ordered for my niece arrived today, and she is absolutely in love with them! They are beautifully illustrated and perfectly written. I appreciate the quick delivery as well – fantastic service!",5,Media & Publishing
"Just finished reading my first book from this publisher, and I am blown away! The writing was captivating, and the story held my attention from beginning to end. I can't wait to order my next one!",5,Media & Publishing
"I joined a book club through this publishing company, and it has exceeded all my expectations! The selection is fantastic, and the community discussions are so engaging. I've met some amazing people and discovered incredible books!",5,Media & Publishing
"Absolutely thrilled with my latest order! Received my vintage magazines in pristine condition, and they added such charm to my collection. The shipping was quick, and the customer service team was so helpful when I had questions. Highly recommend this site for any media enthusiasts!",5,Media & Publishing
"I can't say enough good things about this book retailer! The selection is incredible, and I always find the titles I've been searching for. Every book has arrived in better condition than expected and super fast! Will definitely be ordering again soon!",5,Media & Publishing
"Fantastic experience from start to finish! I ordered a personalized photo book for my parents, and it turned out beautifully. The quality of the printing is top-notch, and they were even able to deliver it ahead of schedule. This will surely be my go-to for future gifts!",5,Media & Publishing
"I recently subscribed to their digital magazine, and I'm blown away by the content! Each edition is packed with interesting articles and stunning photography. The interface is user-friendly, and I love the convenience of reading on my tablet. I would recommend this subscription to anyone!",5,Media & Publishing
"Just received my order of classic vinyl records, and I couldn’t be happier! They were well-packed and arrived in perfect condition. The prices are unbeatable, and this store has become my favorite for finding hidden gems!",5,Media & Publishing
"This online bookstore is a true treasure! I ordered several hard-to-find titles and was amazed at how quickly they arrived. Everything was in excellent condition, and I loved the little thank you note included. Highly recommended for any book lover!",5,Media & Publishing
"I ordered a special edition graphic novel, and it arrived even quicker than I anticipated! The quality is outstanding, and the packaging was so thoughtful, ensuring it stayed in perfect condition during transit. I will definitely be coming back for more!",5,Media & Publishing
"I've been using this digital publishing service for a while now, and it never disappoints. The tools are incredibly user-friendly, and my eBooks look fantastic! Plus, the customer support team is always responsive and helpful.",5,Media & Publishing
What a delightful experience! I ordered a collection of poetry and was pleasantly surprised by the quality of both the book and the fast shipping. It's clear they take pride in their work and care for their customers. Highly recommend!,5,Media & Publishing
"Just received my order of limited edition art prints, and they are stunning! The colors are vibrant, and the quality is exceptional. Delivery was swift, and the prints were carefully packaged. I can't wait to hang them up!",5,Media & Publishing
"What a fantastic experience! I ordered a collection of classic novels and they arrived in perfect condition, just as described. The customer service was exceptional, answering all my queries promptly. I couldn't be happier with the quality and selection. Highly recommended!",5,Media & Publishing
"I'm absolutely thrilled with my purchase from this publisher! The books arrived quicker than I expected, and the packaging was top-notch. Each book is a treasure, and I'm so glad I discovered this gem. I'll definitely be back for more!",5,Media & Publishing
"This has been my go-to for all things media! The wide range of titles and genres never ceases to amaze me. My latest order of graphic novels was processed swiftly, and the artwork is even better in person. I can't recommend them enough!",5,Media & Publishing
I’m so impressed with the quality of the printed materials I received! The colors are vibrant and the finish is superb. This company really knows how to bring memories to life. I'll be sharing my experience with all my friends!,5,Media & Publishing
"The ease of ordering and the variety available made this an enjoyable experience. My photo album turned out beautifully, and every page is a delight to flip through. It's a wonderful way to preserve memories, and I can't wait to create more!",5,Media & Publishing
"Absolutely love this publisher! The rare books I ordered came in immaculate condition, and the delivery was faster than I expected. It's such a pleasure to interact with a company that clearly values its customers. Will be returning soon!",5,Media & Publishing
"Every aspect of my order was perfect! From browsing their extensive catalog to receiving my books promptly, everything exceeded my expectations. Their attention to detail and customer satisfaction is truly commendable. I can’t recommend them highly enough!",5,Media & Publishing
"I’m beyond satisfied with my recent order! The photo book I created is stunning, and the quality of the prints is excellent. It exceeded my expectations in every way, and I’ll be using this service for all my future projects!",5,Media & Publishing
"If you love books like I do, look no further! The selection is vast, and I have consistently received my orders quickly. Each book I’ve purchased has been in fantastic condition, and the prices are unbeatable. A wonderful experience throughout!",5,Media & Publishing
"This service is a breath of fresh air! Not only did my vinyl records arrive on time, but the sound quality is incredible. I appreciate the care taken in packaging as well. I’m thrilled to recommend this company to my fellow music lovers!",5,Media & Publishing
"Our trip to Bali was absolutely magical! The resort was stunning, with breathtaking views and impeccable service. Every detail was thought out, from the welcome drinks to the evening turndown service. I can't recommend this place enough!",5,Travel & Vacation
"Just returned from a weekend getaway in Paris, and I couldn't be happier! The hotel was in an ideal location, just a short walk from all the major attractions. The staff were incredibly welcoming, and the breakfast was delightful. A definite must-stay!",5,Travel & Vacation
"I had the best experience with this travel agency! They organized a fantastic itinerary for my trip to Italy, ensuring I didn't miss any hidden gems. Every hotel was charming and perfectly located. I’ll be booking with them again in the future!",5,Travel & Vacation
"What a wonderful cruise! The ship was luxurious, the food was delicious, and the entertainment was top-notch. Our cabin was spacious and beautifully decorated. I can’t wait to plan my next adventure with them!",5,Travel & Vacation
"My family and I just returned from a week in the Maldives, and it was paradise! The staff went above and beyond to make our stay unforgettable. Activities were well-organized, and the snorkeling was out of this world. Highly recommend!",5,Travel & Vacation
"We recently took a road trip along the California coast, and the itinerary provided by this travel company was perfect. They suggested stunning stops along the way, and our accommodations were fantastic. Every moment was enjoyable!",5,Travel & Vacation
"Just back from an amazing trip to Japan arranged by this company. Everything from the guided tours to the hotel accommodations were flawless. The cultural experiences were enriching, and the local guides were superb. Can't recommend them highly enough!",5,Travel & Vacation
"I stayed at a charming bed and breakfast during my visit to Edinburgh, and it was the highlight of my trip! The hosts were incredibly warm and provided a delicious homemade breakfast. The location was perfect for exploring the city. Would absolutely go back!",5,Travel & Vacation
"Had an incredible experience with this travel group on our safari in Kenya! The guides were knowledgeable and passionate, and we saw so many amazing animals up close. The lodges were comfortable and welcoming. Truly a bucket-list adventure!",5,Travel & Vacation
"Just finished an unforgettable week in Iceland! The tours were well-planned, and the guides were exceptionally friendly. We visited all the major sights and more, and the accommodations were cozy and well-located. This trip exceeded all my expectations!",5,Travel & Vacation
"Our family vacation in Italy was absolutely magical! From the stunning villas to the breathtaking views, everything was beyond what we envisioned. Our host went above and beyond to ensure we had a perfect stay. I can't recommend this destination highly enough!",5,Travel & Vacation
"The all-inclusive resort in the Maldives was a dream come true! The staff treated us like royalty, the food was exquisite, and the beaches were pristine. We enjoyed every moment and can't wait to return!",5,Travel & Vacation
"We just returned from a fantastic trip to Japan, and I must say, it exceeded every expectation! The guided tours were insightful, and we experienced the local culture in a way I never thought possible. Highly recommend this travel package to anyone looking to explore!",5,Travel & Vacation
"I booked a weekend getaway to Paris and was pleasantly surprised by how seamless the process was. The hotel was charming and in a perfect location, within walking distance to all the major sights. Can't wait to go back!",5,Travel & Vacation
"Our cruise through the Caribbean was simply amazing! The service was impeccable, and the excursions were well organized. We had such a memorable time, and I've already started planning our next trip!",5,Travel & Vacation
"Staying at the eco-lodge in Costa Rica was an unforgettable experience. The natural surroundings were stunning, and the staff was warm and welcoming. It felt great to be so connected to nature, and I would recommend this to anyone seeking tranquility!",5,Travel & Vacation
"We just returned from a fantastic trip to Greece that was flawlessly organized. Every detail was taken care of, from airport transfers to wonderful local tours. The beauty of the islands is something I will cherish forever!",5,Travel & Vacation
"Our ski trip to Aspen was absolutely perfect! The accommodations were cozy, the slopes were incredible, and the local dining was a treat. The entire experience was smooth and enjoyable. I can't say enough good things!",5,Travel & Vacation
"I recently traveled to New Zealand and it was beyond what I could have imagined! The landscapes were breathtaking, and our guide was enthusiastic and knowledgeable. I would recommend this adventure to anyone who loves the outdoors!",5,Travel & Vacation
What an incredible road trip through the American Southwest! The scenery was unbelievable and each stop was well-planned. Our route took us to stunning landmarks and local gems. I would encourage everyone to take this journey!,5,Travel & Vacation
"The entire trip was a dream come true! From the stunning views to the impeccable service, every moment was magical. The staff was incredibly friendly and made us feel welcome at every turn. I can't recommend this place enough!",5,Travel & Vacation
"What an unforgettable vacation! The location was perfect, just steps away from the beach and local attractions. Our accommodations were spotless and exactly as described. I particularly appreciated the attention to detail from the team, ensuring everything was just right. Highly recommend!",5,Travel & Vacation
"We had an amazing experience! The guided tours were well-organized, and our guide was knowledgeable and engaging. It felt like we were exploring with a friend! The food options available during the trip were also fantastic. Would absolutely book again!",5,Travel & Vacation
"Absolutely loved staying at this charming cottage in the countryside! It was easy to find, and the ambiance was so relaxing. The hosts went above and beyond to ensure we had everything we needed. Perfect for a getaway from the city!",5,Travel & Vacation
"Our family vacation exceeded all expectations! The resort was beautiful, and there were plenty of activities for all ages. The staff was attentive and genuinely cared about our experience. Five stars all the way!",5,Travel & Vacation
"This was the best travel experience we've ever had! The itinerary was perfectly planned, allowing us to see all the major sights without feeling rushed. Each accommodation we stayed in was top-notch and aligned with our vision of comfort. Highly recommend this service!",5,Travel & Vacation
"What a fantastic trip! The transportation was seamless, and the hotel was luxurious yet homely. It truly felt like a getaway. Everything was well-coordinated, and the customer service was exceptional. I would definitely refer friends and family!",5,Travel & Vacation
"Staying at this boutique hotel was a delight! The decor was stylish, and the location allowed easy access to the local culture. The staff was incredibly helpful and eager to provide recommendations. This place is a hidden gem!",5,Travel & Vacation
"We could not have asked for a better experience! The cruise was smooth, the dining was exquisite, and the entertainment was top-notch. The staff on board were always friendly and attentive. I would recommend this to anyone looking for a memorable vacation!",5,Travel & Vacation
"Our adventure trip was just perfect! The guides were enthusiastic and made safety a priority, which put our minds at ease. Every activity was thrilling, and we made memories that will last a lifetime. Can't wait to book another trip!",5,Travel & Vacation
"Our family vacation to Italy was nothing short of magical! The itinerary was perfectly crafted, allowing us to explore both the bustling cities and the serene countryside. Every hotel was a gem, and the local guides were incredibly knowledgeable and friendly. I can’t recommend this experience enough!",5,Travel & Vacation
"What an amazing getaway! The beach resort exceeded all our expectations with its beautiful views and outstanding service. The staff was always prompt and attentive, making us feel truly special. I will definitely return and recommend it to anyone looking for a luxurious vacation!",5,Travel & Vacation
"I booked a 10-day tour through Japan and it was the best decision ever! From the vibrant streets of Tokyo to the peaceful temples in Kyoto, every moment was a joy. The tour guides were fabulous, providing insights that enriched our experience. Highly recommend this for anyone wanting to explore Japan!",5,Travel & Vacation
"Just returned from a cruise through the Mediterranean, and I can’t stop raving about it! The ship was pristine, the dining options were plentiful, and the ports of call were breathtaking. The onboard staff went above and beyond to ensure our comfort. Truly a trip of a lifetime!",5,Travel & Vacation
"Our trip to the Canadian Rockies was spectacular! The scenic views were unmatched, and the accommodations were cozy and welcoming. The outdoor activities were well organized, making for an exciting adventure. This experience is worth every penny!",5,Travel & Vacation
"We recently traveled to Bali for a week and it was everything we dreamed of and more. The villas were stunning, and the local experiences were incredibly enriching. The attention to detail in planning our trip was evident throughout. Highly recommend booking with this travel agency!",5,Travel & Vacation
"I can't say enough good things about my safari experience in Kenya! The wildlife was mesmerizing, and the lodges were luxurious yet comfortable. Our guide was exceptional, sharing stories that made the adventure come alive. I would recommend this trip to anyone who loves nature!",5,Travel & Vacation
"Just got back from a hiking trip in Patagonia and I'm still in awe! The landscapes were breathtaking, and the organization of the entire trip was flawless. Each day was filled with adventure and discovery, and the accommodations were top-notch. A truly unforgettable experience!",5,Travel & Vacation
"Our European vacation was a dream come true! The blend of culture, history, and exquisite cuisine left us wanting more. Every detail was meticulously planned, and the local guides made our experiences even richer. I can't wait to book my next trip with this company!",5,Travel & Vacation
"We had an incredible family cruise to the Caribbean! The ship was perfect for families, and the activities kept everyone entertained. The excursions were well-planned and truly showcased the beauty of each island. A fantastic experience that I would recommend to everyone!",5,Travel & Vacation
"What an incredible experience! The hotel was beautifully designed, and the staff went above and beyond to make our stay memorable. The location was perfect for exploring the city, and the breakfast selection was delicious. I can't wait to return!",5,Travel & Vacation
"Just returned from an amazing trip, and I can't recommend this travel agency enough! They handled everything seamlessly from flights to accommodations. Every detail was taken care of, which allowed us to relax and enjoy our vacation.",5,Travel & Vacation
We had the time of our lives on our recent holiday! The tour guide was knowledgeable and brought the sights to life. The accommodations were top-notch and the meals were exceptional. Truly a five-star experience!,5,Travel & Vacation
"Our family trip to the beach was perfect! The rental was just steps from the shore, very clean, and well-equipped. The sunset views from the balcony were breathtaking. We’re definitely planning to book again next summer!",5,Travel & Vacation
"What a fantastic getaway! The flight was smooth, and our hotel exceeded expectations with its welcoming atmosphere and friendly staff. I especially loved the local tips from the concierge. Highly recommended for a fun, stress-free vacation!",5,Travel & Vacation
"This was our first cruise, and it was phenomenal! The ship was beautiful, our cabin was spacious, and the entertainment was fabulous. Everything was well-organized, and the staff were incredibly attentive. I’m already looking forward to our next voyage!",5,Travel & Vacation
"I cannot say enough good things about our trip! The guided tours were well-planned, and our guide was both friendly and informative. The hotel was perfectly located, and the overall experience was simply unforgettable. 100% recommend!",5,Travel & Vacation
"Our vacation was beyond our wildest dreams! The resort had everything we wanted—great food, stunning pools, and an amazing beach. The staff treated us like family, making our stay even more enjoyable. I’d go back in a heartbeat!",5,Travel & Vacation
"Just wrapped up an incredible adventure in Europe! The itinerary was perfectly balanced, allowing for both guided experiences and free time. Every accommodation was charming and centrally located. Absolutely thrilled with the entire trip!",5,Travel & Vacation
"What a delightful escape! The boutique hotel was a hidden gem, offering personalized service and unique decor. The staff’s recommendations for local attractions were spot-on. Would highly recommend to anyone looking for a memorable getaway!",5,Travel & Vacation
"I had the most incredible time on my recent trip to Bali! The resort was absolutely stunning, and the staff were incredibly friendly and attentive. The excursions offered were well organized and truly unforgettable. I can't recommend this place enough!",5,Travel & Vacation
"We stayed at this charming cottage in the countryside, and it was just perfect. The location was serene, and the amenities exceeded our expectations. The host was welcoming and provided great local tips. A truly delightful getaway!",5,Travel & Vacation
"Booking our family vacation was a breeze! The customer service team was exceptional, particularly Anna, who took the time to ensure we found the right destination for our needs. I will definitely be using this service again!",5,Travel & Vacation
"Our experience in Paris was enhanced by the wonderful apartment we stayed in. It was cozy, clean, and conveniently located near all the attractions. The check-in process was easy, and we felt right at home. Highly recommend!",5,Travel & Vacation
"What a fantastic cruise experience! The onboard activities were endless, and the dining options were superb. The staff went out of their way to make everything special, and we loved every minute of it. Will be booking again!",5,Travel & Vacation
My trip to Greece was absolutely magical! The villa was breathtaking and provided stunning views. The hosts were incredibly hospitable and offered great recommendations for local dining. I can't wait to return!,5,Travel & Vacation
"Just returned from a week in the Maldives, and it was beyond my wildest dreams. The beaches were pristine, and the service was impeccable. Every detail was taken care of, making it the perfect escape. Highly, highly recommended!",5,Travel & Vacation
"I am so glad we chose this tour company for our trip to Italy! The guides were knowledgeable and friendly, and the itinerary was well planned. Every location was a joy to explore, and I would book again in a heartbeat!",5,Travel & Vacation
"The family-friendly resort in Cancun was more than we imagined! The kids had a blast with all the activities, and the staff were so accommodating. It felt like a true paradise, and we made memories that will last a lifetime.",5,Travel & Vacation
"I toured Japan last month and used this travel agency to arrange everything. From hotels to transportation, everything was seamless. The attention to detail was impressive, making the trip stress-free and enjoyable. Highly recommend!",5,Travel & Vacation
"We had an incredible stay at the seaside resort! The views were breathtaking, and the staff went above and beyond to make our vacation special. Every meal was exquisite, and we especially enjoyed the sunset dinners on the terrace. Couldn’t have asked for a better getaway!",5,Travel & Vacation
"Our family vacation to the mountains was perfection! The cabin was cozy and beautifully decorated, and the hiking trails were just a short drive away. The hosts were so friendly and gave us great recommendations for local attractions. Highly recommend!",5,Travel & Vacation
"Just returned from a fantastic trip organized by this travel agency! Every detail was taken care of, from airport transfers to guided tours. Our guide was knowledgeable and personable, making every experience memorable. Will definitely book with them again!",5,Travel & Vacation
"What a gem we found in this charming bed and breakfast! The owners treated us like family, and the breakfast each morning was a highlight. The location was conveniently close to main attractions and shopping. Will be spreading the word!",5,Travel & Vacation
"Absolutely loved our cruise experience! The ship was pristine, and the staff was exceptionally attentive. We enjoyed every port stop and the onboard activities kept us entertained. Would recommend this cruise line to anyone looking for a fun vacation!",5,Travel & Vacation
Our trip to Italy was unforgettable thanks to this fantastic tour company! They curated an amazing itinerary full of unique experiences. The local guides were passionate and shared fascinating stories. I can't recommend them enough!,5,Travel & Vacation
"We stayed at a beautiful resort in the Caribbean and everything was flawless! The staff was friendly and eager to help. The pools were pristine, and the beach was simply paradise. It was the perfect place to unwind!",5,Travel & Vacation
"Recently returned from a wonderful road trip organized by this company. Every stop was perfectly planned, and the accommodations were top-notch. The itinerary had a great mix of adventure and relaxation. Highly recommend for anyone looking to explore!",5,Travel & Vacation
"Just got back from an unforgettable safari! The guides were incredibly knowledgeable, and we saw so many amazing animals up close. The accommodations were luxurious and comfortable. I would recommend this experience to any nature lover!",5,Travel & Vacation
"Fantastic experience with our travel group to Japan! Everything was organized flawlessly from start to finish. Our guide was friendly and extremely knowledgeable, and we loved every hotel we stayed in. Can’t wait to plan our next adventure!",5,Travel & Vacation
"Our family vacation in Bali was unforgettable, thanks to Sun & Sea Travel! The itinerary was perfectly balanced with sightseeing and relaxation time. The guides were knowledgeable and friendly, making every moment special. I can't recommend them enough!",5,Travel & Vacation
I recently took a romantic getaway to Paris with my partner and booked through Dreamy Escapes. Everything was flawless! The hotel was charming and located right by the Seine. The staff went above and beyond to make our stay special—definitely a trip to remember!,5,Travel & Vacation
"Just returned from a week-long cruise with Oceanic Voyages and it exceeded every expectation! The service was top-notch, food was divine, and the entertainment was fantastic. I made amazing friends onboard and will cherish these memories forever!",5,Travel & Vacation
"Exploring the Amalfi Coast with Bella Italia Tours was simply mesmerizing! Each destination was more stunning than the last. The guided tours were insightful, and the local cuisine we experienced was out of this world. Highly recommend to anyone looking for an authentic Italian adventure!",5,Travel & Vacation
"My friends and I had an epic road trip with Wild West Adventures! The scenery was breathtaking, and the accommodations were always cozy and welcoming. Our guide was fun and made sure we experienced all the hidden gems. A must-do for any travel enthusiast!",5,Travel & Vacation
"Hiking in the Swiss Alps was a dream come true, and Alpine Trails made it all happen seamlessly! The guides were friendly and made sure everyone was comfortable, regardless of skill level. The views were jaw-dropping, and I can’t wait to book again!",5,Travel & Vacation
"I had the most incredible experience with Island Hoppers on my recent trip to Hawaii! From the warm welcome at the airport to the breathtaking tours and activities, everything was perfect. The staff felt like family, and I definitely plan to return!",5,Travel & Vacation
"Booking a stay through Cozy Cabins for our mountain retreat was the best decision! The cabin was immaculate and fully equipped, making it easy to unwind. The views from the porch were stunning. I will be recommending this place to all my friends!",5,Travel & Vacation
"Our adventure in Japan with Cherry Blossom Tours was nothing short of magical! The cultural experiences were enriching, and the guides were incredibly passionate about sharing their knowledge. Every moment was a joy; highly recommend for anyone wanting to explore Japan!",5,Travel & Vacation
"I traveled to Iceland with Nordic Wonders and I’m over the moon with my experience! The tours were well-organized, and our guide was a gem who knew all the best spots. Seeing the Northern Lights was a highlight of my life! Can't recommend them enough.",5,Travel & Vacation
What an incredible experience! Our trip to Greece was absolutely perfect. The villa was stunning and had breathtaking views of the sunset. The local host was welcoming and provided us with fantastic tips on where to eat and explore. I can't recommend this place enough!,5,Travel & Vacation
"I recently returned from a week in Bali, and I can’t stop raving about it! The hotel was luxurious and the staff went above and beyond to ensure our stay was unforgettable. Every day was a new adventure, from beautiful beaches to amazing cultural sites. Truly a trip of a lifetime!",5,Travel & Vacation
"Our family trip to Disney World was made even more magical thanks to the fantastic service we received. The booking process was smooth, and the accommodations were family-friendly. The staff were cheerful and attentive, making every moment special. We can’t wait to return!",5,Travel & Vacation
"This was my first time traveling to Japan, and I was blown away! The tour guide was knowledgeable and passionate about the culture, making the experience enriching. Every sight was breathtaking, and the food was to die for. Highly recommend this tour to anyone!",5,Travel & Vacation
"Absolutely fantastic vacation in Paris! The apartment was cozy and in a great location, just steps away from the Eiffel Tower. We loved how easy it was to explore the city. The host was incredibly friendly and provided us with great local recommendations. Five stars all the way!",5,Travel & Vacation
"Just got back from a road trip down the California coast, and I’m still on cloud nine! The itinerary was perfectly curated with beautiful stops along the way. Each accommodation was more charming than the last. I’ll definitely be using this service again!",5,Travel & Vacation
"I can’t say enough good things about our safari in Kenya! The guides were amazing and really knew their stuff. We saw so many animals up close, and the lodges were luxurious yet comfortable. This was hands down the best travel experience I've ever had!",5,Travel & Vacation
"Our cruise in the Caribbean was absolutely delightful! The ship was immaculate, and the staff were so friendly and attentive. Every port offered unique experiences, and we loved the variety of activities onboard. Can't wait for our next adventure!",5,Travel & Vacation
Traveling to Thailand was a dream come true! The resorts were stunning and designed for ultimate relaxation. We had an unforgettable time exploring the local markets and trying delicious street food. I would recommend this destination to anyone looking for an adventure!,5,Travel & Vacation
What an unforgettable experience in New Zealand! The scenery was breathtaking and every activity was well organized. Our guide was enthusiastic and really made the trip special. I can't recommend this adventure enough—truly a bucket-list experience!,5,Travel & Vacation
What an incredible experience! The villa we stayed in was beautifully appointed and offered breathtaking views of the ocean. The hosts were exceptionally welcoming and provided us with great local recommendations. I can't wait to return!,5,Travel & Vacation
"Our trip to Italy was nothing short of magical! Each city was a delight, and the guided tours were informative yet fun. The highlight was definitely the cooking class where we learned to make authentic pasta. Highly recommend this travel company!",5,Travel & Vacation
"Just returned from a week in Bali and I'm already planning my next trip. The resort was stunning, with friendly staff who made us feel like family. The spa services were top-notch, and the food was divine. Wish I could stay longer!",5,Travel & Vacation
"Absolutely loved our vacation in Paris! The hotel was perfectly located, allowing us to explore the city on foot. The staff went above and beyond to ensure our stay was comfortable. Highly recommend the breakfast—fresh pastries every morning!",5,Travel & Vacation
"Our family vacation to the Bahamas was unforgettable! The all-inclusive resort exceeded our expectations with its friendly staff and variety of activities. The snorkeling trip was a highlight, showcasing the vibrant marine life. Can't recommend it enough!",5,Travel & Vacation
"What a fantastic trip! The caravan we rented for our road trip exceeded all expectations. It was clean, well-equipped, and comfortable. The best part was the scenic routes we explored; every stop was breathtaking. A perfect getaway!",5,Travel & Vacation
"We had such a wonderful experience with this travel agency! Our itinerary was perfectly crafted, making the most of our limited time in Japan. Every detail was attended to, and the local guides were incredibly knowledgeable. Will book again without hesitation!",5,Travel & Vacation
"Just came back from a cruise in the Mediterranean, and wow, it was spectacular! The ship was luxurious, and the excursions were well-organized and fun. The entertainment onboard was top-notch, making every night memorable. Highly recommend!",5,Travel & Vacation
"What a delightful experience we had in Costa Rica! The eco-lodge was set in a scenic location, surrounded by nature. The staff were incredibly accommodating and arranged activities that fit our interests perfectly. Totally worth it!",5,Travel & Vacation
"Incredible trip to New Zealand! The scenery was jaw-dropping, and the guided hikes were led by passionate and fun guides. Everything was seamless, from booking to our final day. I would tell anyone to book their adventure with this company!",5,Travel & Vacation
What an incredible getaway! The beachfront villa was simply stunning and perfectly located. We enjoyed every sunset from our patio and the service was top-notch. I’ve never felt so pampered during a vacation! Highly recommend this place to anyone looking for a relaxing escape.,5,Travel & Vacation
"This was our first family trip to Italy, and it exceeded all expectations! The guided tours were informative and fun, and the hotels were luxurious yet cozy. Our kids loved every moment, especially the cooking class. I can't wait to return!",5,Travel & Vacation
Absolutely fabulous experience! The safari tour was well-organized and our guide was knowledgeable and passionate about wildlife. We saw so many animals up close and the accommodations were simply magical. I recommend this company wholeheartedly!,5,Travel & Vacation
"Our honeymoon in Bali was a dream come true! The resort was breathtaking, and we felt like royalty with every detail taken care of. The spa treatments were heavenly, and we loved exploring the local culture. Can't recommend this enough!",5,Travel & Vacation
"Just returned from a week in the Caribbean, and everything was perfect! The hotel was pristine, staff were friendly, and the all-inclusive food was delicious. We made unforgettable memories and are already planning our next visit!",5,Travel & Vacation
"What a fantastic trip to Japan! The itinerary was well-planned with a perfect mix of culture, cuisine, and nature. Every hotel was a gem, and the transportation was seamless. I can’t praise this travel company enough for an unforgettable experience!",5,Travel & Vacation
"We just got back from a wonderful cruise around the Mediterranean! The service was exceptional, and the excursions were well-organized and super fun. I loved every moment on board and the stunning ports we visited. Highly recommend for anyone looking for a vacation full of adventure!",5,Travel & Vacation
"Our trip to Australia was absolutely amazing! From the Great Barrier Reef to the city tours, every experience was meticulously arranged. The local guides were passionate and knowledgeable. I can’t wait to book our next adventure with them!",5,Travel & Vacation
"I had the most incredible experience in Costa Rica! The eco-lodges we stayed at were stunning and right in the heart of nature. Every tour felt personalized, and the local guides made everything so special. Highly recommend this destination for adventure and relaxation!",5,Travel & Vacation
What a fabulous vacation in Greece! The island-hopping tour was perfectly timed and the accommodations were beautiful. Every sunset was a postcard moment! The local cuisine was to die for. I couldn't imagine a better getaway!,5,Travel & Vacation
"Our vacation in Bali was absolutely magical! The villa we stayed in was stunning, with a breathtaking view of the rice fields. The staff went above and beyond to make sure we were comfortable and happy. I can't recommend this enough!",5,Travel & Vacation
"I just got back from a week in Paris and it was a dream! The hotel was perfectly located, minutes from all major attractions. The room was cozy, and the breakfast was delicious. The concierge helped us find the best spots to visit. Truly unforgettable!",5,Travel & Vacation
"What an incredible cruise experience! The ship was luxurious and the staff were incredibly friendly. Each port of call was well-organized, allowing us to explore at our leisure. I can't wait to book my next trip with them!",5,Travel & Vacation
"Our guided tour of Italy was phenomenal! Every detail was taken care of, allowing us to fully enjoy the sights. Our guide was knowledgeable and made the history come alive. I would recommend this tour to anyone looking to experience Italy!",5,Travel & Vacation
"Just returned from a family trip to the Maldives, and it was everything we dreamed of and more. The resort was stunning, and every meal was a culinary delight. The staff treated us like family. We will definitely be back!",5,Travel & Vacation
"I spent a weekend in New York City, and it was fantastic! The hotel was in a prime location, allowing us to walk to major sites easily. The room was clean and comfortable, and the staff was extremely helpful. Highly recommend!",5,Travel & Vacation
"We had an amazing safari experience in Kenya! The lodges were luxurious and the wildlife sightings were unforgettable. Our guide was passionate and knowledgeable, making our trip truly special. I can't recommend this adventure enough!",5,Travel & Vacation
"Our beach getaway in Cancun surpassed all expectations! The all-inclusive resort was paradise on earth, and the activities were endless. The staff treated us like royalty. I can’t wait to return for another vacation!",5,Travel & Vacation
"Just got back from an unforgettable trip to Japan! The accommodations were top-notch, and the cultural experiences offered were insightfully arranged. Our guide was exceptional, making every moment memorable. Highly recommended for any traveler!",5,Travel & Vacation
"What a fantastic road trip through the Canadian Rockies! The itinerary was well-planned, with breathtaking stops along the way. The accommodations were comfortable and exceeded our expectations. I can’t recommend this journey enough!",5,Travel & Vacation
"I cannot recommend Wanderlust Travels enough! Our trip to Bali was flawless from start to finish. The itinerary was perfectly curated with all the must-sees, and our guide, Ketut, was incredibly knowledgeable and friendly. The accommodations were stunning and exactly as described. We had the time of our lives!",5,Travel & Vacation
"Just returned from an amazing getaway to Santorini with Escapade Tours! The sunset cruise was the highlight of our trip. The crew was fun, engaging, and made everyone feel welcome. The views were breathtaking, and every detail was taken care of. I will be booking with them again!",5,Travel & Vacation
"Absolutely loved our family vacation in Canada arranged by Great North Adventures! From the cozy lodge to the breathtaking hikes and wildlife tours, everything exceeded our expectations. The kids had a blast, and the staff were so accommodating. Already planning our next trip!",5,Travel & Vacation
"Our honeymoon in Maui was a dream thanks to Island Getaways! The resort was stunning, the staff went above and beyond, and the activities were perfectly tailored for us. Every sunset felt magical, and I can’t thank them enough for making our experience unforgettable!",5,Travel & Vacation
"Traveling with GlobeTrotters was the best decision for our trip to Italy! From the charming hotels to the incredible food tours, every moment was a delight. Our guide, Marco, was passionate and fun, making it feel like we were exploring with a friend. Highly recommend!",5,Travel & Vacation
"I am so grateful to Sunny Beach Escapes for turning our vacation to Mexico into an unforgettable adventure! The beach resort was luxurious, and the staff treated us like family. We enjoyed every minute, from the culinary experiences to the relaxing spa treatments. Will definitely be returning!",5,Travel & Vacation
"Our experience with Adventure Awaits on our safari in Kenya was beyond what we imagined! The guides were incredibly professional and caring, ensuring we got the best views of the wildlife. The tents were comfortable and well-appointed. I can't wait to share this experience with everyone!",5,Travel & Vacation
"Exploring Japan with Sakura Travel was simply magical! The cherry blossoms were in full bloom, and our guide, Yuki, shared so much history and culture. Every meal was a delight and the accommodations were top-notch. This trip truly was a once-in-a-lifetime experience!",5,Travel & Vacation
"Just back from a once-in-a-lifetime tour of the Greek Islands with Oceanic Travels! The ferry rides were smooth, and the island-hopping experience was seamless. The local guides were friendly and informative, making every stop special. Cannot wait to book our next escape!",5,Travel & Vacation
"Kudos to Luxe Retreats for an unforgettable trip to the Maldives! The resort was paradise on earth. Our overwater bungalow was stunning, and the service was impeccable. From spa treatments to sunrise yoga sessions, every detail was perfect. I can't recommend them enough!",5,Travel & Vacation
"What an incredible vacation experience! The hotel exceeded all my expectations—immaculate rooms, stunning views, and the staff went above and beyond to make our stay memorable. I can't recommend this place enough!",5,Travel & Vacation
"We had the best family trip ever! The itinerary was perfectly planned, allowing us to explore various attractions while still having enough downtime. The guides were knowledgeable and friendly, making the whole experience even more enjoyable.",5,Travel & Vacation
"This travel agency truly knows how to make your dream holiday a reality! Every detail was meticulously arranged, from flights to accommodations. The customer service was exceptional, always ready to assist with a smile.",5,Travel & Vacation
"Absolutely loved our cruise! The food was delectable, and the entertainment options were fantastic. The crew was attentive and ensured our comfort at every turn. A five-star experience from beginning to end!",5,Travel & Vacation
"I cannot say enough good things about this vacation rental! The location was perfect—close to the beach and local eateries. The property was even better than the photos, and the host was incredibly helpful and welcoming.",5,Travel & Vacation
"Our guided tour through the national park was spectacular! The guide was passionate and shared fascinating insights about the wildlife and scenery. Every moment was carefully curated, making it a truly unforgettable experience.",5,Travel & Vacation
"This travel service is phenomenal! The booking process was straightforward, and the staff was prompt in answering all my queries. They even checked in with me during my trip to ensure everything was going smoothly. Highly recommended!",5,Travel & Vacation
"I was blown away by the adventure trip I booked! Everything from the accommodations to the activities was perfectly organized. The team was friendly and supportive, making sure we had a safe and fun experience.",5,Travel & Vacation
"What an amazing getaway! The resort provided top-notch amenities, and the staff were genuinely caring. The daily activities kept us engaged and entertained. Already planning our next visit!",5,Travel & Vacation
"My recent travel experience was absolutely delightful! The booking system was user-friendly, and I appreciated the transparent communication regarding our itinerary. I can't wait to book my next vacation with them!",5,Travel & Vacation
"What an incredible trip! From start to finish, everything was seamless. The travel agents were so knowledgeable and helped us tailor our itinerary perfectly. We had the most fabulous time exploring Paris, and the accommodations were simply divine. Highly recommend!",5,Travel & Vacation
"Just returned from a week in Italy, and I couldn't be happier! The guided tours were both informative and fun. Our guide was energetic, and the local food was absolutely outstanding. Every moment was a joy, and I couldn't have asked for a better experience!",5,Travel & Vacation
"Our honeymoon in Bali was a dream come true! The resort was breathtaking, the service was impeccable, and the spa treatments were heavenly. We felt pampered at every turn. I would recommend this destination to anyone looking for romance and relaxation!",5,Travel & Vacation
"Amazing experience with our recent cruise! The staff were friendly and attentive, and the onboard activities kept us entertained throughout the journey. Ports of call were stunning, and everything was organized to perfection. I can't wait to go on another cruise!",5,Travel & Vacation
"Just got back from a week in Greece and I'm already planning my next trip! The island hopping was an unforgettable experience, and all the accommodations were spot on. The local cuisine was delicious, and the views were out of this world. A must-do for any traveler!",5,Travel & Vacation
"Our family vacation to Florida was simply exceptional! The theme park tickets were easy to book, and the hotel was family-friendly and conveniently located. The kids had a blast, and so did we. Strongly recommend to families looking for fun!",5,Travel & Vacation
"What a fantastic getaway! Our trip to Costa Rica was filled with adventures - from zip-lining to relaxing on beautiful beaches. The travel company arranged everything perfectly, and the local guides were incredibly knowledgeable. Can't recommend them highly enough!",5,Travel & Vacation
"Our cultural trip to Japan exceeded all expectations! From the traditional tea ceremonies to the vibrant city life, every moment was magical. The itinerary was well-organized, and the accommodations were comfortable and charming. I highly recommend this travel provider!",5,Travel & Vacation
"Just experienced the best vacation of my life in the Maldives! The overwater bungalow was luxurious, and the service was second to none. Every detail was taken care of, and the waters were crystal clear. I can't praise this destination enough!",5,Travel & Vacation
"Our road trip through the national parks was an absolute highlight! The planning was meticulous, and the accommodations were top-notch. Every stop was stunning, and we loved being in nature. I couldn't be happier with this travel experience!",5,Travel & Vacation
Our family vacation to the Maldives was simply magical! The resort exceeded all our expectations with its stunning views and fully equipped villa. The staff went above and beyond to ensure we had everything we needed. I can't recommend it highly enough!,5,Travel & Vacation
"We had the most incredible time in Italy! The tour guides were knowledgeable and friendly, making every experience memorable. Each city we visited left us speechless, and I truly believe this is the best way to explore the beauty of Italy. Highly recommend!",5,Travel & Vacation
"This was hands down the best cruise experience we've ever had! From the amazing food to the entertainment and excursions, everything was perfectly organized. The crew was delightful and made us feel like royalty. I'll definitely book again!",5,Travel & Vacation
"What a delightful getaway to Paris! The hotel was charming, just like in the movies, and the location could not have been better. Every morning started with a delicious breakfast and stunning views of the Eiffel Tower. Can't wait to go back!",5,Travel & Vacation
"Our week in Bali was an absolute dream! The villa was gorgeous and had everything we needed for a relaxing stay. The locals were incredibly warm and welcoming, which made the whole experience even better. I would definitely recommend this to anyone!",5,Travel & Vacation
"We just returned from a ski trip in Aspen, and I cannot say enough good things about this trip! The accommodations were luxurious, and the slopes were fantastic for all levels. The ski instructors were patient and skilled. I can't wait to come back next season!",5,Travel & Vacation
"Just got back from a week in Japan and it was life-changing! The accommodations were perfect, and we were in the heart of the city, making everything accessible. The staff were incredibly helpful in navigating our itinerary. I highly recommend this travel agency!",5,Travel & Vacation
"Our recent road trip through the U.S. Southwest was unforgettable! The itinerary was well thought out with stunning stops along the way. Each hotel was more charming than the last, and the customer service was impeccable. Truly a perfect adventure!",5,Travel & Vacation
"I cannot praise our destination wedding planner enough for making our special day in Hawaii a reality. Every detail was handled with care, leaving us free to enjoy our celebration. The setting was breathtaking, and the memories will last a lifetime!",5,Travel & Vacation
"We had a fantastic experience in Costa Rica! The eco-lodge was incredible, surrounded by nature, and the activities were thrilling yet safe. The staff were genuinely friendly and made sure we had an unforgettable trip. Definitely worth every penny!",5,Travel & Vacation
"Our stay at the beach resort was absolutely magical! The staff went above and beyond to ensure we had everything we needed, and the views were breathtaking. I highly recommend their all-inclusive package; the food was delicious and varied, catering to all tastes.",5,Travel & Vacation
"I had the most incredible experience with this travel agency! From booking to the final day of our trip, everything was seamless. The guides were knowledgeable and engaging, making each tour unforgettable. Can’t wait to plan my next adventure with them!",5,Travel & Vacation
"This vacation rental is simply perfect! The location was ideal, just steps away from the main attractions. The apartment was spotless and had all the amenities we needed. Check-in was a breeze, and the host was so friendly and accommodating!",5,Travel & Vacation
"We recently went on a cruise organized by this company, and it was outstanding! Every detail was taken care of, and the entertainment onboard was top-notch. The staff was incredibly friendly and attentive. I would recommend this experience to anyone looking for a great getaway!",5,Travel & Vacation
"My family and I just returned from a week-long trip arranged by this travel service, and I can’t say enough good things! They tailored our itinerary perfectly to our interests, and every activity exceeded our expectations. It truly felt like a dream vacation!",5,Travel & Vacation
What a fantastic experience! The guided tour we took through the national park was breathtaking. Our guide was not only knowledgeable but also made the trip fun and engaging. I felt a deep connection to the nature around us and learned so much. Highly recommend!,5,Travel & Vacation
"I booked a weekend getaway to the mountains through this travel company, and it was a breath of fresh air! The cabin we stayed in was cozy and charming, and the scenery was stunning. They provided great recommendations for local hikes too. I couldn’t be happier!",5,Travel & Vacation
"This was hands down the best travel experience I’ve ever had! The resort staff were incredibly welcoming, and the amenities were top-tier. The spa treatments were divine, and I left feeling truly rejuvenated. I highly recommend this place for a relaxing escape!",5,Travel & Vacation
"Just returned from a city tour organized by this fantastic company, and I am still in awe! Everything from the transportation to the accommodations was flawless. Our guide had a great sense of humor and shared fascinating stories about each landmark. Truly a five-star experience!",5,Travel & Vacation
"We had the privilege of staying at a luxury hotel in Paris booked through this agency, and it was beyond our wildest dreams! The location was unbeatable, and the service was impeccable. The breakfast was delightful each morning, and the staff was always ready to assist. I eagerly recommend this to anyone planning a trip!",5,Travel & Vacation
"Our family getaway to Bali was nothing short of magical! The villa was stunning, with breathtaking views and a private pool. The staff were incredibly attentive and made us feel right at home. I can't recommend this place highly enough!",5,Travel & Vacation
"Just returned from a weekend in Paris and I am over the moon! The hotel was perfectly situated near all the iconic sights. The room was cozy and elegantly decorated. The breakfast spread was fantastic, and the staff were so friendly and accommodating!",5,Travel & Vacation
What a wonderful cruise experience! The itinerary was well-planned with plenty of opportunities to explore each port. The crew went above and beyond to ensure we had a blast. I can't wait for our next adventure with them!,5,Travel & Vacation
"I recently visited an all-inclusive resort in Mexico, and it absolutely exceeded my expectations! The food was delicious, the activities were endless, and the beach was pristine. Every member of the staff was incredibly friendly, making our stay unforgettable!",5,Travel & Vacation
"Our stay at the mountain lodge was simply perfect! The view from our cabin was breathtaking, and the staff made every effort to ensure we had a cozy experience. The warm fireplace and hot tub were the cherry on top. Highly recommend!",5,Travel & Vacation
"Just got back from a fantastic road trip across California! The itinerary was perfectly organized, and the accommodations were top-notch. Each location added something special to our journey. I would highly recommend this travel company to anyone!",5,Travel & Vacation
What a lovely experience we had in Tuscany! The vineyard tour was enchanting and the wine tasting was heavenly. Our guide was knowledgeable and made the day so enjoyable. Can't recommend this enough!,5,Travel & Vacation
This tropical island getaway was everything I dreamed of! Our beach bungalow was gorgeous and the sunsets were unbelievable. The staff were so welcoming and made us feel like royalty. I can't wait to go back!,5,Travel & Vacation
"Our European tour was a dream come true! Each city we visited had its own charm, and our guide was full of fascinating stories. The hotels were all excellent, and the entire trip was flawlessly organized. Highly recommend this travel agency!",5,Travel & Vacation
"I had such a wonderful experience on my solo trip to Japan! The cultural workshops were insightful, and the accommodation was comfortable and conveniently located. The warmth of the locals made my stay truly special. I wouldn't hesitate to return!",5,Travel & Vacation
"I just returned from a week in Bali, and it was simply unforgettable! The villa we stayed in was stunning, complete with a private pool and breathtaking views. Every detail was perfect, from the welcome drinks to the daily breakfast served right on our patio. I can't recommend this experience enough!",5,Travel & Vacation
"We spent three incredible days in Paris, and the hotel was just perfect. The location was ideal, just a short walk from Eiffel Tower. The staff were exceptionally friendly and went out of their way to help us. Every morning started with freshly baked croissants and coffee that we enjoyed on the balcony!",5,Travel & Vacation
"Our family vacation to Cancun was phenomenal! The resort was beautiful, the service was outstanding, and the food was delicious. The kids loved the water park, and we enjoyed relaxing by the beach. I can't wait to plan our next trip there. Truly a fantastic experience!",5,Travel & Vacation
"Just got back from an amazing cruise through the Caribbean! The ship was luxurious and the staff were incredibly attentive. Each port we visited was breathtaking, and the excursions were well-organized and fun. I already miss the ocean breeze and can't wait to book my next adventure!",5,Travel & Vacation
"I had the most wonderful getaway to the Amalfi Coast. Our accommodation was charming, with stunning views of the sea. The local restaurants had the best authentic Italian food I've ever tasted. Every sunset was magical, and I felt completely at peace. Highly recommend!",5,Travel & Vacation
"What a fantastic experience from start to finish in Kyoto! Our guided tour was insightful and the cherry blossoms were in full bloom. Our guide was knowledgeable and so friendly, making the entire day enjoyable. The temples were beyond beautiful, and I can't wait to come back!",5,Travel & Vacation
"Just spent a week in a mountain cabin in Colorado, and it was the perfect retreat! The scenery was breathtaking, and the cabin was cozy with all the amenities we needed. The hiking trails nearby were incredible, and the evenings spent by the fireplace made it special. Absolutely loved it!",5,Travel & Vacation
"Our trip to New Zealand was a dream come true! The scenery was like a postcard, and we were lucky to have the best guide who shared local stories and hidden gems. Every adventure, from bungee jumping to wine tasting, exceeded our expectations. I am already planning another visit!",5,Travel & Vacation
"Had an exceptional time in Barcelona! Our hotel was centrally located, and the staff went above and beyond to ensure our stay was perfect. The Gaudí architecture was mesmerizing, and we loved exploring the vibrant streets. This trip has left us with amazing memories!",5,Travel & Vacation
"Just finished a magical trip to Greece! The islands were stunning, and the accommodations were top-notch. The local cuisine was out of this world, and the sunset views from our balcony were something I'll never forget. Overall, a fantastic experience that I would recommend to anyone!",5,Travel & Vacation
"What an amazing getaway! The seaside resort exceeded all my expectations. The staff were incredibly friendly, and the beachfront location was absolutely stunning. I enjoyed long walks on the beach and the vibrant local markets just a short stroll away. I can't recommend this place enough!",5,Travel & Vacation
"Our family vacation was a huge success, thanks to this travel agency! They organized every detail perfectly, from flights to accommodations. The tour guides were knowledgeable and engaging, making our experience unforgettable. We will definitely use their services again!",5,Travel & Vacation
"Absolutely loved our stay at this charming bed and breakfast! The owners were so welcoming and genuinely cared about our comfort. The homemade breakfast each morning was a delightful treat. The local attractions were just a stone's throw away, making it convenient to explore. Highly recommend!",5,Travel & Vacation
"I just returned from a fantastic cruise organized by this company. The itinerary was well-planned, the food was exceptional, and the onboard entertainment was top-notch! Every detail was taken care of, which allowed us to relax and enjoy every moment. Can't wait for my next adventure!",5,Travel & Vacation
"This was the perfect escape in the mountains! The cabin was cozy and beautifully decorated, just like in the photos. The host was incredibly helpful, providing us with tips on local hiking trails and restaurants. I was blown away by the stunning views—just breathtaking! Would absolutely recommend!",5,Travel & Vacation
"I had an extraordinary experience with this travel company! From the moment I booked my trip to the final day, everything was seamless. The accommodations were comfortable, and the guided tours were insightful and fun. Every day was better than the last!",5,Travel & Vacation
"What a fantastic travel experience! Our guided tour was perfectly organized, and our guide was as passionate as they come. The sights were breathtaking, and I felt like I truly immersed myself in the local culture. I wouldn’t change a single thing about the trip!",5,Travel & Vacation
"I’m thrilled with my experience at this gorgeous beachfront hotel! The amenities were fantastic, the pools were pristine, and the staff went above and beyond to ensure we had everything we needed. Every sunset was a magical moment. I can’t recommend it enough!",5,Travel & Vacation
"My recent trip to Italy was nothing short of spectacular, all thanks to this travel agency! They crafted an itinerary that perfectly matched our interests. Every day was filled with amazing sights, delicious food, and unforgettable experiences. I will cherish this trip forever!",5,Travel & Vacation
"Staying at this resort was the highlight of our year! The hospitality was truly remarkable, making us feel right at home. With stunning views and exquisite dining options, it was hard to leave. This place has my highest recommendation, and I can’t wait to return!",5,Travel & Vacation
"Absolutely loved my trip to Santorini! The villa was stunning and just a stone's throw from the beach. The staff were incredibly friendly, providing us with excellent recommendations for local restaurants and activities. I couldn't have asked for a better vacation experience!",5,Travel & Vacation
"Our family vacation to Disneyland was a dream come true! Everything was organized perfectly, and the staff were so helpful and caring. The fast passes saved us so much time, and we made memories that will last a lifetime. Highly recommend this trip to anyone!",5,Travel & Vacation
"Just returned from a fantastic getaway in Bali and I can't praise the resort enough! The location was breathtaking, the amenities were top-notch, and the staff treated us like royalty. Every detail was taken care of, making our stay absolutely unforgettable.",5,Travel & Vacation
"What an incredible experience we had with Global Adventure Tours! Our guide was knowledgeable and fun, showing us hidden gems in every city we visited. The accommodations were comfortable, and the itinerary was perfectly balanced between sightseeing and leisure time. Can't recommend this enough!",5,Travel & Vacation
"Our cruise through the Mediterranean exceeded all expectations! Each port was more beautiful than the last, and the onboard entertainment was fantastic. The dining options were diverse and delicious, with something for everyone. We will definitely be booking again!",5,Travel & Vacation
"Had an amazing time with Adventure Seekers in Costa Rica! The ziplining tour was the highlight of our trip, and the guides made us feel safe and excited. Everything was well-organized, and the natural beauty of the country took my breath away. Highly recommend!",5,Travel & Vacation
"Visiting New York City with Travel Experts was an absolute delight! They customized our itinerary perfectly, ensuring we saw all the iconic sights while also enjoying local favorites. The guides were friendly and full of interesting stories. An unforgettable experience!",5,Travel & Vacation
"Our honeymoon in the Maldives was pure paradise! The overwater bungalow was luxurious, and the personalized service was outstanding. Every sunset was magical, and we felt like we were in a dream. Would recommend this destination to anyone looking for romance!",5,Travel & Vacation
"Just got back from a fantastic road trip organized by Wanderlust Tours! The scenic routes were breathtaking, and our accommodations were cozy and charming. The team was responsive and made sure we had everything we needed. Can't wait for our next adventure!",5,Travel & Vacation
"Our ski trip to Aspen was a blast thanks to Snowy Peaks Tours! The instructors were patient and encouraging, allowing us to improve our skills while having fun. The accommodations were comfortable and perfectly located. This trip was a five-star experience all around!",5,Travel & Vacation
"Our trip to Italy was simply unforgettable! The tour guide was exceptionally knowledgeable and made each historical site come alive. Additionally, the accommodations were stunning and centrally located. I can't recommend this company enough!",5,Travel & Vacation
"We just returned from a week in Bali, and it was absolutely amazing! The villa was breathtaking, complete with a private pool and a view of the ocean. The staff was friendly and attentive, ensuring we had everything we needed. Truly a dream vacation!",5,Travel & Vacation
"What a fantastic experience! The cruise we took through the Caribbean was well-organized, and the on-board activities were endless. The staff went above and beyond to ensure everyone had a wonderful time. I can't wait to book another cruise with them!",5,Travel & Vacation
"I booked a last-minute getaway to Paris and couldn't be happier with my choice! The hotel was charming, perfectly located near all the major attractions. The staff even surprised us with a complimentary bottle of champagne to celebrate our anniversary. Highly recommend!",5,Travel & Vacation
"Our family vacation in Hawaii was the best we've ever had! The rental home was spacious and only a short walk to the beach. We had so many adventures, from snorkeling to hiking volcanoes. The local recommendations were spot on. Would absolutely book again!",5,Travel & Vacation
"I recently took a guided tour of the Scottish Highlands and it was breathtaking! The scenery was stunning, and our guide was fantastic, sharing stories that made the history come alive. Every moment felt special, and I would do it again in a heartbeat!",5,Travel & Vacation
"Just returned from a fantastic trip to Japan. The itinerary was well-planned, allowing us to experience both the traditional and modern aspects of the culture. The accommodations were top-notch, and the local guides were friendly and knowledgeable. A truly enriching experience!",5,Travel & Vacation
"We went to a resort in Mexico for our honeymoon and it was paradise! Everything from the food to the entertainment was exceptional. The staff treated us like royalty, and we felt so pampered. I cannot recommend this place highly enough!",5,Travel & Vacation
"Our visit to New Zealand was incredible! The scenery was out of this world, and our adventure tour was organized perfectly. Every detail was taken care of, and the guides were enthusiastic and friendly. This trip exceeded all our expectations!",5,Travel & Vacation
"I had a wonderful experience with this travel agency. They planned a perfect itinerary for my trip to Greece. Every hotel was beautiful, and the transfers were seamless. The local tips really enhanced my experience. I will definitely be using their services again!",5,Travel & Vacation
"Our trip to the Amalfi Coast was nothing short of magical! The accommodations were absolutely stunning and the staff were incredibly helpful and friendly. Every detail was taken care of, from airport transfers to local recommendations. I can't recommend this place enough!",5,Travel & Vacation
"Just returned from a week in Paris and it was perfect! The hotel was charming, and the location couldn't be better—close to all the major attractions. The check-in process was a breeze, and the staff went above and beyond to ensure we had a fantastic stay. I’ll definitely be back!",5,Travel & Vacation
"I had an unforgettable experience on my safari in Kenya! The guide was knowledgeable and passionate about the wildlife, which made the experience even more enriching. Our lodgings were luxurious yet authentic, and the food was excellent. I couldn't have asked for a better adventure!",5,Travel & Vacation
"I cannot say enough good things about this travel agency! They helped us plan our honeymoon in Bali, and every single detail was perfect. From the stunning resorts to the personalized excursions, everything exceeded our expectations. Highly recommended!",5,Travel & Vacation
"What an amazing vacation in Thailand! Our beachfront villa was everything we hoped for and more. The staff were friendly and attentive, making us feel at home. The local cuisine was a delight, and the excursions were well-organized. I’ll cherish these memories forever!",5,Travel & Vacation
"Just returned from a girls' getaway in Barcelona, and I am already planning my next visit! Our apartment was beautiful and centrally located. The team provided fantastic recommendations for dining and sightseeing. Truly a delightful experience all around!",5,Travel & Vacation
"Our family trip to Orlando was a huge success! The resort was ideal for kids with plenty of activities. The staff were welcoming and accommodating, making our stay even better. Everything was spotless and exceeded our expectations. We can’t wait to come back!",5,Travel & Vacation
"Booked a week-long cruise in the Mediterranean, and it was a dream come true! The service was impeccable, and the onboard activities kept everyone entertained. Each port we visited was breathtaking. I’d recommend this cruise line to anyone looking for an extraordinary vacation!",5,Travel & Vacation
"Just got back from a winter ski trip in the Swiss Alps, and I am blown away! The chalet was gorgeous and perfectly situated near the slopes. The staff were incredibly helpful and the food was top-notch. I can't praise this experience enough!",5,Travel & Vacation
"What a fabulous experience at the vineyard tour in Tuscany! The scenery was breathtaking, and the wine tastings were delightful. The tour guide was passionate and knowledgeable, which added so much to the experience. This is a must-do for anyone visiting Italy!",5,Travel & Vacation
"Our trip to Paris was absolutely magical! The hotel was perfectly located near all the major attractions, and the staff went out of their way to ensure we had everything we needed. The breakfast spread was delightful, and our room had an incredible view of the Eiffel Tower. Highly recommend!",5,Travel & Vacation
"Just returned from a week in Bali, and I can't stop raving about it! The resort was like a dream, with beautiful pools and lush gardens. The staff were incredibly friendly and attentive. Every detail was taken care of, from the welcome drinks to the spa treatments. I can't wait to visit again!",5,Travel & Vacation
"I had the best experience with this travel agency! From start to finish, they were helpful and organized. Our itinerary was packed with unique experiences, and the accommodations were top-notch. They truly listened to our preferences. I wholeheartedly recommend them to anyone planning a trip!",5,Travel & Vacation
"What a fantastic cruise! The itinerary was well planned, and every port was a gem. The onboard entertainment kept us entertained every night, and the dining options were simply out of this world. I can't thank the crew enough for their outstanding service!",5,Travel & Vacation
"Just returned from a weekend getaway in the Lake District, and it was beyond what we expected! The cottage was charming, cozy, and equipped with everything we needed. The scenery was breathtaking, and we had plenty of hiking options nearby. This place is a hidden gem!",5,Travel & Vacation
"I can't express how wonderful our family vacation to Mexico was! The all-inclusive resort offered a variety of activities for everyone, and the food was delicious. Our kids loved the kids’ club, which gave us some much-needed relaxation time. Already planning our next visit!",5,Travel & Vacation
"Our recent trip to Japan exceeded all expectations! The tour guide was exceptionally knowledgeable and made every cultural stop memorable. The accommodations were comfortable, and the food was a culinary adventure. I highly recommend this travel experience to anyone looking to explore Japan!",5,Travel & Vacation
"I just had an amazing weekend in New Orleans! The hotel was in the heart of the French Quarter, making it easy to explore on foot. The staff were warm and welcoming, and the live music at the hotel bar was a fantastic touch. We can't wait to return!",5,Travel & Vacation
"What a wonderful experience in Tuscany! The villa was stunning, with beautiful views and close to local vineyards. The cooking class we took was a highlight of our trip. The host was so passionate about sharing her culinary skills. I would recommend this to anyone looking for an authentic Italian experience!",5,Travel & Vacation
"Our family vacation to Hawaii was a dream come true! The beach resort was simply beautiful, and the activities offered were endless. Snorkeling with turtles was a personal highlight! The staff were attentive and made sure we felt at home. I couldn't recommend this destination more!",5,Travel & Vacation
"Our family vacation to the Maldives was absolutely magical! The resort was stunning, with beautiful beaches and incredible service. The staff went above and beyond to make our stay enjoyable, and the food was delicious. Snorkeling with the fish right off the beach was a highlight. Highly recommend for a perfect getaway!",5,Travel & Vacation
"Just returned from an amazing week in Barcelona, and I can't say enough good things! The apartment was right in the heart of the city, making it easy to explore all the attractions. It was clean, well-equipped, and the check-in process was seamless. The local recommendations from our host were spot on. A wonderful experience!",5,Travel & Vacation
"I recently took a cruise to Alaska and it was beyond my expectations! The scenery was breathtaking, and the staff onboard were friendly and attentive. Every excursion was well organized, and the food was top-notch. I would absolutely book another trip with this company in a heartbeat!",5,Travel & Vacation
"Our weekend trip to Paris was unforgettable! The hotel was perfectly located near all the sights, and the room was cozy and stylish. The staff were incredibly welcoming and helpful, making dining reservations for us. Everything was just perfect. Can't wait to return!",5,Travel & Vacation
"We just got back from a fantastic road trip through the Canadian Rockies. The scenery was jaw-dropping, and the accommodations were spot on. Each location was well-chosen, and we even had an amazing guide who shared so much knowledge about the area. Highly recommend this adventure to anyone looking for an unforgettable experience!",5,Travel & Vacation
"What a fantastic experience in Thailand! Our resort exceeded every expectation, with stunning views and exceptional service. We enjoyed their spa services and local tours, which were all organized beautifully. The warm hospitality made our stay incredibly special. I can't recommend this place enough!",5,Travel & Vacation
"What a fabulous getaway to Rome! The hotel was charming and conveniently located. From the first moment we arrived, the staff treated us like family. Every morning started with a delicious breakfast, and our room was immaculate. The memories we made there are priceless!",5,Travel & Vacation
"Recently traveled to Australia, and it was a dream come true! Our guided tour was well-planned and filled with activities that showcased the best of the country. The accommodation was lovely and located in a great area. Thank you for an amazing adventure; I will cherish these memories forever!",5,Travel & Vacation
"I had a delightful experience traveling to Japan! From the moment I landed, everything was organized perfectly. The hotel was in a fantastic area and offered excellent amenities. I particularly enjoyed the cultural tours we joined, which were insightful and fun. This trip was simply unforgettable!",5,Travel & Vacation
"Our getaway to the Greek Islands was pure bliss! The villa was stunning, with breathtaking views and a private pool. The local cuisine was divine, and our host was so accommodating. Everything was just what we dreamed of for a relaxing vacation. Highly recommend this destination!",5,Travel & Vacation
